symbol,candidate_id,family,stop_atr_multiple,parameter_stability,robust,validation_sharpe,validation_return_pct,walk_forward_median_sharpe,oos_sharpe,oos_return_pct,oos_max_drawdown_pct,stress_median_sharpe,stress_profitable_pct,trades,dynamic_leverage_sharpe,dynamic_leverage_return_pct,dynamic_leverage_max_drawdown_pct,dynamic_leverage_no_trade_or_below_1x_pct
BTC/USDT,donchian_40_15,donchian_trend,3.0,0.0,False,0.045503484084475784,-5.13906125786222,-0.2809037438303765,-0.7708199707061127,-45.865951809578206,-59.81591648837649,-0.014942120832481295,41.0,251,,,,
BTC/USDT,donchian_40_20,donchian_trend,3.0,0.0,False,-0.2004013855396299,-15.806268862212447,-0.35005952647244154,-0.7543515984738783,-46.54053317207417,-64.16338403518071,-0.10512018629823605,31.5,225,,,,
BTC/USDT,donchian_55_15,donchian_trend,3.0,0.0,False,-0.3443575164028538,-19.732412166196546,-0.4727950232551902,-0.8840100973083035,-48.547463908525565,-59.38056669836376,-0.19605573527867612,20.0,232,,,,
BTC/USDT,donchian_55_20,donchian_trend,3.0,0.0,False,-0.49458576450601677,-25.90971809161714,-0.6571769137320813,-0.747684858233847,-45.43920422116406,-62.15237239596881,-0.28810435691220004,22.5,207,,,,
BTC/USDT,donchian_80_15,donchian_trend,3.0,0.0,False,-0.16233563617228075,-12.526962373905459,-0.186925808286442,-0.7644707236794993,-42.410456576713095,-56.6052100900272,0.10211049509435866,41.5,199,,,,
BTC/USDT,donchian_80_20,donchian_trend,3.0,0.0,False,-0.4464375825562761,-23.5426378844547,-0.24889683695720155,-0.4760169890312777,-33.06959378541707,-56.55970465360545,0.11191454329580652,40.0,178,,,,
BTC/USDT,ema_12_50_6_0.002,ema_momentum,2.5,0.0,False,-3.8173344473791055,-86.19627164301968,-3.1984450925426384,-3.0760770152499877,-89.62526044209828,-91.13183917770627,-3.207379341980289,0.0,1571,,,,
BTC/USDT,ema_12_50_6_0.004,ema_momentum,2.5,0.0,False,-2.923705438202161,-77.42515253251761,-2.572835090284296,-2.7947013346193548,-86.28150748356055,-88.23168973355727,-2.6041221915572956,0.0,1285,,,,
BTC/USDT,ema_12_50_12_0.002,ema_momentum,2.5,0.0,False,-1.9211784181517475,-66.11591830076782,-1.6385542800817736,-1.5470278132818507,-71.5234463631782,-78.90376095801297,-1.6551178041887962,0.0,1143,,,,
BTC/USDT,ema_12_50_12_0.004,ema_momentum,2.5,0.0,False,-1.1506619492879784,-48.86751249159348,-1.2361640149528315,-1.412570941036174,-67.74598947632408,-77.57416013958728,-1.0144079805780124,3.5000000000000004,972,,,,
BTC/USDT,ema_12_100_6_0.002,ema_momentum,2.5,0.0,False,-3.31224371233852,-81.82825441217052,-2.9236411774499507,-2.9692983496501717,-88.44075006179763,-90.10971676768149,-2.824103265294966,0.0,1527,,,,
BTC/USDT,ema_12_100_6_0.004,ema_momentum,2.5,0.0,False,-2.527325449167852,-72.12309764667839,-2.5674225181539745,-2.8119614972911515,-86.03419038805036,-87.93883965158759,-2.380519009715258,0.0,1238,,,,
BTC/USDT,ema_12_100_12_0.002,ema_momentum,2.5,0.0,False,-1.5238558305425418,-57.42192880952219,-1.637131628479156,-1.8469709895510729,-76.07451895255565,-81.0170645401863,-1.4441377455302775,10.5,1092,,,,
BTC/USDT,ema_12_100_12_0.004,ema_momentum,2.5,0.0,False,-0.7924795456423313,-37.95862201252341,-1.259528998269836,-1.4891935948076502,-68.29856239099864,-76.67259993127638,-0.8489524063296818,15.5,910,,,,
BTC/USDT,ema_20_50_6_0.002,ema_momentum,2.5,0.0,False,-3.6632571971809504,-84.7541125733569,-3.140449046106254,-2.8723060333118062,-87.70737362099426,-89.4990309419619,-3.0823031897727526,0.0,1536,,,,
BTC/USDT,ema_20_50_6_0.004,ema_momentum,2.5,0.0,False,-2.7595623998434267,-75.17239643547497,-2.4367476277507425,-2.560383954427527,-83.5110626874318,-85.83808862079029,-2.4309801571256546,0.0,1239,,,,
BTC/USDT,ema_20_50_12_0.002,ema_momentum,2.5,0.0,False,-1.9570383167192886,-65.68253519033418,-1.5398665254018196,-1.6611223654632503,-72.77966213142646,-77.20857575303494,-1.6773619305480891,5.5,1102,,,,
BTC/USDT,ema_20_50_12_0.004,ema_momentum,2.5,0.0,False,-1.1680292263130487,-48.316956816580905,-1.1693708450388725,-1.4347668498237094,-67.1664456648591,-74.8169311496032,-1.0408252115863537,10.0,927,,,,
BTC/USDT,ema_20_100_6_0.002,ema_momentum,2.5,0.0,False,-3.3984244818481115,-82.36134467633276,-2.998962661441323,-3.0640692847193223,-88.79547769072084,-89.99477322470352,-2.900427458806985,0.0,1492,,,,
BTC/USDT,ema_20_100_6_0.004,ema_momentum,2.5,0.0,False,-2.5750881424790597,-72.41200151065318,-2.5924060053343982,-2.8435641752226988,-85.78109468872597,-87.18626630516827,-2.4253601890481984,0.0,1204,,,,
BTC/USDT,ema_20_100_12_0.002,ema_momentum,2.5,0.0,False,-1.2788006006048527,-51.40147092993153,-1.6215587085598067,-1.990363853435975,-77.34974240396122,-80.75076653096657,-1.3540112675021447,8.5,1070,,,,
BTC/USDT,ema_20_100_12_0.004,ema_momentum,2.5,0.0,False,-0.5821624204736967,-30.72066869911403,-1.207326242816519,-1.601578422885374,-69.41977449529556,-75.97866621359448,-0.769269824351013,13.0,881,,,,
BTC/USDT,breakout_atr_20_0.5,breakout_atr,2.5,0.0,False,0.6471705143449107,21.15351053726291,-0.3250333851010458,-0.9374801599717949,-42.72886794790575,-53.43381462276151,-0.40873881463218,33.0,284,,,,
BTC/USDT,breakout_atr_20_1.0,breakout_atr,2.5,0.2,False,-0.405120759337861,-13.655062511473936,0.07393193713735463,0.005290243240443695,-4.314914086360577,-22.881623063621227,-0.10561604469078233,35.5,166,,,,
BTC/USDT,breakout_atr_40_0.5,breakout_atr,2.5,0.2,False,0.12086700291361718,-0.16491003640669577,-0.13191507462283059,-1.0142607318514367,-42.48264371696572,-53.71623387514289,-0.17367227651998912,40.0,238,,,,
BTC/USDT,breakout_atr_40_1.0,breakout_atr,2.5,0.2,False,-0.2982730179518399,-10.024399919905125,0.45438456113263276,0.08722758572092151,-0.5363717799223067,-19.79989524126634,0.18664077572506282,54.0,138,,,,
BTC/USDT,breakout_atr_60_0.5,breakout_atr,2.5,0.2,False,0.06520015486111268,-1.8433733714005696,0.10585871473823427,-0.7617916722677249,-33.66568871642088,-46.64687611332933,-0.07675203595280958,42.0,207,,,,
BTC/USDT,breakout_atr_60_1.0,breakout_atr,2.5,0.2,False,-0.27645469562315345,-8.921279463762833,0.38896999280309236,0.007617862359926367,-3.4542591564745595,-22.888925235312453,0.25776232582796094,61.0,125,,,,
BTC/USDT,vol_breakout_20_1.0,volatility_breakout,2.5,0.8,False,0.3440807039468342,8.060176373641914,-0.7512545702331767,-1.4932516929020108,-57.895482564155486,-64.30984890131799,-0.45408251424344737,34.5,323,,,,
BTC/USDT,vol_breakout_20_1.5,volatility_breakout,2.5,1.0,False,0.009186521716465784,-1.8730446575820792,0.0066744553738316975,0.08503481366621156,-0.05179797907621797,-25.091026998301245,-0.2621881400187169,40.0,92,,,,
BTC/USDT,vol_breakout_40_1.0,volatility_breakout,2.5,0.8,False,0.37173918947501355,8.91578880142967,-0.20947187749721952,-0.8108844004325072,-37.6936891502553,-46.85758163856561,0.01286408039521121,47.0,260,,,,
BTC/USDT,vol_breakout_40_1.5,volatility_breakout,2.5,0.8,False,0.47296879024551003,10.190987149957941,-0.12944528068912367,-0.5123796011393476,-18.787351605474576,-38.453570719835675,0.11023765090866466,50.0,100,,,,
BTC/USDT,vol_breakout_60_1.0,volatility_breakout,2.5,0.8,False,0.22352529466324508,3.455119583852806,-0.2680481983903168,-0.728060715818525,-34.20233718562273,-48.890436825024295,-0.08974095399230501,42.5,232,,,,
BTC/USDT,vol_breakout_60_1.5,volatility_breakout,2.5,0.8,False,0.40662469296686515,8.633353439085422,-0.14797012751265304,-0.6483507015274028,-23.738951682446064,-41.51875506596039,0.058285587045540856,46.5,105,,,,
BTC/USDT,mean_reversion_24_1.5_0.02,mean_reversion,2.0,0.4,False,-1.1844492859043467,-25.737528159282597,-0.8932125226641406,-1.5522487596733991,-45.541013220029114,-48.47435339898119,-0.6801247157986432,7.5,441,,,,
BTC/USDT,mean_reversion_24_1.5_0.04,mean_reversion,2.0,0.4,False,-1.2430361800381113,-27.268531660680996,-0.8448768519545822,-1.5522487596733991,-45.541013220029114,-48.47435339898119,-0.5305727073265818,1.0,441,,,,
BTC/USDT,mean_reversion_24_2.0_0.02,mean_reversion,2.0,0.4,False,-1.155238948018506,-23.484982995274816,-1.1604485546649597,-1.6093957152570686,-44.39117594655747,-45.09746095728981,-0.8488648714384057,5.5,335,,,,
BTC/USDT,mean_reversion_24_2.0_0.04,mean_reversion,2.0,0.4,False,-1.323693480961193,-26.634174853972148,-0.9198086696976671,-1.6093957152570686,-44.39117594655747,-45.09746095728981,-0.8399910183231568,6.0,335,,,,
BTC/USDT,mean_reversion_48_1.5_0.02,mean_reversion,2.0,0.4,False,0.7043505734220266,13.623818216359119,-0.4115408418114394,-0.34398769495578746,-12.18535846986497,-25.6749524301509,0.3448024891115869,55.50000000000001,221,,,,
BTC/USDT,mean_reversion_48_1.5_0.04,mean_reversion,2.0,0.4,False,1.0561716198707447,22.732585902309243,-0.28563072628672354,-0.08357157675904325,-4.952290152707761,-25.674952430151134,0.5246310716834793,60.0,223,,,,
BTC/USDT,mean_reversion_48_2.0_0.02,mean_reversion,2.0,0.4,False,0.48253244985155946,7.727645664234584,0.19761652694395704,0.36043568233785095,8.457879269632528,-14.242302857788092,0.4740894535488787,64.5,166,,,,
BTC/USDT,mean_reversion_48_2.0_0.04,mean_reversion,2.0,0.4,False,0.8843103026686538,16.363740746353383,0.19761652694395704,0.36043568233785095,8.457879269632528,-14.242302857788092,0.6147536239741223,65.5,166,,,,
BTC/USDT,momentum_filter_6_24_6,momentum_trend_filter,2.5,0.0,False,-4.166523997276749,-89.86805241770894,-3.605805991603991,-3.3780324514514075,-93.02977916261996,-93.72450989804616,-3.4259001546871715,0.0,1894,,,,
BTC/USDT,momentum_filter_6_24_12,momentum_trend_filter,2.5,0.0,False,-2.808574110078016,-79.01943039099075,-2.4004957957666315,-2.523518669923426,-87.48643759785155,-88.83517637526627,-2.254824998801458,0.0,1366,,,,
BTC/USDT,momentum_filter_6_48_6,momentum_trend_filter,2.5,0.0,False,-4.40089191591752,-90.57765013364052,-3.3628812701899617,-3.019903984713252,-90.39989950612481,-91.61771141998712,-3.312078168508286,0.0,1787,,,,
BTC/USDT,momentum_filter_6_48_12,momentum_trend_filter,2.5,0.0,False,-2.887464164643853,-79.77104253803049,-1.976313325564426,-1.7496275637981333,-76.62841133136085,-83.254660836242,-2.037090436480462,0.0,1293,,,,
BTC/USDT,momentum_filter_12_24_6,momentum_trend_filter,2.5,0.0,False,-4.306209907337736,-90.14104223475485,-3.523613452199233,-3.275675525166015,-91.92176482780826,-92.83467882354893,-3.4603301437472673,0.0,1819,,,,
BTC/USDT,momentum_filter_12_24_12,momentum_trend_filter,2.5,0.0,False,-2.678894621764454,-77.90601080110378,-2.242947090284922,-2.1606436104612707,-82.95029714911757,-85.95428690968849,-2.1559227426613248,0.0,1333,,,,
BTC/USDT,momentum_filter_12_48_6,momentum_trend_filter,2.5,0.0,False,-4.170767381604553,-88.80615198527947,-3.4064481826324107,-3.3214222947362555,-91.7134704369147,-92.89489438637919,-3.303699157791481,0.0,1767,,,,
BTC/USDT,momentum_filter_12_48_12,momentum_trend_filter,2.5,0.0,False,-2.304613039798796,-72.56037881946986,-1.8545599781374278,-1.8361770123352081,-77.45721194475476,-83.29581955513365,-1.8640996425625143,0.0,1275,,,,
BTC/USDT,combo_40_6_0.001,trend_momentum_combo,3.0,1.0,False,0.1566729450897142,1.2446919663565925,-1.211076788643189,-1.8479864423620678,-58.49477157015131,-63.852210512910425,-1.0425709219763863,22.0,431,,,,
BTC/USDT,combo_40_6_0.002,trend_momentum_combo,3.0,1.0,False,0.1861553012007693,2.2222965235177528,-1.2003709172050947,-1.82915570271495,-58.12461170498708,-63.76731839214469,-1.0443913266662612,23.0,428,,,,
BTC/USDT,combo_40_12_0.001,trend_momentum_combo,3.0,1.0,False,0.5749450343851757,17.596006365796747,-0.61899837651783,-1.1832219979569156,-49.111250042087796,-58.49997174673279,-0.443341825172873,35.0,372,,,,
BTC/USDT,combo_40_12_0.002,trend_momentum_combo,3.0,1.0,False,0.5994249796247245,18.651437634008406,-0.6038451859109736,-1.159474249291627,-48.46911464981418,-58.24995882383555,-0.43558945967835455,35.0,369,,,,
BTC/USDT,combo_55_6_0.001,trend_momentum_combo,3.0,1.0,False,0.12144859022780462,0.18114223777838667,-1.2033289142874293,-1.7999429298889777,-56.162373531150344,-61.920784747392254,-1.0901447185577764,21.0,394,,,,
BTC/USDT,combo_55_6_0.002,trend_momentum_combo,3.0,1.0,False,0.16077609185990718,1.4407786892935759,-1.2017457452652303,-1.797874838122943,-56.112200898032484,-61.877202677600195,-1.0901447185577764,22.0,393,,,,
BTC/USDT,combo_55_12_0.001,trend_momentum_combo,3.0,1.0,False,0.5185435131633627,14.911324960399952,-0.6237628125773154,-1.1288045718505184,-46.40324720769043,-56.61902316051349,-0.8191870199384976,30.0,336,,,,
BTC/USDT,combo_55_12_0.002,trend_momentum_combo,3.0,1.0,False,0.5534878202293638,16.35617266705165,-0.6221758850670154,-1.1268068756035277,-46.34190514994749,-56.569373167788314,-0.8191870199384976,30.0,335,,,,
ETH/USDT,donchian_40_15,donchian_trend,3.0,0.0,False,-0.6562986156470911,-35.49309451672447,0.023704541116975054,0.03673026380586437,-16.66436798666304,-43.11733123129433,-0.10421894673786275,28.499999999999996,237,,,,
ETH/USDT,donchian_40_20,donchian_trend,3.0,0.0,False,-0.5625369575330601,-32.67541345010905,0.1628825780781759,0.08727095045239612,-14.349273601875833,-43.18575870372301,-0.02288835761945523,27.0,219,,,,
ETH/USDT,donchian_55_15,donchian_trend,3.0,0.0,False,-0.34387496253528416,-23.57137562108077,0.21458805325951277,0.14267507144275746,-7.172604413309336,-42.2843959637264,0.08723671050453734,31.5,220,,,,
ETH/USDT,donchian_55_20,donchian_trend,3.0,0.0,False,-0.07670766208990727,-13.20765421958373,0.4276505857301205,0.21646174831929027,-1.8871008808035272,-46.034679925911284,0.2286138498563477,50.5,203,,,,
ETH/USDT,donchian_80_15,donchian_trend,3.0,0.0,False,-0.1459016193912859,-14.742801432783503,0.008318100123289408,0.16885701023232824,-3.925157011914715,-43.37081229777768,0.1522266553544544,36.0,195,,,,
ETH/USDT,donchian_80_20,donchian_trend,3.0,0.0,False,0.15461808097299762,-1.5512909602935832,0.345956211039208,0.32102478785159455,9.186437064453369,-47.03812861104776,0.23103136248495093,44.0,181,,,,
ETH/USDT,ema_12_50_6_0.002,ema_momentum,2.5,0.0,False,-2.2917461747996977,-76.78878102751159,-2.017895079661241,-2.525592152965529,-94.70462111081753,-95.69805035887259,-1.5250747507569722,0.0,1703,,,,
ETH/USDT,ema_12_50_6_0.004,ema_momentum,2.5,0.0,False,-1.7980802023965117,-67.99318641754155,-1.7563117184224364,-2.532633103818621,-94.43614948605523,-95.24304517962359,-1.3473601213087352,0.0,1473,,,,
ETH/USDT,ema_12_50_12_0.002,ema_momentum,2.5,0.0,False,-1.4061319472901923,-62.77996356825981,-1.0209292465554962,-1.0042348436306652,-75.60958260493248,-81.98571450617295,-0.7192789463279599,17.5,1221,,,,
ETH/USDT,ema_12_50_12_0.004,ema_momentum,2.5,0.0,False,-0.9061879914616273,-49.12401180280555,-0.6908864477201988,-0.8812417170996146,-71.31468732589107,-78.52240743603748,-0.5541262180867423,17.5,1094,,,,
ETH/USDT,ema_12_100_6_0.002,ema_momentum,2.5,0.0,False,-1.8832879487269918,-70.03345961260776,-2.1880239109984463,-2.5341158185557537,-94.69094326160598,-95.54656506704217,-1.7301748133001384,0.0,1643,,,,
ETH/USDT,ema_12_100_6_0.004,ema_momentum,2.5,0.0,False,-1.3918785562961393,-58.9343085237799,-1.9073517734597154,-2.4558769223295984,-93.86746176875795,-94.77178154205167,-1.5363008803234386,0.0,1414,,,,
ETH/USDT,ema_12_100_12_0.002,ema_momentum,2.5,0.0,False,-1.0468446017718975,-52.49041276916662,-1.0264215384561588,-1.268256690458384,-80.6996662802287,-84.62764732138083,-0.8809986163234524,17.0,1180,,,,
ETH/USDT,ema_12_100_12_0.004,ema_momentum,2.5,0.0,False,-0.6488388100619662,-39.348523806204625,-0.7050032758511617,-1.2004491943599522,-78.45946410069008,-82.63731664651786,-0.6129918465958526,17.0,1039,,,,
ETH/USDT,ema_20_50_6_0.002,ema_momentum,2.5,0.0,False,-1.7092181172042995,-67.23053156622343,-1.8007638043745744,-2.4825722365136853,-94.38321142328503,-95.45807489325917,-1.4714924928403161,0.0,1667,,,,
ETH/USDT,ema_20_50_6_0.004,ema_momentum,2.5,0.0,False,-1.232417826047805,-55.59568879381989,-1.51600415980641,-2.3309877086542747,-93.02659611046423,-94.34766343223797,-1.230592677553672,0.0,1429,,,,
ETH/USDT,ema_20_50_12_0.002,ema_momentum,2.5,0.0,False,-0.7593529213917206,-44.37886377231541,-0.7771592318346403,-1.2957136484710061,-81.63702647187695,-86.17261003090618,-0.7069253626666373,19.5,1189,,,,
ETH/USDT,ema_20_50_12_0.004,ema_momentum,2.5,0.0,False,-0.3366570781340998,-27.824126730539632,-0.5657267443925955,-1.1765790297475358,-78.39360969526841,-83.59305764685604,-0.4176268120562154,23.5,1056,,,,
ETH/USDT,ema_20_100_6_0.002,ema_momentum,2.5,0.0,False,-1.9330692848344813,-70.58005957584912,-2.126826877673498,-2.5204263318768625,-94.34651777770088,-95.19149741663459,-1.8370879490693859,0.0,1608,,,,
ETH/USDT,ema_20_100_6_0.004,ema_momentum,2.5,0.0,False,-1.397558771093695,-58.7046870768257,-1.7287740388286856,-2.3533539851262586,-92.86557182235691,-93.91572665117363,-1.5334618308256234,0.0,1376,,,,
ETH/USDT,ema_20_100_12_0.002,ema_momentum,2.5,0.0,False,-1.2037536770410895,-56.043635554291725,-1.158022794080144,-1.299807714266003,-80.91015993302541,-84.41432556352673,-0.9037188398177507,15.5,1161,,,,
ETH/USDT,ema_20_100_12_0.004,ema_momentum,2.5,0.0,False,-0.8547753505031148,-45.50435254705574,-0.8368454892459256,-1.2175139165339217,-78.29236700521915,-82.24165046029337,-0.720223517969199,16.0,1016,,,,
ETH/USDT,breakout_atr_20_0.5,breakout_atr,2.5,1.0,True,0.6128209863901191,22.49193014940698,0.5277603698751102,1.0053142128070336,92.89362765704583,-30.886909276480935,0.5192162146589214,65.0,238,-0.7480893472436886,-1.2091017037111795,-1.2091017037111795,99.9649801554214
ETH/USDT,breakout_atr_20_1.0,breakout_atr,2.5,1.0,True,0.6125679549515249,20.37457526803179,0.6824801903610146,1.1424836166232606,93.51393898608254,-39.20001429201319,0.738624491671147,86.5,154,-0.35466474103385165,-0.36996095557021436,-0.4386405023505069,99.9783210485942
ETH/USDT,breakout_atr_40_0.5,breakout_atr,2.5,1.0,True,0.9319961188431113,39.508761883462554,0.6784825594203493,1.1953574275832746,116.05946281978609,-27.462343353899666,0.6443418270723027,82.5,197,-0.4703978981288323,-0.37943021365071106,-0.4481032328379264,99.99166194176699
ETH/USDT,breakout_atr_40_1.0,breakout_atr,2.5,1.0,True,0.9662040500040868,36.827063646652846,0.9662254089163893,1.2121333751811543,94.39809447568291,-35.69316799743182,0.9790754881367054,98.0,123,-0.23612229727301556,-0.09132776895045547,-0.16019939034156438,99.9949971650602
ETH/USDT,breakout_atr_60_0.5,breakout_atr,2.5,1.0,True,0.8135543678315467,31.606143192839742,0.7789277296638714,1.4878146457717216,164.22917282386956,-29.61442194783872,0.6630434263576106,92.0,176,-0.44863084717908447,-0.36129674072433726,-0.42998226014455687,99.9933295534136
ETH/USDT,breakout_atr_60_1.0,breakout_atr,2.5,1.0,True,0.9492516824253092,35.12306890810963,1.1168389222524737,1.4412326960892625,118.51718292120043,-26.669878227479018,1.1295670608200474,99.5,108,-0.23612229727301556,-0.09132776895045547,-0.16019939034156438,99.9949971650602
ETH/USDT,vol_breakout_20_1.0,volatility_breakout,2.5,0.4,False,0.2914120481086735,5.922195469546265,0.1782969810509309,0.52295675653979,30.557396359383038,-37.36071010419444,0.215751948144712,49.0,279,,,,
ETH/USDT,vol_breakout_20_1.5,volatility_breakout,2.5,0.6,False,0.05244284335337686,-1.987888651226688,0.0928162151135504,0.44516964225553163,17.922975689775654,-34.72870003454087,-0.02142022157699176,43.0,67,,,,
ETH/USDT,vol_breakout_40_1.0,volatility_breakout,2.5,0.4,False,0.7308819384755315,28.136499238504076,0.6036558489943624,0.6233104367425701,40.69071546258145,-36.318665129519324,0.7699448296382536,77.5,236,,,,
ETH/USDT,vol_breakout_40_1.5,volatility_breakout,2.5,0.6,False,0.012640377148952957,-3.2516648295929595,0.4941774995040149,0.7833546549667,43.48516225849621,-17.95821569739392,0.26246930518945877,54.50000000000001,79,,,,
ETH/USDT,vol_breakout_60_1.0,volatility_breakout,2.5,0.4,False,0.9196073324391992,38.26299996236098,0.7922193735765337,1.1178282919202511,105.1015039559291,-29.960712908107123,0.7822944132186478,76.0,205,,,,
ETH/USDT,vol_breakout_60_1.5,volatility_breakout,2.5,0.6,False,0.10112098783511958,-0.7007606724180881,0.30864820209858496,0.6756237914084436,36.188843685553685,-18.80035229330651,0.06853345486189054,47.0,84,,,,
ETH/USDT,mean_reversion_24_1.5_0.02,mean_reversion,2.0,0.4,False,-0.8916301566082979,-23.549400111764218,-0.6645312739407641,-0.7223371816360226,-35.58259132292427,-40.82593907612182,-0.9326120706305608,1.0,447,,,,
ETH/USDT,mean_reversion_24_1.5_0.04,mean_reversion,2.0,0.4,False,-0.7200570416715305,-20.886437410911864,-0.7017616670715987,-0.6419187898929836,-33.40558182849295,-38.82613040481796,-0.7962333044781267,1.5,450,,,,
ETH/USDT,mean_reversion_24_2.0_0.02,mean_reversion,2.0,0.4,False,-0.022288146267876164,-2.6853269836929483,-0.041698414426167056,-0.033204409108344816,-6.487117557312172,-28.737247382836372,-0.3929841102390175,27.0,328,,,,
ETH/USDT,mean_reversion_24_2.0_0.04,mean_reversion,2.0,0.4,False,0.22403697872658784,3.406880934686729,-0.053410634806506145,-0.21837475521981883,-14.68929526202375,-35.52379722010457,-0.34939201154522315,25.5,332,,,,
ETH/USDT,mean_reversion_48_1.5_0.02,mean_reversion,2.0,0.4,False,-0.12166842688499327,-4.323582583130181,-0.019132070688224617,-0.14335403526491924,-10.328123052302452,-25.485996564308667,-0.07160405049771532,46.0,238,,,,
ETH/USDT,mean_reversion_48_1.5_0.04,mean_reversion,2.0,0.4,False,0.2235460684654596,3.255182770605569,0.19341120410030954,0.12139109069643082,0.5750022622381001,-25.48599656430881,0.28261096977619904,55.00000000000001,240,,,,
ETH/USDT,mean_reversion_48_2.0_0.02,mean_reversion,2.0,0.4,False,0.12082304710182734,0.9757336124607274,-0.16861791905994195,-0.3187371297847627,-14.053711527543566,-24.82363069862352,-0.15194138878031743,31.0,158,,,,
ETH/USDT,mean_reversion_48_2.0_0.04,mean_reversion,2.0,0.6,False,0.6654701133976129,13.160190738004363,0.006440987355186084,-0.08766533558779559,-6.598915943009542,-23.095085962167605,0.00579808861821831,42.0,159,,,,
ETH/USDT,momentum_filter_6_24_6,momentum_trend_filter,2.5,0.0,False,-3.1840224374303703,-87.87621025645687,-2.9294331765044195,-3.0023845466038512,-97.43020648614082,-97.87882484716529,-2.379655411824542,0.0,1998,,,,
ETH/USDT,momentum_filter_6_24_12,momentum_trend_filter,2.5,0.0,False,-2.3227399109794473,-80.3379179427429,-1.6787244880268777,-1.6318686321641593,-88.83498542243947,-90.89923143882737,-1.3386071514035183,9.0,1425,,,,
ETH/USDT,momentum_filter_6_48_6,momentum_trend_filter,2.5,0.0,False,-3.0021676058937716,-85.55593478722419,-2.401244894090069,-2.441588938555863,-94.66137341646994,-95.50287742627819,-1.7644144347580053,0.0,1873,,,,
ETH/USDT,momentum_filter_6_48_12,momentum_trend_filter,2.5,0.0,False,-1.8403674573488442,-72.19311216359831,-1.2716501377745404,-1.2929947651781535,-82.8192919986893,-85.77443603925059,-0.919441071949045,16.0,1357,,,,
ETH/USDT,momentum_filter_12_24_6,momentum_trend_filter,2.5,0.0,False,-2.8914546697071173,-84.74794223948663,-2.635698040620399,-2.715213994734491,-96.04635839297954,-96.70602854056412,-2.107270686888527,0.0,1914,,,,
ETH/USDT,momentum_filter_12_24_12,momentum_trend_filter,2.5,0.0,False,-2.0379788087952915,-75.55408631972452,-1.197415610535298,-1.1152794498073406,-79.17846783454688,-82.8927645431198,-0.9542364778548655,16.5,1372,,,,
ETH/USDT,momentum_filter_12_48_6,momentum_trend_filter,2.5,0.0,False,-2.502676865891494,-79.93779694871148,-2.180872854546754,-2.2347319762320126,-93.02632951259187,-94.30833384450762,-1.633549078482344,0.0,1831,,,,
ETH/USDT,momentum_filter_12_48_12,momentum_trend_filter,2.5,0.0,False,-1.4857479273317655,-64.96584617537124,-1.1156452593906205,-1.0724412564200316,-77.6705391858763,-83.0527746607074,-0.7082732532123313,18.0,1310,,,,
ETH/USDT,combo_40_6_0.001,trend_momentum_combo,3.0,0.0,False,-0.2521698515130229,-14.116595233746398,-0.37854698230051886,-0.41679105728812477,-33.40610394298654,-49.729769244273804,-0.1304765080803128,33.5,382,,,,
ETH/USDT,combo_40_6_0.002,trend_momentum_combo,3.0,0.0,False,-0.22790319530999376,-13.30307468408668,-0.36549543510739196,-0.41679105728812477,-33.40610394298654,-49.729769244273804,-0.12626897084795527,33.5,382,,,,
ETH/USDT,combo_40_12_0.001,trend_momentum_combo,3.0,0.2,False,0.060859395958971815,-4.290315825506974,-0.08158118873546849,0.0364572525214915,-11.366967245042492,-40.40902496032943,0.36300392102698764,61.0,330,,,,
ETH/USDT,combo_40_12_0.002,trend_momentum_combo,3.0,0.2,False,0.06155656447959362,-4.2557398658886525,-0.08120897194724287,0.0364572525214915,-11.366967245042492,-40.40902496032943,0.36300392102698764,61.0,330,,,,
ETH/USDT,combo_55_6_0.001,trend_momentum_combo,3.0,0.2,False,0.023096057473768576,-4.1791633152468926,-0.38038770682321554,-0.26760036396041287,-25.268724546333864,-47.99069224514964,-0.15933197619646378,40.5,349,,,,
ETH/USDT,combo_55_6_0.002,trend_momentum_combo,3.0,0.2,False,0.048085120935221666,-3.2715115990536225,-0.3670459034179153,-0.26760036396041287,-25.268724546333864,-47.99069224514964,-0.15933197619646378,40.5,349,,,,
ETH/USDT,combo_55_12_0.001,trend_momentum_combo,3.0,0.2,False,0.3850177625018476,10.333758645399826,-0.016656795394570753,0.16581041952387218,-1.4726869095321282,-42.29388997162778,0.3514634243131483,57.49999999999999,300,,,,
ETH/USDT,combo_55_12_0.002,trend_momentum_combo,3.0,0.2,False,0.40818760246048774,11.433477524706204,-0.004402847160324366,0.16581041952387218,-1.4726869095321282,-42.29388997162778,0.3636079167141786,57.99999999999999,300,,,,
SOL/USDT,donchian_40_15,donchian_trend,3.0,0.4,False,-0.02692477124636558,-26.07001478059172,-0.5926651042017713,-0.43802766009904476,-51.074194353583266,-72.263382092714,-0.3820177518309851,5.0,227,,,,
SOL/USDT,donchian_40_20,donchian_trend,3.0,0.4,False,-0.07852559117932605,-31.86455966056213,-0.5757615783016763,-0.44606804937325745,-54.403563963576175,-74.75650704142997,-0.40899893351708855,7.5,210,,,,
SOL/USDT,donchian_55_15,donchian_trend,3.0,0.4,False,0.25301356731668295,-6.689946033583616,-0.39198442232187924,-0.39007470372834874,-47.96549133958352,-67.7675986737123,-0.2526077081534729,14.000000000000002,211,,,,
SOL/USDT,donchian_55_20,donchian_trend,3.0,0.4,False,0.11389871048890769,-19.074796308918394,-0.32581244741444965,-0.36948556975497127,-49.47442137903778,-70.36601840709827,-0.24039876579277963,10.0,195,,,,
SOL/USDT,donchian_80_15,donchian_trend,3.0,0.2,False,0.5711789696321099,21.710384599239617,0.03169059155015139,-0.17237635097582843,-33.665882344021306,-62.76111680823837,0.10560108730443676,37.5,182,,,,
SOL/USDT,donchian_80_20,donchian_trend,3.0,0.2,False,0.43720520780939814,8.374306654038243,0.05706399519650505,-0.28797944724281754,-42.98391285985389,-67.76833658251913,0.16390864450505999,26.5,168,,,,
SOL/USDT,ema_12_50_6_0.002,ema_momentum,2.5,0.0,False,-1.8691802251457155,-87.43737557851242,-1.8864894154997707,-2.0892721978239255,-92.93794486444446,-94.70387957764471,-1.5660586858949834,0.0,1496,,,,
SOL/USDT,ema_12_50_6_0.004,ema_momentum,2.5,0.0,False,-2.0517253300679545,-89.06009969972443,-1.9151375136966922,-1.9755782590323312,-91.60763814140421,-93.82303164093149,-1.4694006249403406,0.0,1338,,,,
SOL/USDT,ema_12_50_12_0.002,ema_momentum,2.5,0.0,False,-0.48522098872776803,-57.19713974509839,-0.8391018019328685,-1.086548531632466,-80.16942836689668,-86.55750677477738,-0.49628250381429767,2.0,1082,,,,
SOL/USDT,ema_12_50_12_0.004,ema_momentum,2.5,0.0,False,-0.3652072342418494,-51.56614180665691,-0.7909891339450887,-1.096369755307913,-79.78854577282434,-86.80406153287366,-0.37988435033081736,5.0,982,,,,
SOL/USDT,ema_12_100_6_0.002,ema_momentum,2.5,0.0,False,-2.184618241687065,-90.2980291445572,-2.089249159951402,-2.2700882789332266,-93.96310919889535,-95.47532161150207,-1.6607550409859362,0.0,1464,,,,
SOL/USDT,ema_12_100_6_0.004,ema_momentum,2.5,0.0,False,-2.2278739628950044,-90.28550839987658,-2.0135749687447566,-2.197455861482603,-93.11814777845551,-94.9377486835627,-1.4610755083732314,0.0,1296,,,,
SOL/USDT,ema_12_100_12_0.002,ema_momentum,2.5,0.0,False,-0.6444481355104701,-61.65967209807815,-0.739361307164201,-1.283807041559974,-83.47412818336562,-88.6376491433267,-0.23314324463584019,13.5,1043,,,,
SOL/USDT,ema_12_100_12_0.004,ema_momentum,2.5,0.0,False,-0.5030794886036976,-55.91512220256565,-0.6351649662469994,-1.1627795329666393,-80.4832533118095,-87.06670429823676,-0.15135640880068085,16.5,944,,,,
SOL/USDT,ema_20_50_6_0.002,ema_momentum,2.5,0.0,False,-1.7355939932896292,-85.4472749191872,-1.7302106053533952,-1.8414271100305695,-90.16313987386818,-92.62487186213527,-1.518283572385168,0.0,1472,,,,
SOL/USDT,ema_20_50_6_0.004,ema_momentum,2.5,0.0,False,-1.9056436489557074,-87.06787664085243,-1.8109725233442564,-1.8394618739220483,-89.67307787473118,-92.40107781867106,-1.3959789835087792,0.0,1307,,,,
SOL/USDT,ema_20_50_12_0.002,ema_momentum,2.5,0.0,False,-0.3119176928721369,-48.50221209105503,-0.34305511965020846,-0.8181050944471517,-72.16209109762335,-80.25585291135081,-0.058901172491961334,8.0,1056,,,,
SOL/USDT,ema_20_50_12_0.004,ema_momentum,2.5,0.0,False,-0.21545688102236843,-43.18631058130384,-0.330961180848471,-0.778573060341667,-70.14962455239451,-79.91266920680985,-0.07522805829517,9.5,954,,,,
SOL/USDT,ema_20_100_6_0.002,ema_momentum,2.5,0.0,False,-2.083173167851165,-89.10607454809276,-2.0756535228518906,-2.4599534046556752,-94.9542876096167,-96.19794497884853,-1.6240419576540428,0.0,1448,,,,
SOL/USDT,ema_20_100_6_0.004,ema_momentum,2.5,0.0,False,-2.120190943042931,-89.02555541141865,-2.02553071366039,-2.3563768896737676,-94.02764617165182,-95.58322374435527,-1.5426868445740303,0.0,1276,,,,
SOL/USDT,ema_20_100_12_0.002,ema_momentum,2.5,0.0,False,-0.5472219190318252,-57.19661478727358,-0.8131693477842789,-1.36408168170817,-84.42342409337759,-89.42372730399742,-0.37204671464405453,9.5,1023,,,,
SOL/USDT,ema_20_100_12_0.004,ema_momentum,2.5,0.0,False,-0.36254074087271637,-48.90264751341661,-0.7016417001611202,-1.2584795613376856,-81.84575280872647,-88.35712192229353,-0.23214823598332884,9.5,916,,,,
SOL/USDT,breakout_atr_20_0.5,breakout_atr,2.5,0.0,False,-0.22690817986751646,-28.593893445872176,-0.16923736076131546,0.1122527921390245,-8.166778955585752,-54.10560979469834,-0.26021147229057895,9.0,235,,,,
SOL/USDT,breakout_atr_20_1.0,breakout_atr,2.5,0.0,False,-0.5066113291417025,-31.10557386222055,-0.013828157501468229,0.8549618494456213,57.90605176622587,-31.313078255386262,-0.17673407725586615,24.5,132,,,,
SOL/USDT,breakout_atr_40_0.5,breakout_atr,2.5,0.0,False,-0.01845545655198771,-15.843959782963369,-0.06212910368885284,0.4410714497243483,19.516309322895943,-42.160796838999524,-0.20951243816815143,21.0,192,,,,
SOL/USDT,breakout_atr_40_1.0,breakout_atr,2.5,0.0,False,-0.5209422151395121,-28.94534279061952,-0.26803553239833866,0.7038739647155724,40.220619532448644,-24.690806116594477,-0.3341132360814046,24.0,108,,,,
SOL/USDT,breakout_atr_60_0.5,breakout_atr,2.5,0.0,False,-0.2745904701862142,-27.215861659154594,-0.17026438694686516,0.5785395353926944,32.140350830243,-36.25584108012322,-0.36244374798696744,22.5,167,,,,
SOL/USDT,breakout_atr_60_1.0,breakout_atr,2.5,0.0,False,-0.7189625428156248,-34.557848329856334,-0.44135122739203136,0.529449572628764,25.03817810273723,-29.590415612092748,-0.3726892929672719,21.5,96,,,,
SOL/USDT,vol_breakout_20_1.0,volatility_breakout,2.5,0.4,False,0.331865989442746,3.503294565095705,0.1552162230757935,0.17579320446903335,-4.433721452476602,-52.62969149150385,0.029997108393601396,32.0,276,,,,
SOL/USDT,vol_breakout_20_1.5,volatility_breakout,2.5,0.4,False,0.31854972519938946,6.350990216455132,0.3287114576988047,0.344973157203032,11.532794051957351,-34.98916988298893,0.2645642126127974,54.0,60,,,,
SOL/USDT,vol_breakout_40_1.0,volatility_breakout,2.5,0.6,False,-0.08514749655586784,-20.664353340427777,-0.2121011138219942,0.07292718669821792,-10.923346180989013,-55.37220783942588,-0.38190904436618367,16.0,231,,,,
SOL/USDT,vol_breakout_40_1.5,volatility_breakout,2.5,0.4,False,0.307193250247147,5.911179819022405,0.16163833938122063,-0.05462168915940965,-12.24334433678581,-43.844528615300746,-0.1551867478523717,30.5,65,,,,
SOL/USDT,vol_breakout_60_1.0,volatility_breakout,2.5,0.6,False,-0.39606907422050486,-33.08282572076819,-0.17322895671562935,-0.02120988838228316,-16.5198883646421,-51.9788505595518,-0.4270494417739968,20.5,202,,,,
SOL/USDT,vol_breakout_60_1.5,volatility_breakout,2.5,0.6,False,-0.6898433971565232,-27.999028913105683,-0.13660051845988724,-0.5197487618934344,-33.541064682400076,-57.83453152907106,-0.46098398070675284,28.000000000000004,67,,,,
SOL/USDT,mean_reversion_24_1.5_0.02,mean_reversion,2.0,0.0,False,0.7548508777477438,23.71880082804092,-1.1645171009829605,-0.6319354954886938,-33.047521062502604,-50.673425909876826,-0.7496629325910749,23.5,378,,,,
SOL/USDT,mean_reversion_24_1.5_0.04,mean_reversion,2.0,0.2,False,-0.20901978633338975,-16.339310452980605,-1.0248992275604034,-0.6691507799164186,-36.703744479409394,-53.442171192597435,-0.779064091502985,19.0,389,,,,
SOL/USDT,mean_reversion_24_2.0_0.02,mean_reversion,2.0,0.2,False,-0.2834821128085722,-12.492561995283102,-0.7560255852838063,-0.7511761002734973,-33.20530600528764,-48.36190175317165,-0.34785659502177924,27.500000000000004,279,,,,
SOL/USDT,mean_reversion_24_2.0_0.04,mean_reversion,2.0,0.2,False,-1.1219692258239127,-41.10171763824013,-0.9396665704751903,-0.4827950483758845,-26.478771691749635,-45.97240367105711,-0.44663454844109984,28.499999999999996,291,,,,
SOL/USDT,mean_reversion_48_1.5_0.02,mean_reversion,2.0,0.2,False,-0.2579293407831298,-10.747476049617111,-0.5844797073172705,-1.0456386774170374,-39.39145061472045,-54.0000553769526,-0.529736905721196,29.5,189,,,,
SOL/USDT,mean_reversion_48_1.5_0.04,mean_reversion,2.0,0.2,False,-0.586172102710931,-23.72281744364534,-0.8989225633512091,-0.4039297495252957,-21.401222009623154,-53.71308104822936,-0.31088834920399033,38.5,194,,,,
SOL/USDT,mean_reversion_48_2.0_0.02,mean_reversion,2.0,0.2,False,-0.25538771222010753,-8.687940661745309,-0.3529936100523241,-0.2575624935436755,-12.570020191220344,-26.3788224748321,-0.2385025377332346,23.0,129,,,,
SOL/USDT,mean_reversion_48_2.0_0.04,mean_reversion,2.0,0.0,False,-0.11960997819084003,-7.737524298430554,-0.4265177460470151,0.187135340417867,3.205646528143702,-25.461851277327774,-0.3196647472765145,23.0,133,,,,
SOL/USDT,momentum_filter_6_24_6,momentum_trend_filter,2.5,0.0,False,-2.2800587844054983,-92.73521732144243,-2.1956074128003644,-2.643898482198263,-96.58534699412353,-97.32996062877704,-1.7937381965624366,0.0,1724,,,,
SOL/USDT,momentum_filter_6_24_12,momentum_trend_filter,2.5,0.0,False,-0.8874013794806781,-73.41629264313323,-0.9879443232897772,-0.6419969269414995,-68.96623647198093,-82.20018395651891,-0.7866243510085136,0.0,1209,,,,
SOL/USDT,momentum_filter_6_48_6,momentum_trend_filter,2.5,0.0,False,-2.371876283265045,-92.70012056306285,-2.340499542435601,-2.6961895138736147,-96.69669028021227,-97.35981651613912,-1.7481253575288154,0.0,1646,,,,
SOL/USDT,momentum_filter_6_48_12,momentum_trend_filter,2.5,0.0,False,-0.8301089007834758,-70.34061116700589,-1.042818034687677,-1.5231087696189123,-88.379962461531,-92.30989257228332,-0.7864585554370035,1.0,1160,,,,
SOL/USDT,momentum_filter_12_24_6,momentum_trend_filter,2.5,0.0,False,-2.147901642435059,-91.2583184202441,-2.2365000057955413,-2.45467350616815,-95.78791534199446,-96.65490343663889,-1.668201329587391,0.0,1663,,,,
SOL/USDT,momentum_filter_12_24_12,momentum_trend_filter,2.5,0.0,False,-0.6371732649725083,-64.71012693923228,-0.7419893630751491,-0.9613169565312356,-78.89524720241312,-86.11743231034367,-0.7112965089152373,0.0,1173,,,,
SOL/USDT,momentum_filter_12_48_6,momentum_trend_filter,2.5,0.0,False,-1.9194843859922104,-88.24428075598817,-2.201198240283543,-2.5752116549718123,-95.97112191542419,-96.90260598881602,-1.5727031271503686,0.0,1595,,,,
SOL/USDT,momentum_filter_12_48_12,momentum_trend_filter,2.5,0.0,False,-0.4603525880571035,-56.49865823192714,-0.9930079007444592,-1.2436070693893597,-83.66061195940676,-88.72062937903684,-0.5791524276461683,2.0,1134,,,,
SOL/USDT,combo_40_6_0.001,trend_momentum_combo,3.0,0.0,False,-1.3135601254403086,-60.367855146468315,-0.9485941264511557,-0.6793266079686732,-46.53600990295832,-59.51414268882233,-0.9118958529406755,7.5,388,,,,
SOL/USDT,combo_40_6_0.002,trend_momentum_combo,3.0,0.0,False,-1.3135601254403086,-60.367855146468315,-0.9485941264511557,-0.6793266079686732,-46.53600990295832,-59.51414268882233,-0.9118958529406755,7.5,388,,,,
SOL/USDT,combo_40_12_0.001,trend_momentum_combo,3.0,0.0,False,-1.061212345779645,-59.668356674531694,-0.7649906348228992,-0.4138839345025327,-40.98397755022704,-62.951101909082105,-0.6935680176927084,6.5,337,,,,
SOL/USDT,combo_40_12_0.002,trend_momentum_combo,3.0,0.0,False,-1.061212345779645,-59.668356674531694,-0.7649906348228992,-0.4138839345025327,-40.98397755022704,-62.951101909082105,-0.6935680176927084,6.5,337,,,,
SOL/USDT,combo_55_6_0.001,trend_momentum_combo,3.0,0.0,False,-1.5067642523881883,-62.74760231821978,-0.9848286595352851,-0.4475444268653938,-35.74936908606842,-54.90424946920239,-0.8912282175431144,8.0,348,,,,
SOL/USDT,combo_55_6_0.002,trend_momentum_combo,3.0,0.0,False,-1.5067642523881883,-62.74760231821978,-0.9848286595352851,-0.4475444268653938,-35.74936908606842,-54.90424946920239,-0.8912282175431144,8.0,348,,,,
SOL/USDT,combo_55_12_0.001,trend_momentum_combo,3.0,0.0,False,-1.1231450173095636,-59.48348782297622,-0.6717907800999758,-0.27962683957309764,-32.97272505130263,-60.37605380347371,-0.561768868524354,7.5,304,,,,
SOL/USDT,combo_55_12_0.002,trend_momentum_combo,3.0,0.0,False,-1.1231450173095636,-59.48348782297622,-0.6717907800999758,-0.27962683957309764,-32.97272505130263,-60.37605380347371,-0.561768868524354,7.5,304,,,,
