target,timeframe,horizon,feature_set_id,model_id,split_id,metric_roc_auc,metric_pr_auc,metric_log_loss,metric_brier_score,metric_balanced_accuracy,metric_accuracy,metric_mean_forward_return
BTC/USDT,1h,12h,crypto_core_v1,hist_gradient_boosting,wf_2022,0.5190348345354465,0.48038275576907596,0.7061033756856123,0.25611952582059244,0.5156318224340166,0.5069634703196347,-0.0011562891748861793
BTC/USDT,1h,12h,crypto_core_v1,hist_gradient_boosting,wf_2023,0.5326564691092216,0.5518799005049968,0.6965719381120764,0.2515487384678452,0.5220270843144031,0.5244890969288731,0.0014174688604865658
BTC/USDT,1h,12h,crypto_core_v1,hist_gradient_boosting,wf_2024,0.542882425690572,0.5688949921101967,0.6906863961850295,0.24873826697214643,0.5321640841682789,0.5381375227686703,0.0012614836883870998
BTC/USDT,1h,12h,crypto_core_v1,logistic_regression,wf_2022,0.5449992541350507,0.5087493549562444,0.6911623944358447,0.24895301178220772,0.5326588125945118,0.5305936073059361,-0.0011562891748861793
BTC/USDT,1h,12h,crypto_core_v1,logistic_regression,wf_2023,0.5566811247210803,0.5655297123291217,0.6886065930737907,0.2477410024838234,0.5408882671531032,0.5395593104235643,0.0014174688604865658
BTC/USDT,1h,12h,crypto_core_v1,logistic_regression,wf_2024,0.5332824503076958,0.5667934996633534,0.6927725805454802,0.2498019073027399,0.5338145977565616,0.530851548269581,0.0012614836883870998
BTC/USDT,1h,12h,crypto_core_v1,random_forest,wf_2022,0.529095508857009,0.4880636302825689,0.6978054453402763,0.25217265358281654,0.5221146210511605,0.5207762557077625,-0.0011562891748861793
BTC/USDT,1h,12h,crypto_core_v1,random_forest,wf_2023,0.5534470138757644,0.5648566978985528,0.6900406152344586,0.2484127077399127,0.5413802986907351,0.5409293298321726,0.0014174688604865658
BTC/USDT,1h,12h,crypto_core_v1,random_forest,wf_2024,0.5519801138625282,0.5736253424911062,0.690907124072655,0.2488129036151415,0.5421323792080481,0.5409836065573771,0.0012614836883870998
BTC/USDT,1h,12h,crypto_core_v1+crypto_context_proxy_v1,hist_gradient_boosting,wf_2022,0.5224883645329522,0.47950443357145117,0.738372143788636,0.2704935912560104,0.5221733013416308,0.5035388127853881,-0.0011562891748861793
BTC/USDT,1h,12h,crypto_core_v1+crypto_context_proxy_v1,hist_gradient_boosting,wf_2023,0.5293643816049276,0.536743889689081,0.7049816055660669,0.25549445231821133,0.5110196635108848,0.5072496860372189,0.0014174688604865658
BTC/USDT,1h,12h,crypto_core_v1+crypto_context_proxy_v1,hist_gradient_boosting,wf_2024,0.5419878681523926,0.5689201035408119,0.7183574378512939,0.26163102748773315,0.5233092089338292,0.5110428051001822,0.0012614836883870998
BTC/USDT,1h,12h,crypto_core_v1+crypto_context_proxy_v1,logistic_regression,wf_2022,0.5317412757477107,0.4962141936798402,0.7025863245799763,0.25434283889262205,0.5123070856019077,0.5378995433789955,-0.0011562891748861793
BTC/USDT,1h,12h,crypto_core_v1+crypto_context_proxy_v1,logistic_regression,wf_2023,0.5453818106259392,0.5665103627513135,0.6920542839954913,0.249427617479584,0.5387167397748595,0.5370476081744492,0.0014174688604865658
BTC/USDT,1h,12h,crypto_core_v1+crypto_context_proxy_v1,logistic_regression,wf_2024,0.520806337847219,0.5604907414129559,0.7039828224644435,0.2552656270855321,0.5198692939024769,0.5034153005464481,0.0012614836883870998
BTC/USDT,1h,12h,crypto_core_v1+crypto_context_proxy_v1,random_forest,wf_2022,0.5260611910639152,0.47556544262508477,0.7161554562013512,0.2607648463603969,0.525243905163651,0.5073059360730594,-0.0011562891748861793
BTC/USDT,1h,12h,crypto_core_v1+crypto_context_proxy_v1,random_forest,wf_2023,0.5577606234853238,0.5656263827818038,0.6936388398991314,0.2501815597326483,0.5335750376156532,0.5254024432012787,0.0014174688604865658
BTC/USDT,1h,12h,crypto_core_v1+crypto_context_proxy_v1,random_forest,wf_2024,0.5421715854141043,0.5730261113149206,0.7079708623777239,0.25702522266013444,0.5287794379121304,0.5162795992714025,0.0012614836883870998
BTC/USDT,1h,1h,crypto_core_v1,hist_gradient_boosting,wf_2022,0.5726248488577619,0.5558840277528173,0.686025291304026,0.24645134142199798,0.5537125475320055,0.553082191780822,-9.407711287377576e-05
BTC/USDT,1h,1h,crypto_core_v1,hist_gradient_boosting,wf_2023,0.5700130709173965,0.5791350462830955,0.6852590045035085,0.2460851233803602,0.5470440327964615,0.5483502682954675,0.00011746238176947424
BTC/USDT,1h,1h,crypto_core_v1,hist_gradient_boosting,wf_2024,0.5579369093423401,0.5591005970227985,0.6880570852104911,0.24746141212301742,0.5472946004772021,0.5480418943533698,0.00010622134319957378
BTC/USDT,1h,1h,crypto_core_v1,logistic_regression,wf_2022,0.5577090725376403,0.5426134973530268,0.6887302656588077,0.24778854854038013,0.5406046398451703,0.5404109589041096,-9.407711287377576e-05
BTC/USDT,1h,1h,crypto_core_v1,logistic_regression,wf_2023,0.5628070833394639,0.5679387232093743,0.6873035315179603,0.24709505553269068,0.5491752309558893,0.5497202877040758,0.00011746238176947424
BTC/USDT,1h,1h,crypto_core_v1,logistic_regression,wf_2024,0.5444418757929098,0.5487950983953214,0.6903619093355734,0.2486039629106559,0.5327323950879752,0.5322176684881603,0.00010622134319957378
BTC/USDT,1h,1h,crypto_core_v1,random_forest,wf_2022,0.5701903615507908,0.5539952136419578,0.6865384452200911,0.2466720439937552,0.5523096014390388,0.5521689497716895,-9.407711287377576e-05
BTC/USDT,1h,1h,crypto_core_v1,random_forest,wf_2023,0.5655328172794063,0.569513612482163,0.6867286974364761,0.2467976363190484,0.5469568220411188,0.5473227537390113,0.00011746238176947424
BTC/USDT,1h,1h,crypto_core_v1,random_forest,wf_2024,0.5572183727316472,0.561811387835025,0.6890390536573269,0.24794519092813683,0.5450928794022945,0.5446265938069217,0.00010622134319957378
BTC/USDT,1h,1h,crypto_core_v1+crypto_context_proxy_v1,hist_gradient_boosting,wf_2022,0.5575652280796058,0.5429396708874493,0.6896754826018888,0.2482568664128242,0.5381617079641091,0.5373287671232877,-9.407711287377576e-05
BTC/USDT,1h,1h,crypto_core_v1+crypto_context_proxy_v1,hist_gradient_boosting,wf_2023,0.5649516644236572,0.5708210498400866,0.6868954447004312,0.24688667872101466,0.5464245833840736,0.5466377440347071,0.00011746238176947424
BTC/USDT,1h,1h,crypto_core_v1+crypto_context_proxy_v1,hist_gradient_boosting,wf_2024,0.5557226101162673,0.5589350333559131,0.6883106684459429,0.24759448693134298,0.5406688194583014,0.5406420765027322,0.00010622134319957378
BTC/USDT,1h,1h,crypto_core_v1+crypto_context_proxy_v1,logistic_regression,wf_2022,0.5501430990419265,0.5377885703193482,0.6912637186188239,0.24904554268865212,0.5290242096556302,0.5301369863013699,-9.407711287377576e-05
BTC/USDT,1h,1h,crypto_core_v1+crypto_context_proxy_v1,logistic_regression,wf_2023,0.5575217932973096,0.5641779252271851,0.6882440019990641,0.24756111669196557,0.5440997371729231,0.5430985272291358,0.00011746238176947424
BTC/USDT,1h,1h,crypto_core_v1+crypto_context_proxy_v1,logistic_regression,wf_2024,0.5452918994683618,0.5478512726456413,0.691423953383718,0.2491292342967932,0.5312471099428444,0.5286885245901639,0.00010622134319957378
BTC/USDT,1h,1h,crypto_core_v1+crypto_context_proxy_v1,random_forest,wf_2022,0.5628012549679637,0.5469544045235452,0.688396041050132,0.2475514067691217,0.5412527869700847,0.5408675799086758,-9.407711287377576e-05
BTC/USDT,1h,1h,crypto_core_v1+crypto_context_proxy_v1,random_forest,wf_2023,0.5688808441771547,0.5731562789568794,0.6862294773477725,0.24656143817973164,0.548337037246897,0.547436922023062,0.00011746238176947424
BTC/USDT,1h,1h,crypto_core_v1+crypto_context_proxy_v1,random_forest,wf_2024,0.5579351458077437,0.5604169333178328,0.6896312918584109,0.24822955665347876,0.5389973258072593,0.5377959927140255,0.00010622134319957378
BTC/USDT,1h,24h,crypto_core_v1,hist_gradient_boosting,wf_2022,0.507397936288433,0.4727222392248538,0.7121534825832994,0.2589790182904597,0.5066452454435201,0.49292237442922376,-0.0023088406224894597
BTC/USDT,1h,24h,crypto_core_v1,hist_gradient_boosting,wf_2023,0.5388848447195874,0.5626062126268727,0.6959295698497864,0.2511499015125775,0.5246542235247237,0.5288274917227994,0.002874054585371239
BTC/USDT,1h,24h,crypto_core_v1,hist_gradient_boosting,wf_2024,0.5220202397237421,0.5506846703826166,0.6947727166074611,0.2506892847685952,0.521081342586414,0.530851548269581,0.0025133823597573725
BTC/USDT,1h,24h,crypto_core_v1,logistic_regression,wf_2022,0.5285831247685946,0.48814151746798784,0.6930272130274996,0.24991710988083457,0.5192257222140091,0.5190639269406393,-0.0023088406224894597
BTC/USDT,1h,24h,crypto_core_v1,logistic_regression,wf_2023,0.5436618105257873,0.5710648426771137,0.6915040393997361,0.24917878657208228,0.5404342235038055,0.5349925790615367,0.002874054585371239
BTC/USDT,1h,24h,crypto_core_v1,logistic_regression,wf_2024,0.5403593353796877,0.5747058077693961,0.6912135788643097,0.24903702566171235,0.5283568830908848,0.5241347905282332,0.0025133823597573725
BTC/USDT,1h,24h,crypto_core_v1,random_forest,wf_2022,0.5190154784909027,0.4795417421947815,0.7000938828249264,0.25323560895706926,0.5197360898330741,0.5191780821917809,-0.0023088406224894597
BTC/USDT,1h,24h,crypto_core_v1,random_forest,wf_2023,0.5576855776904097,0.5814415411115516,0.6895366876557317,0.2481527049636579,0.548368046948622,0.5445827149217948,0.002874054585371239
BTC/USDT,1h,24h,crypto_core_v1,random_forest,wf_2024,0.5299841310222875,0.5542734292606932,0.6945737381192403,0.2506322284436656,0.5229897904711064,0.5212887067395264,0.0025133823597573725
BTC/USDT,1h,24h,crypto_core_v1+crypto_context_proxy_v1,hist_gradient_boosting,wf_2022,0.5368603429576202,0.495767327358401,0.7793374841014387,0.28733534611611716,0.5094716955953482,0.4853881278538813,-0.0023088406224894597
BTC/USDT,1h,24h,crypto_core_v1+crypto_context_proxy_v1,hist_gradient_boosting,wf_2023,0.5435879957201533,0.551633962743405,0.7243025947659439,0.26367376945600257,0.5337652140080262,0.5200365338508962,0.002874054585371239
BTC/USDT,1h,24h,crypto_core_v1+crypto_context_proxy_v1,hist_gradient_boosting,wf_2024,0.5557192181452689,0.5810887406115952,0.7640241343830733,0.2807328271922704,0.5248064860536501,0.5062613843351548,0.0025133823597573725
BTC/USDT,1h,24h,crypto_core_v1+crypto_context_proxy_v1,logistic_regression,wf_2022,0.5237058890483561,0.4847000226228964,0.7107085509733014,0.25810361807867543,0.5030088270964518,0.5311643835616439,-0.0023088406224894597
BTC/USDT,1h,24h,crypto_core_v1+crypto_context_proxy_v1,logistic_regression,wf_2023,0.5344927199723044,0.58676651662891,0.6990284418282924,0.2527451274798739,0.5382934895498317,0.5347642424934353,0.002874054585371239
BTC/USDT,1h,24h,crypto_core_v1+crypto_context_proxy_v1,logistic_regression,wf_2024,0.5299441979180568,0.5740082607788934,0.7071573727454985,0.2567949760749736,0.5248815561190444,0.5018214936247724,0.0025133823597573725
BTC/USDT,1h,24h,crypto_core_v1+crypto_context_proxy_v1,random_forest,wf_2022,0.515101831488413,0.4753181712564998,0.7365073664597935,0.2698508344098379,0.5092099048735463,0.48755707762557077,-0.0023088406224894597
BTC/USDT,1h,24h,crypto_core_v1+crypto_context_proxy_v1,random_forest,wf_2023,0.5548165010474747,0.5623569731791455,0.7020088064119647,0.254176081335089,0.5386674793355151,0.5241465920767211,0.002874054585371239
BTC/USDT,1h,24h,crypto_core_v1+crypto_context_proxy_v1,random_forest,wf_2024,0.5500470230548511,0.5823398992152581,0.7493594565005817,0.2748217802648473,0.5255926364606966,0.5068306010928961,0.0025133823597573725
BTC/USDT,1h,2h,crypto_core_v1,hist_gradient_boosting,wf_2022,0.5530553793485349,0.5370599914789926,0.692215199722228,0.2494464148365261,0.5424530453395013,0.5415525114155251,-0.00018920254211381577
BTC/USDT,1h,2h,crypto_core_v1,hist_gradient_boosting,wf_2023,0.5677950715551692,0.5697940752675179,0.6861257997530563,0.2465016021605741,0.5466137158206865,0.5490352779997717,0.0002347045604540087
BTC/USDT,1h,2h,crypto_core_v1,hist_gradient_boosting,wf_2024,0.5626201396323818,0.5704722880746753,0.6869278938963183,0.24690283940161173,0.5428091544764969,0.5445127504553734,0.00021250732299260458
BTC/USDT,1h,2h,crypto_core_v1,logistic_regression,wf_2022,0.5462058943285758,0.5285363260160072,0.6909123469244267,0.24886260068295557,0.5357956258273036,0.5356164383561643,-0.00018920254211381577
BTC/USDT,1h,2h,crypto_core_v1,logistic_regression,wf_2023,0.5638978154163163,0.5741624549156992,0.6872046802100512,0.24704648752675526,0.5491906962941816,0.5490352779997717,0.0002347045604540087
BTC/USDT,1h,2h,crypto_core_v1,logistic_regression,wf_2024,0.5451669482856948,0.556584147992278,0.6902527044746745,0.24855620483853236,0.5323161727382401,0.530851548269581,0.00021250732299260458
BTC/USDT,1h,2h,crypto_core_v1,random_forest,wf_2022,0.5563224217153866,0.5406573251051479,0.6898736025206818,0.2483155981913784,0.53957876116731,0.539269406392694,-0.00018920254211381577
BTC/USDT,1h,2h,crypto_core_v1,random_forest,wf_2023,0.5710611058626678,0.5726139052416106,0.6857801633442616,0.246327359995243,0.5519772753880143,0.5523461582372416,0.0002347045604540087
BTC/USDT,1h,2h,crypto_core_v1,random_forest,wf_2024,0.5633321541250181,0.5700181348253165,0.6876280877117295,0.2472444399105669,0.5443674533522422,0.5438296903460837,0.00021250732299260458
BTC/USDT,1h,2h,crypto_core_v1+crypto_context_proxy_v1,hist_gradient_boosting,wf_2022,0.5357603091272063,0.5182419757297796,0.7018489418953673,0.2540208816693251,0.5226525224021257,0.5211187214611872,-0.00018920254211381577
BTC/USDT,1h,2h,crypto_core_v1+crypto_context_proxy_v1,hist_gradient_boosting,wf_2023,0.5627307410822895,0.5642468378028828,0.6877320848142436,0.24728701206012102,0.5524891812157064,0.5523461582372416,0.0002347045604540087
BTC/USDT,1h,2h,crypto_core_v1+crypto_context_proxy_v1,hist_gradient_boosting,wf_2024,0.5621904967435788,0.5675486703067238,0.6885324374650781,0.24769785095534316,0.5444977787078575,0.5428051001821493,0.00021250732299260458
BTC/USDT,1h,2h,crypto_core_v1+crypto_context_proxy_v1,logistic_regression,wf_2022,0.5416462607381665,0.5262900450730266,0.6961980214762722,0.2514509026084934,0.5217853996747944,0.5237442922374429,-0.00018920254211381577
BTC/USDT,1h,2h,crypto_core_v1+crypto_context_proxy_v1,logistic_regression,wf_2023,0.5598211939864317,0.570380533789563,0.6875781438255372,0.2472321449943039,0.544262115817598,0.5438977052174906,0.0002347045604540087
BTC/USDT,1h,2h,crypto_core_v1+crypto_context_proxy_v1,logistic_regression,wf_2024,0.5437339402934444,0.5539346392090303,0.692357779959803,0.2495978267490673,0.5318252338538251,0.5275500910746812,0.00021250732299260458
BTC/USDT,1h,2h,crypto_core_v1+crypto_context_proxy_v1,random_forest,wf_2022,0.5481707539252753,0.531713717365568,0.6918929981093417,0.24932646989623064,0.5362687392886795,0.5353881278538812,-0.00018920254211381577
BTC/USDT,1h,2h,crypto_core_v1+crypto_context_proxy_v1,random_forest,wf_2023,0.5751760732753646,0.579649737020536,0.6850976897141661,0.24599210977929112,0.5554845241873938,0.5547436922023062,0.0002347045604540087
BTC/USDT,1h,2h,crypto_core_v1+crypto_context_proxy_v1,random_forest,wf_2024,0.5586603716042486,0.5678437654745142,0.6904425279940974,0.24863878170995163,0.5400302815712785,0.5364298724954463,0.00021250732299260458
BTC/USDT,1h,3d,crypto_core_v1,hist_gradient_boosting,wf_2022,0.48312053336575744,0.4620186013497919,0.7303829449355342,0.2676053841861818,0.4881882287921768,0.4712328767123288,-0.006866674626530365
BTC/USDT,1h,3d,crypto_core_v1,hist_gradient_boosting,wf_2023,0.5497882897421154,0.5776231583345308,0.6973033515255288,0.25072009249701027,0.5467170579650084,0.559995433268638,0.008923371704648183
BTC/USDT,1h,3d,crypto_core_v1,hist_gradient_boosting,wf_2024,0.4685947468989863,0.5144395172057799,0.7090204669704567,0.25741273049358415,0.4830738925622684,0.49943078324225865,0.007492525517455866
BTC/USDT,1h,3d,crypto_core_v1,logistic_regression,wf_2022,0.46242720110390323,0.42704870486791335,0.6980098952219933,0.2524216665838376,0.4665407416526791,0.4702054794520548,-0.006866674626530365
BTC/USDT,1h,3d,crypto_core_v1,logistic_regression,wf_2023,0.5408536943239797,0.6209133123910634,0.6913616436330304,0.24911790987100998,0.5334920949526618,0.5119305856832972,0.008923371704648183
BTC/USDT,1h,3d,crypto_core_v1,logistic_regression,wf_2024,0.49696558770647736,0.546618105248242,0.6952350769625179,0.2510432558236429,0.4985408807265456,0.48895719489981787,0.007492525517455866
BTC/USDT,1h,3d,crypto_core_v1,random_forest,wf_2022,0.48162270953652886,0.4536435590736958,0.7150937436817879,0.260299831675673,0.49006008238253995,0.4858447488584475,-0.006866674626530365
BTC/USDT,1h,3d,crypto_core_v1,random_forest,wf_2023,0.5533625335855059,0.5813231697240868,0.6955583854621004,0.25068677980985454,0.5507826967853275,0.5500627925562279,0.008923371704648183
BTC/USDT,1h,3d,crypto_core_v1,random_forest,wf_2024,0.47375669540016735,0.5218484494928594,0.70780500600692,0.25702943010487583,0.4788881900819798,0.47893897996357016,0.007492525517455866
BTC/USDT,1h,3d,crypto_core_v1+crypto_context_proxy_v1,hist_gradient_boosting,wf_2022,0.5211902114305447,0.4845824275266391,0.8075825789674178,0.29696338658001964,0.525714211677922,0.502283105022831,-0.006866674626530365
BTC/USDT,1h,3d,crypto_core_v1+crypto_context_proxy_v1,hist_gradient_boosting,wf_2023,0.5293834386563416,0.5785733145940584,0.7522753118081602,0.274387701664746,0.5133646051680611,0.495376184495947,0.008923371704648183
BTC/USDT,1h,3d,crypto_core_v1+crypto_context_proxy_v1,hist_gradient_boosting,wf_2024,0.4833264816592787,0.5356465772047185,1.043340639992434,0.3712282102151356,0.5030253753968661,0.4682377049180328,0.007492525517455866
BTC/USDT,1h,3d,crypto_core_v1+crypto_context_proxy_v1,logistic_regression,wf_2022,0.5180025001060901,0.4829376549178275,0.7297185482787512,0.26572048664012904,0.5048059454077585,0.5420091324200913,-0.006866674626530365
BTC/USDT,1h,3d,crypto_core_v1+crypto_context_proxy_v1,logistic_regression,wf_2023,0.5444233808964895,0.6136928091653956,0.7098666040524869,0.25787398719134735,0.5444117111219221,0.5117022491151958,0.008923371704648183
BTC/USDT,1h,3d,crypto_core_v1+crypto_context_proxy_v1,logistic_regression,wf_2024,0.4830329392271312,0.5447543550017209,0.7322080148251823,0.26875573482750775,0.5016151493908714,0.4615209471766849,0.007492525517455866
BTC/USDT,1h,3d,crypto_core_v1+crypto_context_proxy_v1,random_forest,wf_2022,0.5466837977420362,0.5308579013425367,0.7253440638640106,0.2656521792097785,0.5106481376328807,0.48276255707762555,-0.006866674626530365
BTC/USDT,1h,3d,crypto_core_v1+crypto_context_proxy_v1,random_forest,wf_2023,0.5573363157378421,0.6016484929028776,0.7093449268980155,0.2573977075576596,0.5465178551765698,0.5206073752711496,0.008923371704648183
BTC/USDT,1h,3d,crypto_core_v1+crypto_context_proxy_v1,random_forest,wf_2024,0.4935479169692024,0.5379769752404475,0.9117925747863503,0.3351825271372439,0.5009315316651815,0.4623178506375228,0.007492525517455866
BTC/USDT,1h,4h,crypto_core_v1,hist_gradient_boosting,wf_2022,0.5481512841282477,0.5330818529892649,0.6932341093511747,0.24993990396713928,0.5330465269765636,0.5320776255707762,-0.0003814488729362025
BTC/USDT,1h,4h,crypto_core_v1,hist_gradient_boosting,wf_2023,0.5666212558787074,0.5575567586170815,0.687098792472103,0.2469637236689434,0.5480787434641479,0.5498344559881265,0.0004712740487291986
BTC/USDT,1h,4h,crypto_core_v1,hist_gradient_boosting,wf_2024,0.5576286484284962,0.5721852494010151,0.6875316768784574,0.2472138666827033,0.5370915212882154,0.5391621129326047,0.0004221157517958839
BTC/USDT,1h,4h,crypto_core_v1,logistic_regression,wf_2022,0.5402524109316733,0.5262636597255644,0.6914987882839378,0.24916337704325645,0.5329226969823483,0.532648401826484,-0.0003814488729362025
BTC/USDT,1h,4h,crypto_core_v1,logistic_regression,wf_2023,0.5668824709143042,0.5695150875777295,0.6872036204485461,0.24703828821540094,0.5571793636940463,0.5575978993035735,0.0004712740487291986
BTC/USDT,1h,4h,crypto_core_v1,logistic_regression,wf_2024,0.5426864550420814,0.5588131609612059,0.690203944052208,0.24853865475945167,0.5299814822776301,0.5288023679417122,0.0004221157517958839
BTC/USDT,1h,4h,crypto_core_v1,random_forest,wf_2022,0.5524143356297964,0.5394800053797146,0.6901158065011955,0.24846177568545283,0.5405404179693664,0.5401826484018265,-0.0003814488729362025
BTC/USDT,1h,4h,crypto_core_v1,random_forest,wf_2023,0.5752260708303983,0.5639129267410736,0.6847725894049226,0.24582841929825808,0.5613210184408375,0.561822125813449,0.0004712740487291986
BTC/USDT,1h,4h,crypto_core_v1,random_forest,wf_2024,0.55891739654448,0.5729466222077599,0.6882540090850966,0.24756376709809302,0.5395511010007172,0.5393897996357013,0.0004221157517958839
BTC/USDT,1h,4h,crypto_core_v1+crypto_context_proxy_v1,hist_gradient_boosting,wf_2022,0.5339484190603005,0.5191870622192738,0.7061669577431067,0.2559441647562093,0.5307419754592982,0.5289954337899543,-0.0003814488729362025
BTC/USDT,1h,4h,crypto_core_v1+crypto_context_proxy_v1,hist_gradient_boosting,wf_2023,0.5621598167671837,0.5578158377841862,0.6893024456827069,0.24800835403447102,0.5458400964479866,0.5452677246260988,0.0004712740487291986
BTC/USDT,1h,4h,crypto_core_v1+crypto_context_proxy_v1,hist_gradient_boosting,wf_2024,0.5601269884588234,0.5721135770982653,0.6927672673696753,0.24972616899562677,0.5382705307146831,0.5358606557377049,0.0004221157517958839
BTC/USDT,1h,4h,crypto_core_v1+crypto_context_proxy_v1,logistic_regression,wf_2022,0.5351797338543907,0.5234656387995542,0.7023562472742165,0.2543913858660002,0.51477861850348,0.5171232876712328,-0.0003814488729362025
BTC/USDT,1h,4h,crypto_core_v1+crypto_context_proxy_v1,logistic_regression,wf_2023,0.5609565378026686,0.5626691333982028,0.6880855991404864,0.24746935405163972,0.5496665042580371,0.5494919511359744,0.0004712740487291986
BTC/USDT,1h,4h,crypto_core_v1+crypto_context_proxy_v1,logistic_regression,wf_2024,0.5402456194350516,0.5532490368402281,0.6944006463402559,0.2506080497714203,0.5216371361332977,0.5150273224043715,0.0004221157517958839
BTC/USDT,1h,4h,crypto_core_v1+crypto_context_proxy_v1,random_forest,wf_2022,0.5403008378163823,0.5288734715284421,0.6949776738053822,0.25082234122774594,0.5275290158619681,0.5264840182648401,-0.0003814488729362025
BTC/USDT,1h,4h,crypto_core_v1+crypto_context_proxy_v1,random_forest,wf_2023,0.5725766301179449,0.5663501218532101,0.6865966609811797,0.24672977375824837,0.5542415876867347,0.552231989953191,0.0004712740487291986
BTC/USDT,1h,4h,crypto_core_v1+crypto_context_proxy_v1,random_forest,wf_2024,0.5534407946919185,0.5683687927726278,0.6935918762703346,0.2501522564158849,0.5354001902864203,0.5314207650273224,0.0004221157517958839
BTC/USDT,1h,7d,crypto_core_v1,hist_gradient_boosting,wf_2022,0.49353756259280857,0.4447380155948197,0.7302165724831923,0.266921644252909,0.49606919561395935,0.46872146118721464,-0.015220460947725493
BTC/USDT,1h,7d,crypto_core_v1,hist_gradient_boosting,wf_2023,0.5156887737319232,0.575558568416749,0.7078736364193775,0.2558515730834986,0.5185007444985806,0.5291699965749515,0.020952579031837646
BTC/USDT,1h,7d,crypto_core_v1,hist_gradient_boosting,wf_2024,0.5413946984597442,0.6012481708880111,0.6867417245503082,0.24664801803004258,0.5312112861886996,0.5579462659380692,0.018010835016609914
BTC/USDT,1h,7d,crypto_core_v1,logistic_regression,wf_2022,0.4640216354409429,0.41424864043660015,0.6995801414878472,0.25316716929622973,0.4792135691438064,0.4925799086757991,-0.015220460947725493
BTC/USDT,1h,7d,crypto_core_v1,logistic_regression,wf_2023,0.5274377871954758,0.608485972359532,0.6946798700208999,0.250770692218892,0.5125129346717529,0.4725425276858089,0.020952579031837646
BTC/USDT,1h,7d,crypto_core_v1,logistic_regression,wf_2024,0.5265906667761928,0.6012278927790466,0.693874549937179,0.250365765057619,0.5202049451673009,0.4972677595628415,0.018010835016609914
BTC/USDT,1h,7d,crypto_core_v1,random_forest,wf_2022,0.5076508195154099,0.45515084194157907,0.7025064347562179,0.2541025808447514,0.5053290002409246,0.49931506849315066,-0.015220460947725493
BTC/USDT,1h,7d,crypto_core_v1,random_forest,wf_2023,0.5077734676690943,0.5721082639541302,0.7062791627237612,0.2560928817259598,0.5008725282844009,0.48281767325037106,0.020952579031837646
BTC/USDT,1h,7d,crypto_core_v1,random_forest,wf_2024,0.5247819500975116,0.5909278082859106,0.6956127918244623,0.2511952574780698,0.5178974292241818,0.5047814207650273,0.018010835016609914
BTC/USDT,1h,7d,crypto_core_v1+crypto_context_proxy_v1,hist_gradient_boosting,wf_2022,0.5775908794349256,0.5138927382812711,0.8510356315559345,0.30835142258016646,0.5415956675544159,0.5050228310502283,-0.015220460947725493
BTC/USDT,1h,7d,crypto_core_v1+crypto_context_proxy_v1,hist_gradient_boosting,wf_2023,0.49945880045639446,0.5624316876563313,0.7525317956139416,0.27506456278193436,0.5106352721088834,0.5198081972827948,0.020952579031837646
BTC/USDT,1h,7d,crypto_core_v1+crypto_context_proxy_v1,hist_gradient_boosting,wf_2024,0.5010991538048961,0.5595712395636541,1.1574809808805495,0.40997262144050434,0.4879957691568868,0.4213342440801457,0.018010835016609914
BTC/USDT,1h,7d,crypto_core_v1+crypto_context_proxy_v1,logistic_regression,wf_2022,0.5426267552654734,0.49139430808443485,0.7399088726550379,0.2682193204229217,0.5121267758039139,0.5611872146118722,-0.015220460947725493
BTC/USDT,1h,7d,crypto_core_v1+crypto_context_proxy_v1,logistic_regression,wf_2023,0.5103787071809551,0.5896107756501494,0.7407128558530416,0.2724275875474355,0.5162503005186001,0.45849982874757395,0.020952579031837646
BTC/USDT,1h,7d,crypto_core_v1+crypto_context_proxy_v1,logistic_regression,wf_2024,0.4664916579292055,0.5528218926676673,0.7572116409196796,0.2805113575927204,0.4955725342206855,0.42873406193078323,0.018010835016609914
BTC/USDT,1h,7d,crypto_core_v1+crypto_context_proxy_v1,random_forest,wf_2022,0.5703407308805707,0.4989870297621868,0.7501454434835778,0.27430568460896143,0.5486271173115114,0.5113013698630137,-0.015220460947725493
BTC/USDT,1h,7d,crypto_core_v1+crypto_context_proxy_v1,random_forest,wf_2023,0.4993369700296618,0.5793636935181503,0.7123649440875793,0.2593307183110736,0.4956294298889441,0.48099098070556,0.020952579031837646
BTC/USDT,1h,7d,crypto_core_v1+crypto_context_proxy_v1,random_forest,wf_2024,0.49747404090906033,0.5603792368320868,0.9736864287872267,0.36174229494276816,0.49594099318041096,0.42714025500910746,0.018010835016609914
BTC/USDT,1h,8h,crypto_core_v1,hist_gradient_boosting,wf_2022,0.5288860319043813,0.5105196000457399,0.7001349939379693,0.2533020376328189,0.5190881828073971,0.5138127853881278,-0.0007698167163356191
BTC/USDT,1h,8h,crypto_core_v1,hist_gradient_boosting,wf_2023,0.5549047694472564,0.560492029702199,0.6894771321495703,0.24813676573828355,0.5447942380647998,0.5467519123187579,0.000942970243506154
BTC/USDT,1h,8h,crypto_core_v1,hist_gradient_boosting,wf_2024,0.5511887523644113,0.5808655068642777,0.6883100598878714,0.24757772672532605,0.5381348526687406,0.5433743169398907,0.0008427211848131914
BTC/USDT,1h,8h,crypto_core_v1,logistic_regression,wf_2022,0.538528302436173,0.5145742621181124,0.6919177102659768,0.2493585954917408,0.5254398479728946,0.5247716894977169,-0.0007698167163356191
BTC/USDT,1h,8h,crypto_core_v1,logistic_regression,wf_2023,0.5714668428808048,0.5788491758931247,0.6866309469663743,0.2467601166812316,0.5531798001918655,0.5521178216691404,0.000942970243506154
BTC/USDT,1h,8h,crypto_core_v1,logistic_regression,wf_2024,0.5298001384513196,0.5659737128318968,0.6928863933087341,0.24986602055766374,0.5195885592264354,0.5161657559198543,0.0008427211848131914
BTC/USDT,1h,8h,crypto_core_v1,random_forest,wf_2022,0.534309443809369,0.5158547110454672,0.6945694714643019,0.2506501912915731,0.5196173795268001,0.519406392694064,-0.0007698167163356191
BTC/USDT,1h,8h,crypto_core_v1,random_forest,wf_2023,0.5669648158130277,0.5681996466550436,0.6868792547887089,0.24686803860677137,0.5508359737281499,0.5497202877040758,0.000942970243506154
BTC/USDT,1h,8h,crypto_core_v1,random_forest,wf_2024,0.549069396991838,0.5771735243904874,0.6909579914692827,0.24885837569613117,0.5377869011340995,0.5368852459016393,0.0008427211848131914
BTC/USDT,1h,8h,crypto_core_v1+crypto_context_proxy_v1,hist_gradient_boosting,wf_2022,0.5265178354922739,0.4980967749224643,0.7180750081983497,0.26140295962444926,0.5238743044166623,0.5154109589041096,-0.0007698167163356191
BTC/USDT,1h,8h,crypto_core_v1+crypto_context_proxy_v1,hist_gradient_boosting,wf_2023,0.5531945125281281,0.5545538130633466,0.6919569161727418,0.2493410865249565,0.5386774799207913,0.5364767667541956,0.000942970243506154
BTC/USDT,1h,8h,crypto_core_v1+crypto_context_proxy_v1,hist_gradient_boosting,wf_2024,0.5546792852644673,0.5833113877116785,0.6998698941911106,0.2531341664445147,0.5383684091782942,0.5275500910746812,0.0008427211848131914
BTC/USDT,1h,8h,crypto_core_v1+crypto_context_proxy_v1,logistic_regression,wf_2022,0.5339826844683542,0.5119856456707101,0.7056314479637091,0.25584893794140257,0.5089929524449316,0.5223744292237443,-0.0007698167163356191
BTC/USDT,1h,8h,crypto_core_v1+crypto_context_proxy_v1,logistic_regression,wf_2023,0.5566217825633564,0.5717875448687505,0.6891597635507656,0.24800438595252972,0.5469900281662983,0.5454960611942002,0.000942970243506154
BTC/USDT,1h,8h,crypto_core_v1+crypto_context_proxy_v1,logistic_regression,wf_2024,0.5252673137209071,0.5604983542396305,0.7034638132996808,0.25503523384236576,0.5149412613322571,0.4973816029143898,0.0008427211848131914
BTC/USDT,1h,8h,crypto_core_v1+crypto_context_proxy_v1,random_forest,wf_2022,0.5329337880273228,0.5054050879369146,0.7037109754461224,0.2549840710389084,0.5203155393165011,0.5128995433789955,-0.0007698167163356191
BTC/USDT,1h,8h,crypto_core_v1+crypto_context_proxy_v1,random_forest,wf_2023,0.5542381232317806,0.5633614522974414,0.6909514709763133,0.24889282121417558,0.5364006937127406,0.5312250256878639,0.000942970243506154
BTC/USDT,1h,8h,crypto_core_v1+crypto_context_proxy_v1,random_forest,wf_2024,0.5490248058527328,0.5739080995275696,0.7044620720450395,0.2552640247217128,0.5366381844238463,0.5278916211293261,0.0008427211848131914
BTC/USDT,4h,14d,crypto_core_v1,hist_gradient_boosting,wf_2022,0.5280195610264515,0.43076633907272893,0.7605235092550259,0.2773204215929222,0.5404172087985449,0.5242009132420091,-0.028092126293462368
BTC/USDT,4h,14d,crypto_core_v1,hist_gradient_boosting,wf_2023,0.5008507543952658,0.6388575527575673,0.7485557766651789,0.272977321447712,0.5043630267513003,0.5223744292237443,0.041034622558141935
BTC/USDT,4h,14d,crypto_core_v1,hist_gradient_boosting,wf_2024,0.5571966317694395,0.6460842414326737,0.6905917560403294,0.24879180875259654,0.528194824636985,0.5405282331511839,0.03521365218279241
BTC/USDT,4h,14d,crypto_core_v1,logistic_regression,wf_2022,0.42202071568220056,0.3660886041099627,0.7116218643153066,0.2590762032484645,0.44242048543226364,0.4534246575342466,-0.028092126293462368
BTC/USDT,4h,14d,crypto_core_v1,logistic_regression,wf_2023,0.4926835122007136,0.6541744949894436,0.6938327871458557,0.2503756681770375,0.4886598916765772,0.4808219178082192,0.041034622558141935
BTC/USDT,4h,14d,crypto_core_v1,logistic_regression,wf_2024,0.552308139382186,0.6259151862096444,0.6876092632705798,0.24724676009255098,0.5386449302436707,0.5446265938069217,0.03521365218279241
BTC/USDT,4h,14d,crypto_core_v1,random_forest,wf_2022,0.5527079913077243,0.43806986973492756,0.7092751492854489,0.2559357915633382,0.5380729851427482,0.54337899543379,-0.028092126293462368
BTC/USDT,4h,14d,crypto_core_v1,random_forest,wf_2023,0.49195813213738165,0.6421736782348998,0.7269814569404991,0.2662345388316057,0.49264142224642143,0.49817351598173515,0.041034622558141935
BTC/USDT,4h,14d,crypto_core_v1,random_forest,wf_2024,0.5442696617790215,0.6363650603049129,0.6953903898939896,0.2513468961407378,0.5250418741310641,0.5154826958105647,0.03521365218279241
BTC/USDT,4h,14d,crypto_core_v1+crypto_context_proxy_v1,hist_gradient_boosting,wf_2022,0.6879862156583582,0.5708282553973434,0.9208484059586466,0.3109413076767244,0.5888744320388019,0.54337899543379,-0.028092126293462368
BTC/USDT,4h,14d,crypto_core_v1+crypto_context_proxy_v1,hist_gradient_boosting,wf_2023,0.5385436517602556,0.6536789496951171,1.0644584378773474,0.3698624594745538,0.5448123683569515,0.4735159817351598,0.041034622558141935
BTC/USDT,4h,14d,crypto_core_v1+crypto_context_proxy_v1,hist_gradient_boosting,wf_2024,0.4626148943975505,0.5348019733579089,1.3203284987171007,0.4349951602169517,0.4861300677865296,0.4175774134790528,0.03521365218279241
BTC/USDT,4h,14d,crypto_core_v1+crypto_context_proxy_v1,logistic_regression,wf_2022,0.5447003344755001,0.46575840057051165,0.7374316312740754,0.2660639866572333,0.5001541244030873,0.5662100456621004,-0.028092126293462368
BTC/USDT,4h,14d,crypto_core_v1+crypto_context_proxy_v1,logistic_regression,wf_2023,0.5163317977962775,0.6660568347309561,0.8356695132427574,0.316425592381714,0.515719254631686,0.3904109589041096,0.041034622558141935
BTC/USDT,4h,14d,crypto_core_v1+crypto_context_proxy_v1,logistic_regression,wf_2024,0.5044661503673147,0.6178306874323631,0.824094814638324,0.3085543388728731,0.5042407883265851,0.4326047358834244,0.03521365218279241
BTC/USDT,4h,14d,crypto_core_v1+crypto_context_proxy_v1,random_forest,wf_2022,0.6978122849922002,0.6355926971185248,0.697776373682063,0.2521172245987118,0.5907375491324754,0.545662100456621,-0.028092126293462368
BTC/USDT,4h,14d,crypto_core_v1+crypto_context_proxy_v1,random_forest,wf_2023,0.5724144230631456,0.6841150005263151,0.9048851167596375,0.3381616585702625,0.5147977532919717,0.4031963470319635,0.041034622558141935
BTC/USDT,4h,14d,crypto_core_v1+crypto_context_proxy_v1,random_forest,wf_2024,0.510311160589093,0.5718411447940281,0.9531611669860042,0.35463454710847686,0.5,0.4275956284153005,0.03521365218279241
BTC/USDT,4h,21d,crypto_core_v1,hist_gradient_boosting,wf_2022,0.5399059554366816,0.4269479420324122,0.792832527517065,0.2885176983536397,0.5417592372899636,0.5182648401826484,-0.03749352213487947
BTC/USDT,4h,21d,crypto_core_v1,hist_gradient_boosting,wf_2023,0.49837213403880065,0.5950460145275783,0.7628592133017938,0.27727892721121433,0.5087433862433863,0.5260273972602739,0.056430090143155066
BTC/USDT,4h,21d,crypto_core_v1,hist_gradient_boosting,wf_2024,0.576736408095133,0.6983897135155457,0.6889969198172271,0.24782624006015141,0.5419207317073171,0.5500910746812386,0.05590590212376789
BTC/USDT,4h,21d,crypto_core_v1,logistic_regression,wf_2022,0.39988783675934514,0.3337174102392753,0.7137917204205513,0.2601980724166412,0.4158020750199521,0.4337899543378995,-0.03749352213487947
BTC/USDT,4h,21d,crypto_core_v1,logistic_regression,wf_2023,0.54531569664903,0.6572986432371808,0.6938985900943003,0.2503844277723228,0.5398941798941799,0.5136986301369864,0.056430090143155066
BTC/USDT,4h,21d,crypto_core_v1,logistic_regression,wf_2024,0.5436089421697384,0.6566559892695192,0.6873922186398742,0.2471649721528775,0.536600885663834,0.5373406193078324,0.05590590212376789
BTC/USDT,4h,21d,crypto_core_v1,random_forest,wf_2022,0.5514393563555574,0.4261237195238192,0.7164135492666275,0.25901583422298113,0.5529604624576692,0.5488584474885845,-0.03749352213487947
BTC/USDT,4h,21d,crypto_core_v1,random_forest,wf_2023,0.48111199294532625,0.6129115142296954,0.7343438139020869,0.26916847236582264,0.4853571428571428,0.4949771689497717,0.056430090143155066
BTC/USDT,4h,21d,crypto_core_v1,random_forest,wf_2024,0.5522414054740095,0.665295606908209,0.7008197028479771,0.25353592650472057,0.5434675394548063,0.5318761384335154,0.05590590212376789
BTC/USDT,4h,21d,crypto_core_v1+crypto_context_proxy_v1,hist_gradient_boosting,wf_2022,0.6969422575009168,0.5615105995419762,1.0104110358151428,0.30774319143292184,0.6295010892776256,0.5922374429223745,-0.03749352213487947
BTC/USDT,4h,21d,crypto_core_v1+crypto_context_proxy_v1,hist_gradient_boosting,wf_2023,0.6400039682539683,0.716322185610637,1.1672953061250977,0.3490156597218692,0.5923544973544973,0.545662100456621,0.056430090143155066
BTC/USDT,4h,21d,crypto_core_v1+crypto_context_proxy_v1,hist_gradient_boosting,wf_2024,0.5217467029025494,0.5927724996131847,2.0516637032400684,0.551433758912756,0.5,0.40255009107468126,0.05590590212376789
BTC/USDT,4h,21d,crypto_core_v1+crypto_context_proxy_v1,logistic_regression,wf_2022,0.5948275490174931,0.5241596635640832,0.7964709087800371,0.2788211151639632,0.5040421906343694,0.5940639269406393,-0.03749352213487947
BTC/USDT,4h,21d,crypto_core_v1+crypto_context_proxy_v1,logistic_regression,wf_2023,0.603441798941799,0.7228028375373379,0.8588146119736316,0.3238733931142657,0.5278439153439154,0.4187214611872146,0.056430090143155066
BTC/USDT,4h,21d,crypto_core_v1+crypto_context_proxy_v1,logistic_regression,wf_2024,0.4795448901887209,0.6303771619341199,0.9405630250103796,0.35264874141794056,0.5072408536585366,0.41120218579234974,0.05590590212376789
BTC/USDT,4h,21d,crypto_core_v1+crypto_context_proxy_v1,random_forest,wf_2022,0.62619788184034,0.5231285621374242,0.7814563345624612,0.28433020880664334,0.5671534263713034,0.5031963470319635,-0.03749352213487947
BTC/USDT,4h,21d,crypto_core_v1+crypto_context_proxy_v1,random_forest,wf_2023,0.6149964726631394,0.7024717648964056,0.87918876879321,0.3208999193076724,0.5355291005291005,0.4534246575342466,0.056430090143155066
BTC/USDT,4h,21d,crypto_core_v1+crypto_context_proxy_v1,random_forest,wf_2024,0.5436046311113565,0.635852814317718,1.2247503897065155,0.43205227403319274,0.5,0.40255009107468126,0.05590590212376789
BTC/USDT,4h,28d,crypto_core_v1,hist_gradient_boosting,wf_2022,0.5184056911017885,0.40494094490886706,0.8036295168790638,0.2907055272124538,0.525578218149702,0.5091324200913242,-0.04321049311011401
BTC/USDT,4h,28d,crypto_core_v1,hist_gradient_boosting,wf_2023,0.4907913088324327,0.6165374913689763,0.7787908971350246,0.2846168463359236,0.49599524631701686,0.5036529680365297,0.0695273536373237
BTC/USDT,4h,28d,crypto_core_v1,hist_gradient_boosting,wf_2024,0.5565339431105085,0.664541309484221,0.6971063546178251,0.2512650340302067,0.5409699849153351,0.5459927140255009,0.07738731484997428
BTC/USDT,4h,28d,crypto_core_v1,logistic_regression,wf_2022,0.35945693723780087,0.317182744450311,0.7144239670577607,0.26047498771822214,0.38745532264296756,0.4223744292237443,-0.04321049311011401
BTC/USDT,4h,28d,crypto_core_v1,logistic_regression,wf_2023,0.6068524788662915,0.7266419862992268,0.690150948442238,0.24857319895509603,0.5524900778079243,0.4885844748858447,0.0695273536373237
BTC/USDT,4h,28d,crypto_core_v1,logistic_regression,wf_2024,0.46434537695540745,0.6247988752273756,0.6992925084519073,0.2531210804463095,0.4684581485512709,0.4603825136612022,0.07738731484997428
BTC/USDT,4h,28d,crypto_core_v1,random_forest,wf_2022,0.5295664053875028,0.4110744193399678,0.7223710506274585,0.26191358823270267,0.5504483260653565,0.5634703196347032,-0.04321049311011401
BTC/USDT,4h,28d,crypto_core_v1,random_forest,wf_2023,0.4849187165055946,0.625040058305668,0.7378414518183939,0.27052018298528574,0.48494741798775703,0.491324200913242,0.0695273536373237
BTC/USDT,4h,28d,crypto_core_v1,random_forest,wf_2024,0.5467515683781502,0.6700684269296955,0.7071195324806709,0.25657232189346446,0.5436971633684031,0.517304189435337,0.07738731484997428
BTC/USDT,4h,28d,crypto_core_v1+crypto_context_proxy_v1,hist_gradient_boosting,wf_2022,0.6997957606535659,0.5843099300921646,1.1143141985694567,0.3358802178045623,0.5892727768271141,0.545662100456621,-0.04321049311011401
BTC/USDT,4h,28d,crypto_core_v1+crypto_context_proxy_v1,hist_gradient_boosting,wf_2023,0.6944973877166625,0.8177427716392803,1.1091812518648623,0.31898679028801963,0.6712536717716439,0.602283105022831,0.0695273536373237
BTC/USDT,4h,28d,crypto_core_v1+crypto_context_proxy_v1,hist_gradient_boosting,wf_2024,0.4166474223174612,0.5696081214900421,2.080504020036512,0.5345618376997576,0.5,0.39025500910746813,0.07738731484997428
BTC/USDT,4h,28d,crypto_core_v1+crypto_context_proxy_v1,logistic_regression,wf_2022,0.6269414812872599,0.5586017556326239,0.9257793158351041,0.3149384806511452,0.5,0.5908675799086758,-0.04321049311011401
BTC/USDT,4h,28d,crypto_core_v1+crypto_context_proxy_v1,logistic_regression,wf_2023,0.6371504809740566,0.7455882221689956,0.8995725329478895,0.3413705709784584,0.5267148014440434,0.40136986301369865,0.0695273536373237
BTC/USDT,4h,28d,crypto_core_v1+crypto_context_proxy_v1,logistic_regression,wf_2024,0.4893827836130518,0.6470157862348898,0.9467041682147761,0.3554446678822329,0.511692576096514,0.40528233151183973,0.07738731484997428
BTC/USDT,4h,28d,crypto_core_v1+crypto_context_proxy_v1,random_forest,wf_2022,0.6219467597703687,0.5483011295004003,0.8185140650641678,0.2978979270621818,0.5495565039191874,0.4922374429223744,-0.04321049311011401
BTC/USDT,4h,28d,crypto_core_v1+crypto_context_proxy_v1,random_forest,wf_2023,0.6694423391707963,0.785863712857555,0.8708574646067037,0.3143687262914412,0.5837926317913761,0.4831050228310502,0.0695273536373237
BTC/USDT,4h,28d,crypto_core_v1+crypto_context_proxy_v1,random_forest,wf_2024,0.4486541881949207,0.5628126600080983,1.191204139490746,0.4285421089661258,0.5,0.39025500910746813,0.07738731484997428
BTC/USDT,4h,7d,crypto_core_v1,hist_gradient_boosting,wf_2022,0.48152577326555424,0.4281803743346281,0.7629638118586854,0.28041662302565107,0.4892615969768065,0.4730593607305936,-0.01523167825696832
BTC/USDT,4h,7d,crypto_core_v1,hist_gradient_boosting,wf_2023,0.5261198287430942,0.6216833703686604,0.7105156788190402,0.2582356801679842,0.49691495739013736,0.5027397260273972,0.020929094463293454
BTC/USDT,4h,7d,crypto_core_v1,hist_gradient_boosting,wf_2024,0.5481892721476054,0.6507960611420582,0.6859668074196866,0.24704797970204445,0.515583028083028,0.5268670309653917,0.018017199364080305
BTC/USDT,4h,7d,crypto_core_v1,logistic_regression,wf_2022,0.46697711906147854,0.42048875783632617,0.6978994582233204,0.25232813635116635,0.485288290701044,0.5050228310502283,-0.01523167825696832
BTC/USDT,4h,7d,crypto_core_v1,logistic_regression,wf_2023,0.5010550283725145,0.6092856659524268,0.6971603447849791,0.2520031887232518,0.5344966177782925,0.4986301369863014,0.020929094463293454
BTC/USDT,4h,7d,crypto_core_v1,logistic_regression,wf_2024,0.5171321733821734,0.6135534927046613,0.6945467012571123,0.2506986146794076,0.5138431013431013,0.49681238615664847,0.018017199364080305
BTC/USDT,4h,7d,crypto_core_v1,random_forest,wf_2022,0.4930701584675863,0.44200105500912723,0.709173523763314,0.25757323233998786,0.4795969920136797,0.47442922374429225,-0.01523167825696832
BTC/USDT,4h,7d,crypto_core_v1,random_forest,wf_2023,0.5717529990394898,0.649523712064207,0.6864601397295124,0.2468450888120711,0.53879762529207,0.528310502283105,0.020929094463293454
BTC/USDT,4h,7d,crypto_core_v1,random_forest,wf_2024,0.5724180911680912,0.6750909882397111,0.6853728585877766,0.24640573248219708,0.547985347985348,0.5314207650273224,0.018017199364080305
BTC/USDT,4h,7d,crypto_core_v1+crypto_context_proxy_v1,hist_gradient_boosting,wf_2022,0.5777143393016003,0.4878139051152708,0.9232867568824922,0.3281247606505167,0.5564707104893427,0.5132420091324201,-0.01523167825696832
BTC/USDT,4h,7d,crypto_core_v1+crypto_context_proxy_v1,hist_gradient_boosting,wf_2023,0.5174445833361717,0.5866212333296726,0.7929060726576039,0.29230594981702873,0.5110322418033066,0.4812785388127854,0.020929094463293454
BTC/USDT,4h,7d,crypto_core_v1+crypto_context_proxy_v1,hist_gradient_boosting,wf_2024,0.5667154219237552,0.6030660196679027,1.122934981493832,0.3991387901695656,0.496001221001221,0.4266848816029144,0.018017199364080305
BTC/USDT,4h,7d,crypto_core_v1+crypto_context_proxy_v1,logistic_regression,wf_2022,0.5485629608101725,0.512172399940663,0.703706380146704,0.2532112270964177,0.5309597693235072,0.5753424657534246,-0.01523167825696832
BTC/USDT,4h,7d,crypto_core_v1+crypto_context_proxy_v1,logistic_regression,wf_2023,0.4825720212265918,0.5892313684004099,0.7463191008529195,0.27527610593027324,0.5083491147639257,0.44794520547945205,0.020929094463293454
BTC/USDT,4h,7d,crypto_core_v1+crypto_context_proxy_v1,logistic_regression,wf_2024,0.5166581874915208,0.5809551119304521,0.7451921172547858,0.2748788546330285,0.5036782661782662,0.4435336976320583,0.018017199364080305
BTC/USDT,4h,7d,crypto_core_v1+crypto_context_proxy_v1,random_forest,wf_2022,0.5758345590626951,0.5126045552234911,0.7402420212111788,0.2712795810237795,0.5255658560941631,0.4863013698630137,-0.01523167825696832
BTC/USDT,4h,7d,crypto_core_v1+crypto_context_proxy_v1,random_forest,wf_2023,0.5210418128435867,0.6034565125961036,0.7264472749690033,0.26611615755716467,0.5104165957069967,0.4671232876712329,0.020929094463293454
BTC/USDT,4h,7d,crypto_core_v1+crypto_context_proxy_v1,random_forest,wf_2024,0.5686830145163478,0.597426416772276,0.8502197746670935,0.31884426379124275,0.48466117216117216,0.4166666666666667,0.018017199364080305
ETH/USDT,1h,12h,crypto_core_v1,hist_gradient_boosting,wf_2022,0.54112319249038,0.5219199814057214,0.6942286726696157,0.2504594542777766,0.525203047338464,0.5221461187214612,-0.0010615736882224494
ETH/USDT,1h,12h,crypto_core_v1,hist_gradient_boosting,wf_2023,0.5377564101828698,0.5165511169578432,0.7002476280360768,0.2530893369256417,0.5271452475564227,0.5277999771663432,0.0010322443448566433
ETH/USDT,1h,12h,crypto_core_v1,hist_gradient_boosting,wf_2024,0.5310248994444016,0.5697262602903523,0.6940509832164081,0.25039602112868165,0.5266013883336023,0.5260701275045537,0.0007948724836649137
ETH/USDT,1h,12h,crypto_core_v1,logistic_regression,wf_2022,0.5434274645429159,0.514877288353102,0.6909980336680296,0.24887491001665937,0.5294938472021805,0.5325342465753424,-0.0010615736882224494
ETH/USDT,1h,12h,crypto_core_v1,logistic_regression,wf_2023,0.5381370042799041,0.5228112179004665,0.6911551733000175,0.24900808053251014,0.5169447938575966,0.5207215435552004,0.0010322443448566433
ETH/USDT,1h,12h,crypto_core_v1,logistic_regression,wf_2024,0.5370435575964128,0.5642394603371553,0.6917858386153918,0.2493357887049302,0.5299899230080405,0.5229963570127505,0.0007948724836649137
ETH/USDT,1h,12h,crypto_core_v1,random_forest,wf_2022,0.5403003351137031,0.5277107560862218,0.6920189723074722,0.24939889273232543,0.5266579485329486,0.5271689497716895,-0.0010615736882224494
ETH/USDT,1h,12h,crypto_core_v1,random_forest,wf_2023,0.5440561459337052,0.5218031918476362,0.698429777137965,0.2522691176274384,0.5306934785825932,0.5325950450964722,0.0010322443448566433
ETH/USDT,1h,12h,crypto_core_v1,random_forest,wf_2024,0.5302574997473607,0.5650531967052418,0.6947416175736286,0.250726576488792,0.5224576637744999,0.5184426229508197,0.0007948724836649137
ETH/USDT,1h,12h,crypto_core_v1+crypto_context_proxy_v1,hist_gradient_boosting,wf_2022,0.4949696671159345,0.4796964999100247,0.7379550588329953,0.2703665350451554,0.49768455888247554,0.4899543378995434,-0.0010615736882224494
ETH/USDT,1h,12h,crypto_core_v1+crypto_context_proxy_v1,hist_gradient_boosting,wf_2023,0.5319869822582712,0.5245302325634789,0.7026343094643692,0.25434245618926427,0.5213314686995055,0.5224340678159607,0.0010322443448566433
ETH/USDT,1h,12h,crypto_core_v1+crypto_context_proxy_v1,hist_gradient_boosting,wf_2024,0.5154506083214287,0.5472190684087213,0.7241313281792509,0.2641339516971576,0.5117082488713067,0.5043260473588342,0.0007948724836649137
ETH/USDT,1h,12h,crypto_core_v1+crypto_context_proxy_v1,logistic_regression,wf_2022,0.5323163325550478,0.5031684899502679,0.6960216129200082,0.251334260925006,0.5171243686868687,0.5288812785388128,-0.0010615736882224494
ETH/USDT,1h,12h,crypto_core_v1+crypto_context_proxy_v1,logistic_regression,wf_2023,0.5264717443625819,0.5184847295633801,0.6924163417396997,0.24963451730738292,0.5160731063977042,0.5169539901815275,0.0010322443448566433
ETH/USDT,1h,12h,crypto_core_v1+crypto_context_proxy_v1,logistic_regression,wf_2024,0.5355646115993737,0.5654072190749648,0.6963957112001922,0.2516081115748614,0.5199007731928633,0.5061475409836066,0.0007948724836649137
ETH/USDT,1h,12h,crypto_core_v1+crypto_context_proxy_v1,random_forest,wf_2022,0.5179098044766448,0.501308690248613,0.705920841782431,0.25608479813991286,0.5055734678130511,0.5001141552511416,-0.0010615736882224494
ETH/USDT,1h,12h,crypto_core_v1+crypto_context_proxy_v1,random_forest,wf_2023,0.5307324062380616,0.5133365132621546,0.6961334431598916,0.25139686378155734,0.5212624783603431,0.5234615823724169,0.0010322443448566433
ETH/USDT,1h,12h,crypto_core_v1+crypto_context_proxy_v1,random_forest,wf_2024,0.5316541983699641,0.5636694667467662,0.7074241835904762,0.2566863333086002,0.5292903786938254,0.519808743169399,0.0007948724836649137
ETH/USDT,1h,1h,crypto_core_v1,hist_gradient_boosting,wf_2022,0.5602244171254588,0.5404874141970268,0.6884189906661146,0.24764118106865496,0.5393362112112112,0.538013698630137,-8.630355504433286e-05
ETH/USDT,1h,1h,crypto_core_v1,hist_gradient_boosting,wf_2023,0.5625137723270736,0.5611795426066736,0.687450905251339,0.2471616940695258,0.5417288604882169,0.5417285078205275,8.594962723625279e-05
ETH/USDT,1h,1h,crypto_core_v1,hist_gradient_boosting,wf_2024,0.5603677219906796,0.558698320021798,0.6877764232284816,0.24732099364795676,0.5450290673374476,0.5456511839708561,6.670945482370432e-05
ETH/USDT,1h,1h,crypto_core_v1,logistic_regression,wf_2022,0.5474535472972972,0.5259197807375651,0.6906799755820494,0.2487552900688466,0.536082957957958,0.5365296803652968,-8.630355504433286e-05
ETH/USDT,1h,1h,crypto_core_v1,logistic_regression,wf_2023,0.5524829296144792,0.5520552295510246,0.6893315532370429,0.24809994372293648,0.5387752601294716,0.5377326178787533,8.594962723625279e-05
ETH/USDT,1h,1h,crypto_core_v1,logistic_regression,wf_2024,0.5580920492996646,0.5532844741996858,0.6886538685574898,0.24775879273873358,0.5443587253972011,0.5432604735883424,6.670945482370432e-05
ETH/USDT,1h,1h,crypto_core_v1,random_forest,wf_2022,0.5551348744577911,0.5377759124861423,0.688805314405448,0.2478309533041245,0.5433996496496496,0.5429223744292238,-8.630355504433286e-05
ETH/USDT,1h,1h,crypto_core_v1,random_forest,wf_2023,0.5619885337066787,0.5561533177954284,0.6875212493318611,0.24719799033176473,0.5449205728453771,0.5446968832058454,8.594962723625279e-05
ETH/USDT,1h,1h,crypto_core_v1,random_forest,wf_2024,0.558876370630695,0.5583992040681468,0.6881133067463551,0.2474951683210553,0.5406286746426658,0.5406420765027322,6.670945482370432e-05
ETH/USDT,1h,1h,crypto_core_v1+crypto_context_proxy_v1,hist_gradient_boosting,wf_2022,0.5410692984651317,0.5252179500026536,0.6931802408516387,0.25000102091977205,0.5268987737737738,0.5237442922374429,-8.630355504433286e-05
ETH/USDT,1h,1h,crypto_core_v1+crypto_context_proxy_v1,hist_gradient_boosting,wf_2023,0.5532295683323818,0.5491831659436937,0.6889742501211631,0.24791751184641472,0.53908968372532,0.5400159835597671,8.594962723625279e-05
ETH/USDT,1h,1h,crypto_core_v1+crypto_context_proxy_v1,hist_gradient_boosting,wf_2024,0.5539509882396916,0.5511902392727533,0.6887872497444926,0.24782430388943208,0.5414319752535082,0.5428051001821493,6.670945482370432e-05
ETH/USDT,1h,1h,crypto_core_v1+crypto_context_proxy_v1,logistic_regression,wf_2022,0.5377272063730396,0.5222534717014611,0.6924308464103116,0.24962870539394455,0.5241741741741741,0.5271689497716895,-8.630355504433286e-05
ETH/USDT,1h,1h,crypto_core_v1+crypto_context_proxy_v1,logistic_regression,wf_2023,0.5503267554665644,0.5482495993274239,0.6893267112039844,0.24809687344494355,0.5409648841508086,0.5408151615481219,8.594962723625279e-05
ETH/USDT,1h,1h,crypto_core_v1+crypto_context_proxy_v1,logistic_regression,wf_2024,0.5584871916826365,0.5519957433105449,0.6886343246223748,0.24774994290624075,0.5431648975834502,0.5418943533697632,6.670945482370432e-05
ETH/USDT,1h,1h,crypto_core_v1+crypto_context_proxy_v1,random_forest,wf_2022,0.542149545378712,0.52722626847673,0.6925677598673978,0.24968935070858775,0.5342655155155155,0.5323059360730593,-8.630355504433286e-05
ETH/USDT,1h,1h,crypto_core_v1+crypto_context_proxy_v1,random_forest,wf_2023,0.5572067400321723,0.5510070740539954,0.6881463281680088,0.24750919000635455,0.5426446778722439,0.542641854092933,8.594962723625279e-05
ETH/USDT,1h,1h,crypto_core_v1+crypto_context_proxy_v1,random_forest,wf_2024,0.5540923475751223,0.5501010814603036,0.6894480596775772,0.24815068097694412,0.538057967491294,0.5374544626593807,6.670945482370432e-05
ETH/USDT,1h,24h,crypto_core_v1,hist_gradient_boosting,wf_2022,0.5414926205780741,0.5145453898488447,0.696885461027139,0.25166891761941845,0.5293784804106839,0.525,-0.0020823426967760874
ETH/USDT,1h,24h,crypto_core_v1,hist_gradient_boosting,wf_2023,0.5225914177478028,0.5220584784938073,0.7005239383472759,0.25346284104288114,0.5119606868020827,0.5118164173992464,0.0020861259844767105
ETH/USDT,1h,24h,crypto_core_v1,hist_gradient_boosting,wf_2024,0.534230693074508,0.5673671414292898,0.6930384038671841,0.24990408914038062,0.5296503090525901,0.5318761384335154,0.0015773950711844586
ETH/USDT,1h,24h,crypto_core_v1,logistic_regression,wf_2022,0.51239354648143,0.49672688142355276,0.6934165389484227,0.2501229849904174,0.5143199259189626,0.5195205479452055,-0.0020823426967760874
ETH/USDT,1h,24h,crypto_core_v1,logistic_regression,wf_2023,0.5309672328492396,0.5334975136758116,0.6929890797393936,0.2499206251208172,0.5119829765650386,0.509418883434182,0.0020861259844767105
ETH/USDT,1h,24h,crypto_core_v1,logistic_regression,wf_2024,0.5295871155592626,0.5698467334348544,0.6925135147670192,0.24969060459088568,0.525040590767103,0.5153688524590164,0.0015773950711844586
ETH/USDT,1h,24h,crypto_core_v1,random_forest,wf_2022,0.5302610400335016,0.5150155156426117,0.6945140133560884,0.2504709288688458,0.5248795324514017,0.5268264840182648,-0.0020823426967760874
ETH/USDT,1h,24h,crypto_core_v1,random_forest,wf_2023,0.5374590546178966,0.5282864572327006,0.6949692384630292,0.25083160239409696,0.5270018188446572,0.5258591163374815,0.0020861259844767105
ETH/USDT,1h,24h,crypto_core_v1,random_forest,wf_2024,0.523888830838716,0.5561628005474535,0.694820527023086,0.2508100133319413,0.5173583944338132,0.5105874316939891,0.0015773950711844586
ETH/USDT,1h,24h,crypto_core_v1+crypto_context_proxy_v1,hist_gradient_boosting,wf_2022,0.5176747068491189,0.5013763383417361,0.7400524469030387,0.2708760662463742,0.5120850929763265,0.5039954337899544,-0.0020823426967760874
ETH/USDT,1h,24h,crypto_core_v1+crypto_context_proxy_v1,hist_gradient_boosting,wf_2023,0.535249630745962,0.537757701675173,0.7043204627720523,0.2547642205817955,0.5254767037304147,0.5254024432012787,0.0020861259844767105
ETH/USDT,1h,24h,crypto_core_v1+crypto_context_proxy_v1,hist_gradient_boosting,wf_2024,0.5315688947166755,0.5543927577468948,0.7569631559343241,0.27828325256492914,0.5148014244593563,0.4951047358834244,0.0015773950711844586
ETH/USDT,1h,24h,crypto_core_v1+crypto_context_proxy_v1,logistic_regression,wf_2022,0.5270314517138861,0.4999558306841536,0.699427832929971,0.2530469225952513,0.4976974424744261,0.5139269406392694,-0.0020823426967760874
ETH/USDT,1h,24h,crypto_core_v1+crypto_context_proxy_v1,logistic_regression,wf_2023,0.5050753399201886,0.5193593034075814,0.6978248674349145,0.25228907140235973,0.5103929734741914,0.5101038931384861,0.0020861259844767105
ETH/USDT,1h,24h,crypto_core_v1+crypto_context_proxy_v1,logistic_regression,wf_2024,0.5319522685761955,0.5647916979572416,0.7051637449096867,0.25588759773059705,0.5098447920993883,0.4870218579234973,0.0015773950711844586
ETH/USDT,1h,24h,crypto_core_v1+crypto_context_proxy_v1,random_forest,wf_2022,0.5079864638523758,0.48736958428138344,0.7083635567218974,0.2572704404015461,0.5021749377912516,0.4958904109589041,-0.0020823426967760874
ETH/USDT,1h,24h,crypto_core_v1+crypto_context_proxy_v1,random_forest,wf_2023,0.5252212187281143,0.5187344328918756,0.6968523074087078,0.2517501717875202,0.5151951790710023,0.5144422879324124,0.0020861259844767105
ETH/USDT,1h,24h,crypto_core_v1+crypto_context_proxy_v1,random_forest,wf_2024,0.5210282200296535,0.5605094223588967,0.7455227020171759,0.2731383589747444,0.5098605774699436,0.49168943533697634,0.0015773950711844586
ETH/USDT,1h,2h,crypto_core_v1,hist_gradient_boosting,wf_2022,0.5456229159299268,0.5405384575745381,0.6910082298336983,0.24891753867099445,0.5391738450144123,0.5394977168949772,-0.00017326992406166623
ETH/USDT,1h,2h,crypto_core_v1,hist_gradient_boosting,wf_2023,0.5543077801341889,0.5527306783166236,0.6892502895996724,0.24804736039579056,0.541482921188549,0.5412718346843247,0.00017188479087394275
ETH/USDT,1h,2h,crypto_core_v1,hist_gradient_boosting,wf_2024,0.5465781884934946,0.5574580396003733,0.6903343922836671,0.24857639666749384,0.5312730096498757,0.5319899817850637,0.0001328984479064466
ETH/USDT,1h,2h,crypto_core_v1,logistic_regression,wf_2022,0.54007341473057,0.5322192277688748,0.6917890979581592,0.2493031602742874,0.5329602093786698,0.5327625570776255,-0.00017326992406166623
ETH/USDT,1h,2h,crypto_core_v1,logistic_regression,wf_2023,0.5557144904540317,0.5575181923271978,0.6890716117821588,0.2479711478497863,0.538615912826048,0.5370476081744492,0.00017188479087394275
ETH/USDT,1h,2h,crypto_core_v1,logistic_regression,wf_2024,0.5504839212427294,0.5586591537860988,0.6900584218006053,0.24845298774310054,0.5385586774783202,0.5364298724954463,0.0001328984479064466
ETH/USDT,1h,2h,crypto_core_v1,random_forest,wf_2022,0.547719418487109,0.5422960226939024,0.6901911284319482,0.24852628496605716,0.5376800703266787,0.5376712328767124,-0.00017326992406166623
ETH/USDT,1h,2h,crypto_core_v1,random_forest,wf_2023,0.5650806334856355,0.5624502457564362,0.6874725917485107,0.24716951614914834,0.55138470675755,0.5502911291243293,0.00017188479087394275
ETH/USDT,1h,2h,crypto_core_v1,random_forest,wf_2024,0.5457881034611185,0.5591574849792686,0.6909434303959705,0.2488794377380873,0.5354309352990382,0.5346083788706739,0.0001328984479064466
ETH/USDT,1h,2h,crypto_core_v1+crypto_context_proxy_v1,hist_gradient_boosting,wf_2022,0.5287932942360815,0.5265580128457867,0.6973211360221255,0.25197953586309696,0.5168856590957617,0.5180365296803653,-0.00017326992406166623
ETH/USDT,1h,2h,crypto_core_v1+crypto_context_proxy_v1,hist_gradient_boosting,wf_2023,0.5534374425007647,0.5450788845717756,0.68941353840478,0.24811135966470083,0.5378029701210503,0.538189291014956,0.00017188479087394275
ETH/USDT,1h,2h,crypto_core_v1+crypto_context_proxy_v1,hist_gradient_boosting,wf_2024,0.5453745818521294,0.555114489137513,0.694379186834887,0.2505490351681706,0.5357322327545553,0.530396174863388,0.0001328984479064466
ETH/USDT,1h,2h,crypto_core_v1+crypto_context_proxy_v1,logistic_regression,wf_2022,0.53459962918357,0.5278623535172415,0.695346277498526,0.2510554929980066,0.5225204674655706,0.5210045662100456,-0.00017326992406166623
ETH/USDT,1h,2h,crypto_core_v1+crypto_context_proxy_v1,logistic_regression,wf_2023,0.5465249391785865,0.5486615172394332,0.6896771806878904,0.24827198662713665,0.5276573408556762,0.5281424820184952,0.00017188479087394275
ETH/USDT,1h,2h,crypto_core_v1+crypto_context_proxy_v1,logistic_regression,wf_2024,0.5501697766651104,0.5567216785314623,0.6900448393238763,0.24845036652107783,0.5360185289240627,0.5336976320582878,0.0001328984479064466
ETH/USDT,1h,2h,crypto_core_v1+crypto_context_proxy_v1,random_forest,wf_2022,0.5370075172480516,0.5361666877414271,0.6923967356756868,0.2496179712364264,0.5223797223630832,0.5231735159817351,-0.00017326992406166623
ETH/USDT,1h,2h,crypto_core_v1+crypto_context_proxy_v1,random_forest,wf_2023,0.5600269591880076,0.5533232017830619,0.6880555205904968,0.24746184856861714,0.5468425018493632,0.5461810708985044,0.00017188479087394275
ETH/USDT,1h,2h,crypto_core_v1+crypto_context_proxy_v1,random_forest,wf_2024,0.5425032370854629,0.548805530329178,0.6927436916363118,0.24977547289656943,0.5312848964820427,0.5278916211293261,0.0001328984479064466
ETH/USDT,1h,3d,crypto_core_v1,hist_gradient_boosting,wf_2022,0.5164814392155994,0.515976919504047,0.7099892825413865,0.25797782586007567,0.4991676567751461,0.4934931506849315,-0.006162574901722269
ETH/USDT,1h,3d,crypto_core_v1,hist_gradient_boosting,wf_2023,0.5365801389310926,0.54660468742428,0.6998225161338336,0.2530201330113242,0.5186427887180363,0.5183240095901359,0.006226151325298603
ETH/USDT,1h,3d,crypto_core_v1,hist_gradient_boosting,wf_2024,0.5066175886580112,0.5545694624820245,0.698324919557226,0.25241365001670313,0.5021006263685899,0.5108151183970856,0.004916034973702481
ETH/USDT,1h,3d,crypto_core_v1,logistic_regression,wf_2022,0.4943554817665709,0.5073765800440163,0.6940549507564562,0.25046681261180215,0.4876602704137327,0.4897260273972603,-0.006162574901722269
ETH/USDT,1h,3d,crypto_core_v1,logistic_regression,wf_2023,0.4989328128801923,0.5248938983862736,0.6970855170497988,0.2519587976468665,0.5142016211724246,0.5030254595273433,0.006226151325298603
ETH/USDT,1h,3d,crypto_core_v1,logistic_regression,wf_2024,0.508995783763371,0.5726725263520742,0.6953396445986469,0.2510979652162332,0.507444374659326,0.4831511839708561,0.004916034973702481
ETH/USDT,1h,3d,crypto_core_v1,random_forest,wf_2022,0.5229677431134749,0.5203777924119444,0.699597191791404,0.2530494388967562,0.5131367288728674,0.5115296803652968,-0.006162574901722269
ETH/USDT,1h,3d,crypto_core_v1,random_forest,wf_2023,0.5354381594631319,0.5500190559183241,0.6996957962070393,0.2530370112597591,0.5168607683809894,0.5128439319557027,0.006226151325298603
ETH/USDT,1h,3d,crypto_core_v1,random_forest,wf_2024,0.5177413994032849,0.555286916162248,0.6998044805599288,0.25323249773964357,0.5042677372081048,0.49760928961748635,0.004916034973702481
ETH/USDT,1h,3d,crypto_core_v1+crypto_context_proxy_v1,hist_gradient_boosting,wf_2022,0.5155637488571909,0.5187861771035271,0.7672310249782776,0.2818191542987322,0.4935486226949818,0.4839041095890411,-0.006162574901722269
ETH/USDT,1h,3d,crypto_core_v1+crypto_context_proxy_v1,hist_gradient_boosting,wf_2023,0.5256916152297473,0.523359022246346,0.7289787018040482,0.26495934841131624,0.5211913653825939,0.5280283137344446,0.006226151325298603
ETH/USDT,1h,3d,crypto_core_v1+crypto_context_proxy_v1,hist_gradient_boosting,wf_2024,0.5149954702542505,0.5786283043160865,0.7722985428544806,0.28382062260930396,0.5065664024262588,0.4947632058287796,0.004916034973702481
ETH/USDT,1h,3d,crypto_core_v1+crypto_context_proxy_v1,logistic_regression,wf_2022,0.5465964830825132,0.5165516689520075,0.704251692686252,0.2551579773776273,0.5107548604436121,0.5214611872146119,-0.006162574901722269
ETH/USDT,1h,3d,crypto_core_v1+crypto_context_proxy_v1,logistic_regression,wf_2023,0.5076840395425527,0.530915567359318,0.7017301692371337,0.25414396034645326,0.5109990420525067,0.5026829546751912,0.006226151325298603
ETH/USDT,1h,3d,crypto_core_v1+crypto_context_proxy_v1,logistic_regression,wf_2024,0.51540548402057,0.5849413517541735,0.7261797913117143,0.2659814137926353,0.5087712349514051,0.4610655737704918,0.004916034973702481
ETH/USDT,1h,3d,crypto_core_v1+crypto_context_proxy_v1,random_forest,wf_2022,0.510417854036056,0.5169950751642148,0.7101804966285239,0.2582878956322648,0.4878521188756193,0.48070776255707764,-0.006162574901722269
ETH/USDT,1h,3d,crypto_core_v1+crypto_context_proxy_v1,random_forest,wf_2023,0.4958082620648721,0.5211571684402383,0.7072331346062813,0.2568420054829443,0.48509330567251685,0.483959356090878,0.006226151325298603
ETH/USDT,1h,3d,crypto_core_v1+crypto_context_proxy_v1,random_forest,wf_2024,0.5267442035914818,0.5823840410937124,0.7206626816130065,0.2628598727894504,0.5141842968394886,0.49749544626593806,0.004916034973702481
ETH/USDT,1h,4h,crypto_core_v1,hist_gradient_boosting,wf_2022,0.5406183273230644,0.5359964012807384,0.6923764306936517,0.2495791688947685,0.5255928460797583,0.5259132420091325,-0.00035064571873754167
ETH/USDT,1h,4h,crypto_core_v1,hist_gradient_boosting,wf_2023,0.5563801930284762,0.5515309820846195,0.689486599407168,0.24814202540727817,0.5427379968896924,0.5427560223769837,0.0003449149984233214
ETH/USDT,1h,4h,crypto_core_v1,hist_gradient_boosting,wf_2024,0.5337626953917611,0.5435612207555987,0.6924654354766818,0.24965208885583862,0.521831341459525,0.5224271402550091,0.0002638566796267949
ETH/USDT,1h,4h,crypto_core_v1,logistic_regression,wf_2022,0.5311413179375369,0.5268708285533894,0.6926040729091444,0.24971360188172145,0.5246979388307335,0.5245433789954338,-0.00035064571873754167
ETH/USDT,1h,4h,crypto_core_v1,logistic_regression,wf_2023,0.5609529877549496,0.5642596347082782,0.6892334144265653,0.2480481630760169,0.5461280778847237,0.5438977052174906,0.0003449149984233214
ETH/USDT,1h,4h,crypto_core_v1,logistic_regression,wf_2024,0.5423854617457284,0.5515989386753372,0.6903814791685545,0.2486302489802561,0.5329739325524534,0.5314207650273224,0.0002638566796267949
ETH/USDT,1h,4h,crypto_core_v1,random_forest,wf_2022,0.5364999712522515,0.5383902328926481,0.692528284554725,0.24967937557702094,0.5279206057554608,0.5279680365296804,-0.00035064571873754167
ETH/USDT,1h,4h,crypto_core_v1,random_forest,wf_2023,0.5696577191000654,0.5611938255666225,0.6875821686586178,0.24720759036354817,0.5507526032999799,0.5492636145678731,0.0003449149984233214
ETH/USDT,1h,4h,crypto_core_v1,random_forest,wf_2024,0.5392383970725172,0.5456978629518796,0.6921505042523499,0.24945648604190016,0.5289085807325398,0.5283469945355191,0.0002638566796267949
ETH/USDT,1h,4h,crypto_core_v1+crypto_context_proxy_v1,hist_gradient_boosting,wf_2022,0.5245587090274864,0.5275782125515156,0.7054924033957343,0.25581351338738284,0.5152427704364304,0.5160958904109589,-0.00035064571873754167
ETH/USDT,1h,4h,crypto_core_v1+crypto_context_proxy_v1,hist_gradient_boosting,wf_2023,0.550186068821215,0.5430593238968832,0.6926404554425518,0.24960093416540352,0.5391105648563602,0.5394451421395137,0.0003449149984233214
ETH/USDT,1h,4h,crypto_core_v1+crypto_context_proxy_v1,hist_gradient_boosting,wf_2024,0.528848006401794,0.5421600051215838,0.695718312223975,0.2512135085350455,0.5210380148007776,0.5201502732240437,0.0002638566796267949
ETH/USDT,1h,4h,crypto_core_v1+crypto_context_proxy_v1,logistic_regression,wf_2022,0.5219937999733217,0.5205905710293054,0.6994492572643256,0.25303531536229684,0.5200469544822797,0.5190639269406393,-0.00035064571873754167
ETH/USDT,1h,4h,crypto_core_v1+crypto_context_proxy_v1,logistic_regression,wf_2023,0.5552130193628176,0.5579032630324009,0.6889536678960662,0.2479106562337526,0.5377966470795784,0.5376184495947026,0.0003449149984233214
ETH/USDT,1h,4h,crypto_core_v1+crypto_context_proxy_v1,logistic_regression,wf_2024,0.5422434128656664,0.5457456551306963,0.690602924282053,0.24873999921147005,0.5272524588225501,0.525728597449909,0.0002638566796267949
ETH/USDT,1h,4h,crypto_core_v1+crypto_context_proxy_v1,random_forest,wf_2022,0.5333251564276291,0.5389318033690629,0.6945660253438866,0.25068171660899397,0.5181104560956721,0.5186073059360731,-0.00035064571873754167
ETH/USDT,1h,4h,crypto_core_v1+crypto_context_proxy_v1,random_forest,wf_2023,0.5679288085598437,0.5606065036187834,0.6880166596760305,0.247421695537169,0.5474958383390944,0.5454960611942002,0.0003449149984233214
ETH/USDT,1h,4h,crypto_core_v1+crypto_context_proxy_v1,random_forest,wf_2024,0.5390639865637007,0.5435348754404471,0.693466633566425,0.250120316072699,0.5341761359437343,0.532103825136612,0.0002638566796267949
ETH/USDT,1h,7d,crypto_core_v1,hist_gradient_boosting,wf_2022,0.4761849912970966,0.4250414763229176,0.7391647493228225,0.27082708040547376,0.4863325369459758,0.4554794520547945,-0.012814118906893223
ETH/USDT,1h,7d,crypto_core_v1,hist_gradient_boosting,wf_2023,0.4865520371424071,0.5199722469619663,0.7377754320702133,0.269763687090536,0.5020646380567896,0.5071355177531681,0.013711698235572457
ETH/USDT,1h,7d,crypto_core_v1,hist_gradient_boosting,wf_2024,0.5139909722075972,0.5367880765827702,0.6968025239866588,0.25173258469623644,0.5090554046243451,0.5203779599271403,0.012738897817660699
ETH/USDT,1h,7d,crypto_core_v1,logistic_regression,wf_2022,0.5055689845730282,0.4552770549626076,0.6926046942860637,0.2497244684243787,0.5039240497951674,0.5186073059360731,-0.012814118906893223
ETH/USDT,1h,7d,crypto_core_v1,logistic_regression,wf_2023,0.5072824147178697,0.5320085769407552,0.6996347633465585,0.253236661483123,0.4898176960826774,0.4623815504052974,0.013711698235572457
ETH/USDT,1h,7d,crypto_core_v1,logistic_regression,wf_2024,0.546343577675493,0.5750196838322111,0.6916443392831317,0.24925477783262864,0.527372837530157,0.5145719489981785,0.012738897817660699
ETH/USDT,1h,7d,crypto_core_v1,random_forest,wf_2022,0.48507084758999064,0.4352084526146833,0.7100589248773986,0.2577375206580956,0.49843731593193863,0.4928082191780822,-0.012814118906893223
ETH/USDT,1h,7d,crypto_core_v1,random_forest,wf_2023,0.47842472368549926,0.5182944159739358,0.7327626945115456,0.2680909944740484,0.48632471565282664,0.48179015869391484,0.013711698235572457
ETH/USDT,1h,7d,crypto_core_v1,random_forest,wf_2024,0.5437424128141508,0.5645318900238177,0.6914406745914754,0.24912597520498586,0.5360954914858418,0.5339253187613844,0.012738897817660699
ETH/USDT,1h,7d,crypto_core_v1+crypto_context_proxy_v1,hist_gradient_boosting,wf_2022,0.5882571294316971,0.49462560501048286,0.8223450404491319,0.2988579348143954,0.5344036691175984,0.49554794520547946,-0.012814118906893223
ETH/USDT,1h,7d,crypto_core_v1+crypto_context_proxy_v1,hist_gradient_boosting,wf_2023,0.47747742410015714,0.5116719889724551,0.781947221764396,0.28654870610585964,0.4910641498045208,0.5073638543212695,0.013711698235572457
ETH/USDT,1h,7d,crypto_core_v1+crypto_context_proxy_v1,hist_gradient_boosting,wf_2024,0.48436420260090485,0.5054223500251007,0.7833712116943,0.28435240557211655,0.492728625683578,0.5078551912568307,0.012738897817660699
ETH/USDT,1h,7d,crypto_core_v1+crypto_context_proxy_v1,logistic_regression,wf_2022,0.5614992554550328,0.4894466080300268,0.6907131720233982,0.24830830705792006,0.5193635960529189,0.571917808219178,-0.012814118906893223
ETH/USDT,1h,7d,crypto_core_v1+crypto_context_proxy_v1,logistic_regression,wf_2023,0.4690971234013565,0.5178248561300455,0.7312532163358304,0.2681948172124197,0.4954353761000095,0.4645507478022605,0.013711698235572457
ETH/USDT,1h,7d,crypto_core_v1+crypto_context_proxy_v1,logistic_regression,wf_2024,0.5191113232728127,0.5680872723772046,0.7763887055807004,0.2871022599204324,0.5036239870643763,0.4763205828779599,0.012738897817660699
ETH/USDT,1h,7d,crypto_core_v1+crypto_context_proxy_v1,random_forest,wf_2022,0.5413714716841276,0.4570387605555565,0.740136467756664,0.27156551328362366,0.5357036115394542,0.4865296803652968,-0.012814118906893223
ETH/USDT,1h,7d,crypto_core_v1+crypto_context_proxy_v1,random_forest,wf_2023,0.4764895941235232,0.5208445231654824,0.7217257117784333,0.2635056272939459,0.4836952213148122,0.48133348555771205,0.013711698235572457
ETH/USDT,1h,7d,crypto_core_v1+crypto_context_proxy_v1,random_forest,wf_2024,0.4898320724532211,0.5072489940436946,0.7380776445139978,0.2704403939096638,0.506246212094621,0.5025045537340619,0.012738897817660699
ETH/USDT,1h,8h,crypto_core_v1,hist_gradient_boosting,wf_2022,0.5311326188824176,0.518842238567484,0.695777948504374,0.2512338136759484,0.5201767524620903,0.5188356164383562,-0.0007119132900584536
ETH/USDT,1h,8h,crypto_core_v1,hist_gradient_boosting,wf_2023,0.5364918490897158,0.5179735938671846,0.6985322440278365,0.2523993289511629,0.5326775805723455,0.5329375499486243,0.0006874426387322811
ETH/USDT,1h,8h,crypto_core_v1,hist_gradient_boosting,wf_2024,0.5454280295311627,0.5619853102191701,0.6911238341063268,0.2489622049905183,0.5340013010964049,0.5340391621129326,0.0005307885425045573
ETH/USDT,1h,8h,crypto_core_v1,logistic_regression,wf_2022,0.5354038291048759,0.5181241969355534,0.692659943889371,0.24970943368380663,0.5234897271351411,0.5246575342465754,-0.0007119132900584536
ETH/USDT,1h,8h,crypto_core_v1,logistic_regression,wf_2023,0.5646614444637144,0.5526565978736586,0.6886832418951416,0.24777704138678758,0.5357621534167163,0.5387601324352095,0.0006874426387322811
ETH/USDT,1h,8h,crypto_core_v1,logistic_regression,wf_2024,0.5368491164567419,0.5559406435479717,0.6913587101560233,0.2491204217358656,0.5233029822007583,0.519011839708561,0.0005307885425045573
ETH/USDT,1h,8h,crypto_core_v1,random_forest,wf_2022,0.5356974676387604,0.5315600642471978,0.6928217627901195,0.24982426226535523,0.5252587533167286,0.5253424657534247,-0.0007119132900584536
ETH/USDT,1h,8h,crypto_core_v1,random_forest,wf_2023,0.5596264713191641,0.5382831610696404,0.6917183649146436,0.24912129868387925,0.5426826603888714,0.5440118735015412,0.0006874426387322811
ETH/USDT,1h,8h,crypto_core_v1,random_forest,wf_2024,0.5371982860231662,0.5560442241816226,0.6929116816976085,0.24985294813966447,0.5271854893658954,0.525728597449909,0.0005307885425045573
ETH/USDT,1h,8h,crypto_core_v1+crypto_context_proxy_v1,hist_gradient_boosting,wf_2022,0.517052411350047,0.5073623999516681,0.7211405369455307,0.26279697723993994,0.5058359094483829,0.5021689497716895,-0.0007119132900584536
ETH/USDT,1h,8h,crypto_core_v1+crypto_context_proxy_v1,hist_gradient_boosting,wf_2023,0.543929410677668,0.5258698594001289,0.6945620304293185,0.25057083523385987,0.5303380857236507,0.5312250256878639,0.0006874426387322811
ETH/USDT,1h,8h,crypto_core_v1+crypto_context_proxy_v1,hist_gradient_boosting,wf_2024,0.5268698927983531,0.5455344788310716,0.7076612942989416,0.2567460767752269,0.526941708919609,0.52367941712204,0.0005307885425045573
ETH/USDT,1h,8h,crypto_core_v1+crypto_context_proxy_v1,logistic_regression,wf_2022,0.5275003540137864,0.5149294148440058,0.6998468451364103,0.2531744239372081,0.5177008978707244,0.5226027397260274,-0.0007119132900584536
ETH/USDT,1h,8h,crypto_core_v1+crypto_context_proxy_v1,logistic_regression,wf_2023,0.5436431951889518,0.5390290280113632,0.6895808874801623,0.24823477076473047,0.5308627011421192,0.5316816988240667,0.0006874426387322811
ETH/USDT,1h,8h,crypto_core_v1+crypto_context_proxy_v1,logistic_regression,wf_2024,0.5343016678723369,0.5468294095513582,0.6945701079114184,0.25071172527193886,0.5145990395424026,0.5070582877959927,0.0005307885425045573
ETH/USDT,1h,8h,crypto_core_v1+crypto_context_proxy_v1,random_forest,wf_2022,0.531560563677539,0.5217860143734206,0.6993578580482338,0.2529410758933661,0.5213262284486939,0.5191780821917809,-0.0007119132900584536
ETH/USDT,1h,8h,crypto_core_v1+crypto_context_proxy_v1,random_forest,wf_2023,0.5510498096294174,0.5357995530222132,0.6917949874840963,0.24923902739253526,0.5317313070104075,0.5338508962210298,0.0006874426387322811
ETH/USDT,1h,8h,crypto_core_v1+crypto_context_proxy_v1,random_forest,wf_2024,0.537242807867124,0.5532701166154976,0.6997423320928143,0.25311818667383923,0.5296153546188221,0.5248178506375227,0.0005307885425045573
ETH/USDT,4h,14d,crypto_core_v1,hist_gradient_boosting,wf_2022,0.4856386746333514,0.40134508546039205,0.7736269117883458,0.28655259753406404,0.4844323737099403,0.45662100456621,-0.021605418777173518
ETH/USDT,4h,14d,crypto_core_v1,hist_gradient_boosting,wf_2023,0.3744946448587911,0.4842865376088071,0.83544407374826,0.3100046769567411,0.4281618230035268,0.4465753424657534,0.026436533426032572
ETH/USDT,4h,14d,crypto_core_v1,hist_gradient_boosting,wf_2024,0.5108805363217599,0.5055165644317696,0.7153718507079336,0.26027058277165654,0.5159289057989375,0.5109289617486339,0.022159331935696955
ETH/USDT,4h,14d,crypto_core_v1,logistic_regression,wf_2022,0.45982922324823466,0.39480460113187665,0.6997184225844177,0.25327226596024804,0.4718479087452472,0.4894977168949772,-0.021605418777173518
ETH/USDT,4h,14d,crypto_core_v1,logistic_regression,wf_2023,0.5229541446810838,0.6128989759291861,0.7070787771696049,0.25687686681039446,0.5182389206331848,0.4748858447488584,0.026436533426032572
ETH/USDT,4h,14d,crypto_core_v1,logistic_regression,wf_2024,0.4692026201344959,0.4991170162926981,0.6973747907206203,0.2521060696900844,0.48062022587652803,0.48633879781420764,0.022159331935696955
ETH/USDT,4h,14d,crypto_core_v1,random_forest,wf_2022,0.48152525801195006,0.39089381199589074,0.7305542795338775,0.26770368723590915,0.48778707224334605,0.4748858447488584,-0.021605418777173518
ETH/USDT,4h,14d,crypto_core_v1,random_forest,wf_2023,0.41482181425485964,0.5032375134920979,0.7465670673106238,0.2742503664571265,0.44652633485523685,0.4602739726027397,0.026436533426032572
ETH/USDT,4h,14d,crypto_core_v1,random_forest,wf_2024,0.5300007061237544,0.5216723623377493,0.6993216219573174,0.2527646943782258,0.532290623922642,0.5314207650273224,0.022159331935696955
ETH/USDT,4h,14d,crypto_core_v1+crypto_context_proxy_v1,hist_gradient_boosting,wf_2022,0.5537868549701249,0.45245327955643655,1.2802076767811308,0.425608607105119,0.5019902227050516,0.4232876712328767,-0.021605418777173518
ETH/USDT,4h,14d,crypto_core_v1+crypto_context_proxy_v1,hist_gradient_boosting,wf_2023,0.5103027517292287,0.5973980087709984,1.0808757383634562,0.3690504267541244,0.5087768611422478,0.46529680365296805,0.026436533426032572
ETH/USDT,4h,14d,crypto_core_v1+crypto_context_proxy_v1,hist_gradient_boosting,wf_2024,0.4424629596554116,0.4416226981710373,1.1734204277469407,0.37976213105427736,0.4851768009270989,0.5009107468123861,0.022159331935696955
ETH/USDT,4h,14d,crypto_core_v1+crypto_context_proxy_v1,logistic_regression,wf_2022,0.4985177620858229,0.40834562100862604,0.7675423978571774,0.2742180121206017,0.5074372623574145,0.6045662100456621,-0.021605418777173518
ETH/USDT,4h,14d,crypto_core_v1+crypto_context_proxy_v1,logistic_regression,wf_2023,0.5489609248981601,0.6316285354753943,0.7665698971193357,0.2834764027659605,0.5114159854553408,0.4420091324200913,0.026436533426032572
ETH/USDT,4h,14d,crypto_core_v1+crypto_context_proxy_v1,logistic_regression,wf_2024,0.4863124140709696,0.4925941563796544,0.8159635404631409,0.29794030685085515,0.4982471516213848,0.51775956284153,0.022159331935696955
ETH/USDT,4h,14d,crypto_core_v1+crypto_context_proxy_v1,random_forest,wf_2022,0.5545490494296578,0.4347020080752323,0.8373489990706674,0.3127049945189202,0.5292471482889733,0.4410958904109589,-0.021605418777173518
ETH/USDT,4h,14d,crypto_core_v1+crypto_context_proxy_v1,random_forest,wf_2023,0.47947651529649776,0.5733843819538049,0.8129943638054926,0.3003723633157633,0.5052150258359078,0.4506849315068493,0.026436533426032572
ETH/USDT,4h,14d,crypto_core_v1+crypto_context_proxy_v1,random_forest,wf_2024,0.44644549763033176,0.45301897850956363,0.8775927533295802,0.3190026714592232,0.48591033889786545,0.5018214936247724,0.022159331935696955
ETH/USDT,4h,21d,crypto_core_v1,hist_gradient_boosting,wf_2022,0.47399992599223273,0.3873041620462594,0.8196210752546274,0.30093841441411173,0.47733071604276944,0.44794520547945205,-0.027209600134803443
ETH/USDT,4h,21d,crypto_core_v1,hist_gradient_boosting,wf_2023,0.6031771281947818,0.651146252968334,0.7607138283129488,0.2689484280382957,0.5838952734947893,0.5808219178082191,0.03670359656360653
ETH/USDT,4h,21d,crypto_core_v1,hist_gradient_boosting,wf_2024,0.5396061159838983,0.5465219197973961,0.7107825589747455,0.2585218981278087,0.503433892674723,0.49544626593806923,0.03159970632906172
ETH/USDT,4h,21d,crypto_core_v1,logistic_regression,wf_2022,0.4489848601253198,0.37764459385073407,0.6992119682239635,0.2530212132374455,0.45158658556355147,0.4757990867579909,-0.027209600134803443
ETH/USDT,4h,21d,crypto_core_v1,logistic_regression,wf_2023,0.5716330364771806,0.6672351987743854,0.7001808284480585,0.25347697251060314,0.5448064830693702,0.491324200913242,0.03670359656360653
ETH/USDT,4h,21d,crypto_core_v1,logistic_regression,wf_2024,0.4187092826248944,0.4150568287672305,0.7068247906688757,0.2567744096028741,0.46474733893091,0.47540983606557374,0.03159970632906172
ETH/USDT,4h,21d,crypto_core_v1,random_forest,wf_2022,0.45006590215468323,0.3661406167240632,0.7605875094674436,0.2796896492740916,0.4620199186619396,0.45159817351598175,-0.027209600134803443
ETH/USDT,4h,21d,crypto_core_v1,random_forest,wf_2023,0.631564698345693,0.6798532684854675,0.6925895455260341,0.24731896116324717,0.5894137974739205,0.5831050228310503,0.03670359656360653
ETH/USDT,4h,21d,crypto_core_v1,random_forest,wf_2024,0.563757841672113,0.5585327633260629,0.6885793389382836,0.24776775104568413,0.5257560683198528,0.5204918032786885,0.03159970632906172
ETH/USDT,4h,21d,crypto_core_v1+crypto_context_proxy_v1,hist_gradient_boosting,wf_2022,0.5750421139437683,0.45305149393402006,1.5201458338681126,0.4600431881915236,0.4991497917209977,0.4100456621004566,-0.027209600134803443
ETH/USDT,4h,21d,crypto_core_v1+crypto_context_proxy_v1,hist_gradient_boosting,wf_2023,0.4825257518185996,0.5826309630112625,1.0496623893171106,0.3645330145651041,0.48469117217225766,0.47214611872146117,0.03670359656360653
ETH/USDT,4h,21d,crypto_core_v1+crypto_context_proxy_v1,hist_gradient_boosting,wf_2024,0.45614949442809394,0.46122445084361946,1.401205475098984,0.4038922607832929,0.5119180927721326,0.5414389799635702,0.03159970632906172
ETH/USDT,4h,21d,crypto_core_v1+crypto_context_proxy_v1,logistic_regression,wf_2022,0.5637444758487986,0.47240489047317075,0.7186085318525389,0.25361045829803575,0.5117302311156847,0.6228310502283105,-0.027209600134803443
ETH/USDT,4h,21d,crypto_core_v1+crypto_context_proxy_v1,logistic_regression,wf_2023,0.629966175815061,0.7157264508498536,0.7802664229570019,0.2901159584002061,0.5230867521798622,0.4392694063926941,0.03670359656360653
ETH/USDT,4h,21d,crypto_core_v1+crypto_context_proxy_v1,logistic_regression,wf_2024,0.5265665652331375,0.5067534733112109,0.8665417965480099,0.31098865602240205,0.5004849660523764,0.5309653916211293,0.03159970632906172
ETH/USDT,4h,21d,crypto_core_v1+crypto_context_proxy_v1,random_forest,wf_2022,0.4977374768285205,0.35865605650595833,0.9239812286404617,0.34243787403271786,0.5381994615053884,0.43561643835616437,-0.027209600134803443
ETH/USDT,4h,21d,crypto_core_v1+crypto_context_proxy_v1,random_forest,wf_2023,0.5160046248515935,0.633409213612852,0.7834641679529681,0.2874949370363532,0.5194060117897503,0.46757990867579907,0.03670359656360653
ETH/USDT,4h,21d,crypto_core_v1+crypto_context_proxy_v1,random_forest,wf_2024,0.49869163235826713,0.4995899170135297,0.9953690381594797,0.34180410118258875,0.5,0.5305100182149363,0.03159970632906172
ETH/USDT,4h,28d,crypto_core_v1,hist_gradient_boosting,wf_2022,0.48106286335950327,0.3996166445952044,0.802530931576157,0.29727529588299356,0.48442188160456784,0.4506849315068493,-0.028413543286113525
ETH/USDT,4h,28d,crypto_core_v1,hist_gradient_boosting,wf_2023,0.5762348195697432,0.6643773832789777,0.7707304376876264,0.2721599189028752,0.5361034004163775,0.5351598173515981,0.04473759581975704
ETH/USDT,4h,28d,crypto_core_v1,hist_gradient_boosting,wf_2024,0.5335695079635194,0.495454100263358,0.717137863729573,0.26059584315607537,0.5293945598128107,0.5241347905282332,0.04254333476527246
ETH/USDT,4h,28d,crypto_core_v1,logistic_regression,wf_2022,0.4586783588450105,0.38990723815331374,0.702031723933931,0.25437101317068056,0.46749080124451714,0.471689497716895,-0.028413543286113525
ETH/USDT,4h,28d,crypto_core_v1,logistic_regression,wf_2023,0.5365293199167245,0.6440456093082201,0.7065594007526188,0.25664140060292356,0.5297883414295628,0.4776255707762557,0.04473759581975704
ETH/USDT,4h,28d,crypto_core_v1,logistic_regression,wf_2024,0.4194183905448164,0.41065268716349296,0.7066580870293051,0.2567048439851285,0.4337891196256215,0.43897996357012753,0.04254333476527246
ETH/USDT,4h,28d,crypto_core_v1,random_forest,wf_2022,0.4498563885443445,0.3613917894030978,0.748641647502775,0.27579633027016526,0.4691391281450736,0.45251141552511415,-0.028413543286113525
ETH/USDT,4h,28d,crypto_core_v1,random_forest,wf_2023,0.6213324080499654,0.6963832712171578,0.7022753806585221,0.2512342944962037,0.5793763011797364,0.5648401826484019,0.04473759581975704
ETH/USDT,4h,28d,crypto_core_v1,random_forest,wf_2024,0.5284190619266664,0.5152613887116738,0.6946702665704424,0.25076572726865665,0.5115314818261586,0.5091074681238615,0.04254333476527246
ETH/USDT,4h,28d,crypto_core_v1+crypto_context_proxy_v1,hist_gradient_boosting,wf_2022,0.5747576448414211,0.46484469488564584,1.3746730918317014,0.42285623410465284,0.5142641342082834,0.4520547945205479,-0.028413543286113525
ETH/USDT,4h,28d,crypto_core_v1+crypto_context_proxy_v1,hist_gradient_boosting,wf_2023,0.6105638445523942,0.6837032598243098,0.841740377701107,0.2903649874183073,0.5880378209576682,0.5789954337899543,0.04473759581975704
ETH/USDT,4h,28d,crypto_core_v1+crypto_context_proxy_v1,hist_gradient_boosting,wf_2024,0.3846311720598793,0.40441699339043,1.5184559716252641,0.4299729879237809,0.5,0.5209471766848816,0.04254333476527246
ETH/USDT,4h,28d,crypto_core_v1+crypto_context_proxy_v1,logistic_regression,wf_2022,0.6565035720967618,0.5455425915294828,0.7515280946533575,0.26826084058699434,0.5,0.5963470319634703,-0.028413543286113525
ETH/USDT,4h,28d,crypto_core_v1+crypto_context_proxy_v1,logistic_regression,wf_2023,0.6480022553782095,0.7107373209310778,0.8253744170995724,0.3101231324352379,0.5143693615544761,0.42191780821917807,0.04473759581975704
ETH/USDT,4h,28d,crypto_core_v1+crypto_context_proxy_v1,logistic_regression,wf_2024,0.603040495626047,0.592206843430142,0.9355717462138711,0.3302711580311441,0.5,0.5209471766848816,0.04254333476527246
ETH/USDT,4h,28d,crypto_core_v1+crypto_context_proxy_v1,random_forest,wf_2022,0.5519417862562623,0.44302289929856264,0.8167981402737234,0.30264378227222694,0.5558421625217409,0.4785388127853881,-0.028413543286113525
ETH/USDT,4h,28d,crypto_core_v1+crypto_context_proxy_v1,random_forest,wf_2023,0.5891212699514226,0.6634410253510092,0.7681111905581892,0.28004625204705524,0.5164469118667592,0.4625570776255708,0.04473759581975704
ETH/USDT,4h,28d,crypto_core_v1+crypto_context_proxy_v1,random_forest,wf_2024,0.35708955967986383,0.39906127018526566,1.161640056906067,0.3858741755488793,0.5,0.5209471766848816,0.04254333476527246
ETH/USDT,4h,7d,crypto_core_v1,hist_gradient_boosting,wf_2022,0.47168539211495797,0.4134753839532695,0.7703885664088296,0.284610101021656,0.47272597748875456,0.4593607305936073,-0.01283524715482749
ETH/USDT,4h,7d,crypto_core_v1,hist_gradient_boosting,wf_2023,0.49766764705882355,0.5600565818430921,0.7439277321028165,0.27281113276464264,0.48923529411764705,0.48812785388127855,0.013703807086200177
ETH/USDT,4h,7d,crypto_core_v1,hist_gradient_boosting,wf_2024,0.5138573016824675,0.5557089410057867,0.7117530580946768,0.25847234824480564,0.5170708119799199,0.5186703096539163,0.012726770685298261
ETH/USDT,4h,7d,crypto_core_v1,logistic_regression,wf_2022,0.4895890578249984,0.45892815307945817,0.6958900864494565,0.2513224308038608,0.5094899350715434,0.5278538812785388,-0.01283524715482749
ETH/USDT,4h,7d,crypto_core_v1,logistic_regression,wf_2023,0.47587058823529416,0.5356670874796948,0.7178534774177022,0.2620732283001206,0.5092100840336135,0.4780821917808219,0.013703807086200177
ETH/USDT,4h,7d,crypto_core_v1,logistic_regression,wf_2024,0.48050647816068626,0.5438254863560329,0.6997218863843815,0.2532677783234237,0.5092409729423182,0.49863387978142076,0.012726770685298261
ETH/USDT,4h,7d,crypto_core_v1,random_forest,wf_2022,0.45815099767288814,0.4105021873283631,0.7249560291447101,0.2651148324858318,0.4631673485172294,0.46301369863013697,-0.01283524715482749
ETH/USDT,4h,7d,crypto_core_v1,random_forest,wf_2023,0.5108268907563025,0.5747818390521648,0.7113917631961553,0.258719749128161,0.49790336134453783,0.4821917808219178,0.013703807086200177
ETH/USDT,4h,7d,crypto_core_v1,random_forest,wf_2024,0.5416159769961059,0.581785389034028,0.6921881347520328,0.24952393205317608,0.5335000860650319,0.5255009107468124,0.012726770685298261
ETH/USDT,4h,7d,crypto_core_v1+crypto_context_proxy_v1,hist_gradient_boosting,wf_2022,0.5170174295929929,0.44881030256131493,0.9824546983948585,0.348027640048805,0.5222415582829578,0.4785388127853881,-0.01283524715482749
ETH/USDT,4h,7d,crypto_core_v1+crypto_context_proxy_v1,hist_gradient_boosting,wf_2023,0.4852794117647059,0.5336036794200796,0.7903177492760959,0.2923569055812706,0.4816050420168067,0.4593607305936073,0.013703807086200177
ETH/USDT,4h,7d,crypto_core_v1+crypto_context_proxy_v1,hist_gradient_boosting,wf_2024,0.4817246933465493,0.5083157961998708,0.7820386509713942,0.2873812418233454,0.4973228370028081,0.5009107468123861,0.012726770685298261
ETH/USDT,4h,7d,crypto_core_v1+crypto_context_proxy_v1,logistic_regression,wf_2022,0.5648241436160469,0.520746041053865,0.6898778327449924,0.2471488769629121,0.544223606277096,0.5904109589041096,-0.01283524715482749
ETH/USDT,4h,7d,crypto_core_v1+crypto_context_proxy_v1,logistic_regression,wf_2023,0.42040084033613445,0.5202497305707064,0.7745215227915885,0.2875396482410092,0.49576470588235294,0.4634703196347032,0.013703807086200177
ETH/USDT,4h,7d,crypto_core_v1+crypto_context_proxy_v1,logistic_regression,wf_2024,0.5301032198300486,0.5860640378471456,0.7662628491342617,0.2822863337265469,0.5114104769832168,0.48770491803278687,0.012726770685298261
ETH/USDT,4h,7d,crypto_core_v1+crypto_context_proxy_v1,random_forest,wf_2022,0.5314906406681458,0.4695881299348097,0.741509915119835,0.2722806321967016,0.5259077771671653,0.4876712328767123,-0.01283524715482749
ETH/USDT,4h,7d,crypto_core_v1+crypto_context_proxy_v1,random_forest,wf_2023,0.4728386554621849,0.5291923063427986,0.7679447388320234,0.28455704233376583,0.4953949579831933,0.4589041095890411,0.013703807086200177
ETH/USDT,4h,7d,crypto_core_v1+crypto_context_proxy_v1,random_forest,wf_2024,0.4955616221470689,0.5127756338190887,0.733027233502401,0.2685881953427356,0.49430723470142085,0.48679417122040075,0.012726770685298261
