target,timeframe,horizon,feature_set_id,model_id,split_id,split_type,temporal_category,positive_auc_wfs,negative_auc_wfs,positive_pr_auc_wfs,negative_pr_auc_wfs,auc_range,auc_std,brier_range,return_range,positive_auc_excess_dominance,worst_wf,best_wf,weak_fold_count,metric_roc_auc,metric_pr_auc,metric_balanced_accuracy,metric_log_loss,metric_brier_score,metric_accuracy,metric_mean_forward_return,metric_sample_count,metric_positive_rate,metric_signal_coverage_up_0_5,metric_signal_coverage_down_0_5,metric_signal_coverage_up_0_55,metric_signal_coverage_down_0_55,metric_signal_coverage_up_0_6,metric_signal_coverage_down_0_6,metric_signal_coverage_up_0_65,metric_signal_coverage_down_0_65,metric_signal_coverage_up_0_7,metric_signal_coverage_down_0_7,metric_mean_forward_return_up_0_5,metric_mean_forward_return_down_0_5,metric_mean_forward_return_up_0_55,metric_mean_forward_return_down_0_55,metric_mean_forward_return_up_0_6,metric_mean_forward_return_down_0_6,metric_mean_forward_return_up_0_65,metric_mean_forward_return_down_0_65,metric_mean_forward_return_up_0_7,metric_mean_forward_return_down_0_7
BTC/USDT,1h,12h,crypto_core_v1,logistic_regression,wf_2022,validation,A,3,0,3,0,0.0233986744133845,0.00955247237700526,0.0020609048189164925,0.0025737580353726,0.4199758190625733,wf_2024,wf_2023,0,0.5449992541350507,0.5087493549562444,0.5326588125945118,0.6911623944358447,0.2489530117822077,0.5305936073059361,-0.0011562891748861,8760.0,0.4692922374429223,0.5316210045662101,0.4683789954337899,0.1626712328767123,0.1238584474885844,0.0457762557077625,0.0157534246575342,0.0147260273972602,0.0019406392694063,0.0045662100456621,0.0,-0.0004431454993327,0.0019657237586182,0.0003804091025871,0.0033945457231924,0.0016025638698683,0.0106366502410411,-0.0034935856424434,0.0202626391646184,-0.0177791796044209,
BTC/USDT,1h,12h,crypto_core_v1,logistic_regression,wf_2023,validation,A,3,0,3,0,0.0233986744133845,0.00955247237700526,0.0020609048189164925,0.0025737580353726,0.4199758190625733,wf_2024,wf_2023,0,0.5566811247210803,0.5655297123291217,0.5408882671531032,0.6886065930737907,0.2477410024838234,0.5395593104235643,0.0014174688604865,8759.0,0.5183240095901359,0.4652357575065646,0.5347642424934353,0.0711268409635803,0.0768352551661148,0.0130151843817787,0.0060509190546866,0.0017125242607603,0.0004566731362027,0.0,0.0,0.0021358268485855,-0.0007925096799777,0.0049140832013455,-0.0007489944446131,0.0083398821873927,0.0072375903201462,0.0148124088343639,0.0089357628212117,,
BTC/USDT,1h,12h,crypto_core_v1,logistic_regression,wf_2024,validation,A,3,0,3,0,0.0233986744133845,0.00955247237700526,0.0020609048189164925,0.0025737580353726,0.4199758190625733,wf_2024,wf_2023,0,0.5332824503076958,0.5667934996633534,0.5338145977565616,0.6927725805454802,0.2498019073027399,0.530851548269581,0.001261483688387,8784.0,0.5329007285974499,0.4571948998178506,0.5428051001821493,0.1096311475409836,0.1300091074681238,0.0214025500910746,0.0152550091074681,0.002959927140255,0.0012522768670309,0.0003415300546448,0.0,0.0021129675566128,-0.0005442942557539,0.0031232771373726,-0.0007383570667062,0.0029398060599175,0.0011483420167676,0.0090252292977981,-0.0104088587131676,0.0336621200318835,
BTC/USDT,1h,12h,crypto_core_v1,logistic_regression,final_holdout,holdout,A,3,0,3,0,0.0233986744133845,0.00955247237700526,0.0020609048189164925,0.0025737580353726,0.4199758190625733,wf_2024,wf_2023,0,0.5106290493434829,0.5228997547288545,0.5058457299112091,0.6949454760100994,0.2508917341812337,0.504773902665429,6.007763805394336e-05,15082.0,0.5126641029041241,0.4578305264553772,0.5421694735446227,0.0997215223445166,0.1151704018034743,0.0116032356451399,0.0064315077575918,0.0006630420368651,0.0007956504442381,0.000132608407373,0.0,-5.2475557203141904e-05,-0.000155122252613,0.0003599386919466,0.0007683181353496,0.0022812739249262,0.0061524892560047,0.0354625802947418,0.0168677327485864,0.0473464298566844,
BTC/USDT,1h,1h,crypto_core_v1,hist_gradient_boosting,wf_2022,validation,A,3,0,3,0,0.0146879395154218,0.006397834960232316,0.001376288742657189,0.00021153949464317577,0.36208356341272324,wf_2024,wf_2022,0,0.5726248488577619,0.5558840277528173,0.5537125475320055,0.686025291304026,0.2464513414219979,0.553082191780822,-9.407711287377576e-05,8760.0,0.4974885844748858,0.6252283105022831,0.3747716894977169,0.3122146118721461,0.1519406392694064,0.0871004566210045,0.0299086757990867,0.0091324200913242,0.0018264840182648,0.0001141552511415,0.0001141552511415,-2.2744586950359675e-05,0.0002130805379369,-0.0001158143013959,0.0001532743982582,7.029475409341704e-05,0.000424888801741,0.0013966227616996,0.0009084899131318,0.0332649244785423,-0.0039886414775551
BTC/USDT,1h,1h,crypto_core_v1,hist_gradient_boosting,wf_2023,validation,A,3,0,3,0,0.0146879395154218,0.006397834960232316,0.001376288742657189,0.00021153949464317577,0.36208356341272324,wf_2024,wf_2022,0,0.5700130709173965,0.5791350462830955,0.5470440327964615,0.6852590045035085,0.2460851233803602,0.5483502682954675,0.0001174623817694,8759.0,0.5134147733759562,0.5499486242721772,0.4500513757278228,0.2624728850325379,0.147277086425391,0.0496632035620504,0.0077634433154469,0.0011416828405069,0.0,0.0,0.0,8.018410696525084e-05,-0.0001630152609505,0.0002312221334351,-0.0004476932350021,0.0008367902342246,7.473942080183143e-05,0.0004755869128308,,,
BTC/USDT,1h,1h,crypto_core_v1,hist_gradient_boosting,wf_2024,validation,A,3,0,3,0,0.0146879395154218,0.006397834960232316,0.001376288742657189,0.00021153949464317577,0.36208356341272324,wf_2024,wf_2022,0,0.5579369093423401,0.5591005970227985,0.5472946004772021,0.6880570852104911,0.2474614121230174,0.5480418943533698,0.0001062213431995,8784.0,0.5114981785063752,0.5335837887067395,0.4664162112932605,0.2882513661202185,0.2058287795992714,0.0694444444444444,0.0129781420765027,0.0009107468123861,0.0,0.0,0.0,0.0002599038399675,6.959263345441091e-05,0.0003429886836021,0.0001723144506954,0.000605178171402,0.0007506132054198,0.0028832512501034,,,
BTC/USDT,1h,1h,crypto_core_v1,hist_gradient_boosting,final_holdout,holdout,A,3,0,3,0,0.0146879395154218,0.006397834960232316,0.001376288742657189,0.00021153949464317577,0.36208356341272324,wf_2024,wf_2022,0,0.53699917568368,0.5306469013803672,0.5281517614388113,0.6933655502713061,0.2500744616038411,0.528324388789505,6.073548038943529e-06,15093.0,0.5016895249453389,0.5511826674617373,0.4488173325382628,0.2857616113430067,0.2062545550917644,0.0939508381368846,0.0240508845160007,0.0054992380573775,0.0002650235208374,0.0,0.0,5.6782140507843925e-05,5.620055599837304e-05,4.1842272195068826e-06,9.607142735545076e-05,-0.0001004551120121,-0.0001130033714217,0.0003875323104717,0.0001538514950718,,
BTC/USDT,1h,1h,crypto_core_v1,logistic_regression,wf_2022,validation,A,3,0,3,0,0.01836520754655413,0.007740866100170412,0.0015089073779653017,0.00021153949464317577,0.380745833977364,wf_2024,wf_2023,0,0.5577090725376403,0.5426134973530268,0.5406046398451703,0.6887302656588077,0.2477885485403801,0.5404109589041096,-9.407711287377576e-05,8760.0,0.4974885844748858,0.5383561643835616,0.4616438356164383,0.1737442922374429,0.1264840182648401,0.0296803652968036,0.0154109589041095,0.0031963470319634,0.0011415525114155,0.0001141552511415,0.0,-6.40948518909907e-05,0.0001290415893314,-0.0001036465458095,-5.759630051624277e-07,-0.0013375205471096,-0.0001678818346563,0.0003313050964989,0.0026920485902822,0.0648723290361514,
BTC/USDT,1h,1h,crypto_core_v1,logistic_regression,wf_2023,validation,A,3,0,3,0,0.01836520754655413,0.007740866100170412,0.0015089073779653017,0.00021153949464317577,0.380745833977364,wf_2024,wf_2023,0,0.5628070833394639,0.5679387232093743,0.5491752309558893,0.6873035315179603,0.2470950555326906,0.5497202877040758,0.0001174623817694,8759.0,0.5134147733759562,0.5216348898276059,0.4783651101723941,0.1343760703276629,0.1141682840506907,0.0141568672222856,0.0057084142025345,0.0012558511245575,0.0,0.0002283365681013,0.0,9.27931728182622e-05,-0.000144363006041,0.000104409267239,-0.0004134327681387,0.0006549928923012,0.0002524029302368,0.0060084051770206,,0.0215622842896689,
BTC/USDT,1h,1h,crypto_core_v1,logistic_regression,wf_2024,validation,A,3,0,3,0,0.01836520754655413,0.007740866100170412,0.0015089073779653017,0.00021153949464317577,0.380745833977364,wf_2024,wf_2023,0,0.5444418757929098,0.5487950983953214,0.5327323950879752,0.6903619093355734,0.2486039629106559,0.5322176684881603,0.0001062213431995,8784.0,0.5114981785063752,0.4783697632058288,0.5216302367941712,0.1604052823315118,0.1590391621129326,0.0292577413479052,0.0138888888888888,0.0011384335154826,0.0006830601092896,0.0001138433515482,0.0001138433515482,0.0001892850117371,-3.0046411904309147e-05,0.0003843969480761,-6.476091796449426e-05,0.0002555832084822,-8.734093857467286e-05,0.0028621952024083,-0.0049116762539723,0.0179887026049234,-0.0047984080405936
BTC/USDT,1h,1h,crypto_core_v1,logistic_regression,final_holdout,holdout,A,3,0,3,0,0.01836520754655413,0.007740866100170412,0.0015089073779653017,0.00021153949464317577,0.380745833977364,wf_2024,wf_2023,0,0.5317918070290666,0.5259479301565853,0.5235926305446703,0.692579513776464,0.2497074808459076,0.5235539654144306,6.073548038943529e-06,15093.0,0.5016895249453389,0.4886371165440933,0.5113628834559067,0.1635195123567216,0.1647783740806996,0.0166964818127608,0.0089445438282647,0.0005300470416749,0.0004637911614655,6.625588020936858e-05,0.0,9.500710388210905e-06,-2.798694148577256e-06,2.3589392426120168e-05,8.368922413243549e-05,-0.0001582804663226,-0.000529372327865,0.010222386888315,-6.53601208659506e-05,0.0202663673823562,
BTC/USDT,1h,1h,crypto_core_v1,random_forest,wf_2022,validation,A,3,0,3,0,0.012971988819143632,0.005365478136524018,0.0012731469343816026,0.00021153949464317577,0.3637908008026588,wf_2024,wf_2022,0,0.5701903615507908,0.5539952136419578,0.5523096014390388,0.6865384452200911,0.2466720439937552,0.5521689497716895,-9.407711287377576e-05,8760.0,0.4974885844748858,0.5277397260273973,0.4722602739726027,0.2845890410958904,0.2167808219178082,0.0757990867579908,0.0575342465753424,0.0126712328767123,0.0062785388127853,0.0039954337899543,0.0006849315068493,-1.841593448566944e-05,0.0001786266965547,-6.486634050858925e-05,0.0001717987702451,0.0001986984585424,0.0002364647044016,0.0007045710342702,-0.000465957329148,0.0004618329808503,-0.0037949828254446
BTC/USDT,1h,1h,crypto_core_v1,random_forest,wf_2023,validation,A,3,0,3,0,0.012971988819143632,0.005365478136524018,0.0012731469343816026,0.00021153949464317577,0.3637908008026588,wf_2024,wf_2022,0,0.5655328172794063,0.569513612482163,0.5469568220411188,0.6867286974364761,0.2467976363190484,0.5473227537390113,0.0001174623817694,8759.0,0.5134147733759562,0.5148989610686151,0.4851010389313848,0.2569928073981048,0.218518095673022,0.0558282909007877,0.0482931841534421,0.0057084142025345,0.0038817216577234,0.0011416828405069,0.0,6.455139646642019e-05,-0.0001736234887868,0.0001605102518291,-0.0002615970199127,0.0002357725072688,-0.0003753886425242,0.0014284240557515,9.114536083867756e-05,-0.0022829348195218,
BTC/USDT,1h,1h,crypto_core_v1,random_forest,wf_2024,validation,A,3,0,3,0,0.012971988819143632,0.005365478136524018,0.0012731469343816026,0.00021153949464317577,0.3637908008026588,wf_2024,wf_2022,0,0.5572183727316472,0.561811387835025,0.5450928794022945,0.6890390536573269,0.2479451909281368,0.5446265938069217,0.0001062213431995,8784.0,0.5114981785063752,0.4807604735883424,0.5192395264116576,0.2743624772313296,0.285063752276867,0.0696721311475409,0.0725182149362477,0.0107012750455373,0.0048952641165755,0.000455373406193,0.0001138433515482,0.0002140600586998,-6.3741834631669525e-06,0.000366926815509,8.535289577610144e-05,0.0008487915832344,0.0003207151607916,0.0007656043144433,-5.74883970144403e-05,0.0031801046139857,0.0168783219768119
BTC/USDT,1h,1h,crypto_core_v1,random_forest,final_holdout,holdout,A,3,0,3,0,0.012971988819143632,0.005365478136524018,0.0012731469343816026,0.00021153949464317577,0.3637908008026588,wf_2024,wf_2022,0,0.538647448352572,0.5344545311067241,0.5301797860865436,0.6935870871732043,0.2501753989675218,0.5301795534353674,6.073548038943529e-06,15093.0,0.5016895249453389,0.5000331279401047,0.4999668720598953,0.2764195322334857,0.2693301530510832,0.0777844033657987,0.0644007155635062,0.015106340687736,0.0047041674948651,0.0008613264427217,6.625588020936858e-05,6.874610522907572e-05,5.660731455235354e-05,1.2410075026213788e-05,7.008724134776528e-05,8.266619009354958e-05,7.910018801031466e-05,0.0002240405823014,-0.0010106078185247,0.002903450928583,-0.0020474697518158
BTC/USDT,1h,1h,crypto_core_v1+crypto_context_proxy_v1,hist_gradient_boosting,wf_2022,validation,A,3,0,3,0,0.00922905430738985,0.003987900119002919,0.0013701876918096045,0.00021153949464317577,0.364406674553524,wf_2024,wf_2023,0,0.5575652280796058,0.5429396708874493,0.5381617079641091,0.6896754826018888,0.2482568664128242,0.5373287671232877,-9.407711287377576e-05,8760.0,0.4974885844748858,0.6656392694063927,0.3343607305936073,0.3067351598173516,0.0881278538812785,0.0647260273972602,0.0084474885844748,0.0061643835616438,0.0,0.0001141552511415,0.0,-5.499527507542512e-05,0.0001718805257116,0.000193386131431,0.0001493150038858,0.0002125023519485,0.0001696128316207,0.0020722437593087,,0.0010899221944029,
BTC/USDT,1h,1h,crypto_core_v1+crypto_context_proxy_v1,hist_gradient_boosting,wf_2023,validation,A,3,0,3,0,0.00922905430738985,0.003987900119002919,0.0013701876918096045,0.00021153949464317577,0.364406674553524,wf_2024,wf_2023,0,0.5649516644236572,0.5708210498400866,0.5464245833840736,0.6868954447004312,0.2468866787210146,0.5466377440347071,0.0001174623817694,8759.0,0.5134147733759562,0.5091905468660806,0.4908094531339194,0.1633748144765384,0.1557255394451421,0.0141568672222856,0.0073067701792442,0.0001141682840506,0.0,0.0,0.0,0.0001120135812672,-0.0001231152429557,0.0003290993256806,-0.0004395524653305,0.0002889775273279,-0.0015830355468047,-0.0018102603411865,,,
BTC/USDT,1h,1h,crypto_core_v1+crypto_context_proxy_v1,hist_gradient_boosting,wf_2024,validation,A,3,0,3,0,0.00922905430738985,0.003987900119002919,0.0013701876918096045,0.00021153949464317577,0.364406674553524,wf_2024,wf_2023,0,0.5557226101162673,0.5589350333559131,0.5406688194583014,0.6883106684459429,0.2475944869313429,0.5406420765027322,0.0001062213431995,8784.0,0.5114981785063752,0.4997723132969034,0.5002276867030966,0.2258652094717668,0.2032103825136612,0.043943533697632,0.0097905282331511,0.0023907103825136,0.0,0.0,0.0,0.0002417860089863,2.9219913697047312e-05,0.000471563083401,6.239667405725864e-05,0.0004828374381228,0.0011677501562006,0.0017170673968911,,,
BTC/USDT,1h,1h,crypto_core_v1+crypto_context_proxy_v1,hist_gradient_boosting,final_holdout,holdout,A,3,0,3,0,0.00922905430738985,0.003987900119002919,0.0013701876918096045,0.00021153949464317577,0.364406674553524,wf_2024,wf_2023,0,0.5377763445659075,0.533173464814347,0.5263334770408308,0.6927175263613445,0.2497636963262509,0.5266679917842708,6.073548038943529e-06,15093.0,0.5016895249453389,0.5990856688531108,0.4009143311468893,0.2955012257337839,0.13536076326774,0.0775856357251706,0.0105346849532896,0.0049691910157026,0.0002650235208374,0.0,0.0,3.333572461217561e-05,3.466428051421538e-05,6.305288743954974e-05,0.0001721207559494,0.0001357256079151,3.527068676641966e-05,0.000626428022512,0.0003713349683575,,
BTC/USDT,1h,1h,crypto_core_v1+crypto_context_proxy_v1,logistic_regression,wf_2022,validation,A,3,0,3,0,0.012229893828947791,0.0050282487484247206,0.0015681176048276957,0.00021153949464317577,0.37606563669082055,wf_2024,wf_2023,0,0.5501430990419265,0.5377885703193482,0.5290242096556302,0.6912637186188239,0.2490455426886521,0.5301369863013699,-9.407711287377576e-05,8760.0,0.4974885844748858,0.278310502283105,0.721689497716895,0.0662100456621004,0.3723744292237443,0.0098173515981735,0.0909817351598173,0.0007990867579908,0.0053652968036529,0.0,0.0,-5.448155333012176e-05,0.0001093466437449,-0.0001391670933573,7.509147670934594e-05,0.0013386751152222,0.0004285994875572,0.0032259302226184,-0.0010808141382176,,
BTC/USDT,1h,1h,crypto_core_v1+crypto_context_proxy_v1,logistic_regression,wf_2023,validation,A,3,0,3,0,0.012229893828947791,0.0050282487484247206,0.0015681176048276957,0.00021153949464317577,0.37606563669082055,wf_2024,wf_2023,0,0.5575217932973096,0.5641779252271851,0.5440997371729231,0.6882440019990641,0.2475611166919655,0.5430985272291358,0.0001174623817694,8759.0,0.5134147733759562,0.4638657380979564,0.5361342619020436,0.126955131864368,0.1638314876127412,0.0118735015412718,0.0089051261559538,0.0004566731362027,0.0001141682840506,0.0001141682840506,0.0,0.0001118129543566,-0.00012235029139,9.870041772490164e-05,-0.0004807926191119,0.0009983142442853,-0.000943734856636,0.0148941434764732,0.0021303749098851,0.0189766692583337,
BTC/USDT,1h,1h,crypto_core_v1+crypto_context_proxy_v1,logistic_regression,wf_2024,validation,A,3,0,3,0,0.012229893828947791,0.0050282487484247206,0.0015681176048276957,0.00021153949464317577,0.37606563669082055,wf_2024,wf_2023,0,0.5452918994683618,0.5478512726456413,0.5312471099428444,0.691423953383718,0.2491292342967932,0.5286885245901639,0.0001062213431995,8784.0,0.5114981785063752,0.3894581056466302,0.6105418943533698,0.1226092896174863,0.2611566484517304,0.0175318761384335,0.033811475409836,0.0003415300546448,0.0009107468123861,0.0,0.0,0.0001688720083099,-6.625715797810666e-05,0.0004801216023523,-0.0001101202791008,-0.0001064019847139,0.0005002390737296,-0.0028860529411563,-0.0013082633789406,,
BTC/USDT,1h,1h,crypto_core_v1+crypto_context_proxy_v1,logistic_regression,final_holdout,holdout,A,3,0,3,0,0.012229893828947791,0.0050282487484247206,0.0015681176048276957,0.00021153949464317577,0.37606563669082055,wf_2024,wf_2023,0,0.5308838193716161,0.5254338231904243,0.5235149031207074,0.6930604767278182,0.2499430567341784,0.5237527330550587,6.073548038943529e-06,15093.0,0.5016895249453389,0.5704631286026635,0.4295368713973365,0.2466706420194792,0.1164115815278606,0.0373683164380838,0.0047041674948651,0.0009275823229311,0.0002650235208374,6.625588020936858e-05,0.0,1.6460144632476065e-05,7.720775063064053e-06,3.285049257583333e-05,6.153029281571314e-05,1.1916304776694344e-05,-0.0001912293283072,0.0034899360800846,-0.0086136506511266,0.0202663673823562,
BTC/USDT,1h,1h,crypto_core_v1+crypto_context_proxy_v1,random_forest,wf_2022,validation,A,3,0,3,0,0.01094569836941095,0.004477706954157743,0.0016681184737470933,0.00021153949464317577,0.36326255132690116,wf_2024,wf_2023,0,0.5628012549679637,0.5469544045235452,0.5412527869700847,0.688396041050132,0.2475514067691217,0.5408675799086758,-9.407711287377576e-05,8760.0,0.4974885844748858,0.5764840182648402,0.4235159817351598,0.276027397260274,0.1578767123287671,0.0738584474885844,0.0289954337899543,0.0158675799086757,0.0014840182648401,0.00662100456621,0.0,-6.172292182833211e-05,0.0001381171842429,2.91358877823312e-05,0.0003801202802843,9.560468770564414e-05,0.0003104999698333,0.0008800826096512,-0.0002428358268634,-0.0020878208434793,
BTC/USDT,1h,1h,crypto_core_v1+crypto_context_proxy_v1,random_forest,wf_2023,validation,A,3,0,3,0,0.01094569836941095,0.004477706954157743,0.0016681184737470933,0.00021153949464317577,0.36326255132690116,wf_2024,wf_2023,0,0.5688808441771547,0.5731562789568794,0.548337037246897,0.6862294773477725,0.2465614381797316,0.547436922023062,0.0001174623817694,8759.0,0.5134147733759562,0.4677474597556799,0.5322525402443201,0.1798150473798379,0.2146363740152985,0.0246603493549491,0.0486356890055942,0.0022833656810138,0.0012558511245575,0.0001141682840506,0.0,0.0001124089225545,-0.000121903399016,0.0001873551634835,-0.0002278299767123,0.0004915178992057,-0.0003637331644119,0.002416346759029,0.0013679634919429,0.0111051738035392,
BTC/USDT,1h,1h,crypto_core_v1+crypto_context_proxy_v1,random_forest,wf_2024,validation,A,3,0,3,0,0.01094569836941095,0.004477706954157743,0.0016681184737470933,0.00021153949464317577,0.36326255132690116,wf_2024,wf_2023,0,0.5579351458077437,0.5604169333178328,0.5389973258072593,0.6896312918584109,0.2482295566534787,0.5377959927140255,0.0001062213431995,8784.0,0.5114981785063752,0.4486566484517304,0.5513433515482696,0.2106102003642987,0.3407331511839708,0.043943533697632,0.0943761384335154,0.0036429872495446,0.0013661202185792,0.0,0.0,0.0002304623648588,-5.119987354203841e-06,0.000482952605641,5.096994916266625e-05,0.0001767646098728,3.8376510114259705e-05,0.0016297558797601,-0.0004290695418099,,
BTC/USDT,1h,1h,crypto_core_v1+crypto_context_proxy_v1,random_forest,final_holdout,holdout,A,3,0,3,0,0.01094569836941095,0.004477706954157743,0.0016681184737470933,0.00021153949464317577,0.36326255132690116,wf_2024,wf_2023,0,0.5388543351726629,0.5340222686240107,0.5267874620897726,0.6925283919670102,0.2496609716599557,0.5269330153051083,6.073548038943529e-06,15093.0,0.5016895249453389,0.5431657059564037,0.4568342940435964,0.2660836149208242,0.1782945736434108,0.069038627178162,0.0123235937189425,0.0144437818856423,0.0,0.0014576293646061,0.0,2.622673655290916e-05,1.788814005931467e-05,0.0001032000299254,0.0001113320520335,0.0001067042273613,0.0003387393893327,3.072813957725368e-06,,0.0002207065180415,
BTC/USDT,1h,24h,crypto_core_v1,logistic_regression,wf_2022,validation,B,3,0,2,1,0.015078685757192734,0.0064717526615592665,0.0008800842191221958,0.0051828952078606,0.3877456002727054,wf_2022,wf_2023,1,0.5285831247685946,0.4881415174679878,0.5192257222140091,0.6930272130274996,0.2499171098808345,0.5190639269406393,-0.0023088406224894,8760.0,0.4686073059360731,0.5013698630136987,0.4986301369863014,0.0735159817351598,0.0424657534246575,0.0125570776255707,0.0,0.0027397260273972,0.0,0.0003424657534246,0.0,-0.0020794394706297,0.0025395022202385,0.0005517134978708,0.0002679517257063,0.0016682011083021,,-0.035743554608682,,0.0070754080963003,
BTC/USDT,1h,24h,crypto_core_v1,logistic_regression,wf_2023,validation,B,3,0,2,1,0.015078685757192734,0.0064717526615592665,0.0008800842191221958,0.0051828952078606,0.3877456002727054,wf_2022,wf_2023,1,0.5436618105257873,0.5710648426771137,0.5404342235038055,0.6915040393997361,0.2491787865720822,0.5349925790615367,0.0028740545853712,8759.0,0.5274574723141912,0.4031282109829889,0.5968717890170111,0.0078776115994976,0.0276287247402671,0.0002283365681013,0.0001141682840506,0.0,0.0,0.0,0.0,0.002244990833397,-0.0032989253023224,0.0115182852325767,-0.004041549358477,0.0188080389417465,-0.0004631605493907,,,,
BTC/USDT,1h,24h,crypto_core_v1,logistic_regression,wf_2024,validation,B,3,0,2,1,0.015078685757192734,0.0064717526615592665,0.0008800842191221958,0.0051828952078606,0.3877456002727054,wf_2022,wf_2023,1,0.5403593353796877,0.5747058077693961,0.5283568830908848,0.6912135788643097,0.2490370256617123,0.5241347905282332,0.0025133823597573,8784.0,0.5373406193078324,0.4455828779599271,0.5544171220400729,0.0458788706739526,0.0631830601092896,0.0007969034608378,0.0002276867030965,0.0,0.0,0.0,0.0,0.0028354936189361,-0.0022545027974523,0.0071999688847579,0.0007156660990337,0.0710695369687947,-0.0324748874707474,,,,
BTC/USDT,1h,24h,crypto_core_v1,logistic_regression,final_holdout,holdout,B,3,0,2,1,0.015078685757192734,0.0064717526615592665,0.0008800842191221958,0.0051828952078606,0.3877456002727054,wf_2022,wf_2023,1,0.5095865267687495,0.5245483475689068,0.5054580925128478,0.6940412728695936,0.2504473812934623,0.5042468480424684,7.211335610647748e-05,15070.0,0.5112143331121434,0.4461181154611811,0.5538818845388188,0.0354346383543463,0.0619774386197743,0.0013934970139349,6.635700066357e-05,6.635700066357e-05,0.0,0.0,0.0,8.68418700863252e-06,-0.000123201687704,0.0055077610438373,6.615481791951351e-05,0.0413381817189139,0.0225498286233474,0.0805506980339114,,,
BTC/USDT,1h,2h,crypto_core_v1,hist_gradient_boosting,wf_2022,validation,A,3,0,3,0,0.014739692206634292,0.0061057630885296005,0.0029448126759520077,0.0004239071025678,0.36951465276847695,wf_2022,wf_2023,0,0.5530553793485349,0.5370599914789926,0.5424530453395013,0.692215199722228,0.2494464148365261,0.5415525114155251,-0.0001892025421138,8760.0,0.4966894977168949,0.6357305936073059,0.364269406392694,0.3608447488584475,0.1494292237442922,0.129337899543379,0.0468036529680365,0.0320776255707762,0.0130136986301369,0.0034246575342465,0.0039954337899543,-0.0001302979771558,0.0002920040219794,-4.069695157101653e-05,2.4680206539806218e-05,8.236042487886532e-05,0.0002976567316454,0.001163382600453,6.623457972694316e-05,0.0032740229305945,0.0003437447193837
BTC/USDT,1h,2h,crypto_core_v1,hist_gradient_boosting,wf_2023,validation,A,3,0,3,0,0.014739692206634292,0.0061057630885296005,0.0029448126759520077,0.0004239071025678,0.36951465276847695,wf_2022,wf_2023,0,0.5677950715551692,0.5697940752675179,0.5466137158206865,0.6861257997530563,0.2465016021605741,0.5490352779997717,0.000234704560454,8759.0,0.512729763671652,0.5963009475967577,0.4036990524032424,0.2991209042128097,0.1725082772005936,0.0927046466491608,0.0447539673478707,0.0137001940860828,0.0038817216577234,0.0015983559767096,0.0001141682840506,0.0001684387300736,-0.0003325853387562,0.0002550928784401,-0.0003564857812571,0.00059161872749,0.0001273605381343,0.0005227652168913,0.0012711646383793,-0.0002077071571719,0.0011527554216917
BTC/USDT,1h,2h,crypto_core_v1,hist_gradient_boosting,wf_2024,validation,A,3,0,3,0,0.014739692206634292,0.0061057630885296005,0.0029448126759520077,0.0004239071025678,0.36951465276847695,wf_2022,wf_2023,0,0.5626201396323818,0.5704722880746753,0.5428091544764969,0.6869278938963183,0.2469028394016117,0.5445127504553734,0.0002125073229926,8784.0,0.5170765027322405,0.5513433515482696,0.4486566484517304,0.303620218579235,0.2007058287795992,0.0906193078324225,0.0400728597449908,0.0125227686703096,0.0058060109289617,0.0005692167577413,0.0002276867030965,0.0003680884380559,-2.1317437112977903e-05,0.0006525318152956,0.0003753279849169,0.001139394392364,-0.000321456561344,0.0019962042136424,-5.2312351437424806e-05,0.0036602162691182,0.008304832076311
BTC/USDT,1h,2h,crypto_core_v1,hist_gradient_boosting,final_holdout,holdout,A,3,0,3,0,0.014739692206634292,0.0061057630885296005,0.0029448126759520077,0.0004239071025678,0.36951465276847695,wf_2022,wf_2023,0,0.535891675472939,0.5381454422638197,0.5281226901100878,0.6944637483259098,0.2505944163018177,0.5290882586800955,1.158874812000908e-05,15092.0,0.507553670818977,0.5643387225019878,0.4356612774980122,0.3118208322289955,0.2065332626557116,0.1132388020143122,0.0472435727537768,0.020474423535648,0.0070898489265836,0.0003313013517095,0.0012589451364961,0.0001008493391714,0.0001040359597103,5.766265445437813e-05,8.284229720239829e-06,-4.309680479681672e-05,-4.210054905433173e-05,0.0003230406588316,0.0004729612028941,0.0115195599544287,0.000558157274994
BTC/USDT,1h,2h,crypto_core_v1,logistic_regression,wf_2022,validation,A,3,0,3,0,0.018730867130621554,0.008595404871337135,0.001816113156200283,0.0004239071025678,0.4115253727058273,wf_2024,wf_2023,0,0.5462058943285758,0.5285363260160072,0.5357956258273036,0.6909123469244267,0.2488626006829555,0.5356164383561643,-0.0001892025421138,8760.0,0.4966894977168949,0.5268264840182648,0.4731735159817352,0.1837899543378995,0.1431506849315068,0.0355022831050228,0.0182648401826484,0.0042237442922374,0.0009132420091324,0.0003424657534246,0.0,-0.0001363852462925,0.0002480087713575,8.479395126895938e-05,0.0003132194221589,-0.0015627566967552,0.0013714921999289,0.0035844037105271,0.0050194828878286,0.0464063758198324,
BTC/USDT,1h,2h,crypto_core_v1,logistic_regression,wf_2023,validation,A,3,0,3,0,0.018730867130621554,0.008595404871337135,0.001816113156200283,0.0004239071025678,0.4115253727058273,wf_2024,wf_2023,0,0.5638978154163163,0.5741624549156992,0.5491906962941816,0.6872046802100512,0.2470464875267552,0.5490352779997717,0.000234704560454,8759.0,0.512729763671652,0.4951478479278456,0.5048521520721544,0.1264984587281653,0.1270693001484187,0.0117593332572211,0.0053659093503824,0.0012558511245575,0.0,0.0001141682840506,0.0,0.0001966534004042,-0.0002720242983861,0.0003462412601324,-0.0006658204515567,0.0012318878735657,-0.0005849041548055,0.0066076053833944,,0.0284537071836994,
BTC/USDT,1h,2h,crypto_core_v1,logistic_regression,wf_2024,validation,A,3,0,3,0,0.018730867130621554,0.008595404871337135,0.001816113156200283,0.0004239071025678,0.4115253727058273,wf_2024,wf_2023,0,0.5451669482856948,0.556584147992278,0.5323161727382401,0.6902527044746745,0.2485562048385323,0.530851548269581,0.0002125073229926,8784.0,0.5170765027322405,0.4582194899817851,0.5417805100182149,0.1602914389799635,0.1734972677595628,0.0299408014571949,0.0113843351548269,0.001707650273224,0.0002276867030965,0.0001138433515482,0.0,0.0002652980596388,-0.0001678587171928,0.000618257807318,1.493981061724646e-05,0.0010243633168291,0.0010187837606663,0.0027192357520686,9.539571731853602e-05,0.0400776368326527,
BTC/USDT,1h,2h,crypto_core_v1,logistic_regression,final_holdout,holdout,A,3,0,3,0,0.018730867130621554,0.008595404871337135,0.001816113156200283,0.0004239071025678,0.4115253727058273,wf_2024,wf_2023,0,0.5323634372005048,0.5311864556233317,0.5216326547819463,0.692612316789636,0.2497244143196778,0.521203286509409,1.158874812000908e-05,15092.0,0.507553670818977,0.4719056453750331,0.5280943546249669,0.1675722236946726,0.181685661277498,0.0175589716406042,0.0076861913596607,0.0007951232441028,0.0001325205406838,6.626027034190299e-05,0.0,1.4312310607625184e-05,-9.154969947261038e-06,-0.0001936150541997,0.000326850703884,-0.0004960823271809,0.0010853729557137,0.0075359814873087,0.0078904385979136,0.0217501510117401,
BTC/USDT,1h,2h,crypto_core_v1,random_forest,wf_2022,validation,A,3,0,3,0,0.01473868414728119,0.006019430148470813,0.0019882381961354167,0.0004239071025678,0.37260232209590216,wf_2022,wf_2023,0,0.5563224217153866,0.5406573251051479,0.53957876116731,0.6898736025206818,0.2483155981913784,0.539269406392694,-0.0001892025421138,8760.0,0.4966894977168949,0.5464611872146119,0.4535388127853881,0.2801369863013698,0.2246575342465753,0.0742009132420091,0.0643835616438356,0.0146118721461187,0.0114155251141552,0.0031963470319634,0.0011415525114155,-0.0001731651667394,0.0002085257024251,0.0001055225339902,0.0001419578066785,0.0004303149496041,-0.0002339786958658,0.0012579540917267,0.0001415093800525,0.0031686228332058,-0.0022447122940369
BTC/USDT,1h,2h,crypto_core_v1,random_forest,wf_2023,validation,A,3,0,3,0,0.01473868414728119,0.006019430148470813,0.0019882381961354167,0.0004239071025678,0.37260232209590216,wf_2022,wf_2023,0,0.5710611058626678,0.5726139052416106,0.5519772753880143,0.6857801633442616,0.246327359995243,0.5523461582372416,0.000234704560454,8759.0,0.512729763671652,0.5158123073410207,0.4841876926589793,0.2306199337823952,0.2208014613540358,0.0521749058111656,0.0486356890055942,0.00662176047494,0.005137572782281,0.0013700194086082,0.0001141682840506,0.0001878138523823,-0.0002846579250066,0.0003348628115958,-0.0003428500648892,0.0008667817865738,-0.000447633816502,0.0016473724418659,-0.0010547578134922,-0.0023163808886228,0.0011931318469498
BTC/USDT,1h,2h,crypto_core_v1,random_forest,wf_2024,validation,A,3,0,3,0,0.01473868414728119,0.006019430148470813,0.0019882381961354167,0.0004239071025678,0.37260232209590216,wf_2022,wf_2023,0,0.5633321541250181,0.5700181348253165,0.5443674533522422,0.6876280877117295,0.2472444399105669,0.5438296903460837,0.0002125073229926,8784.0,0.5170765027322405,0.4857695810564663,0.5142304189435337,0.2637750455373406,0.2784608378870674,0.0704690346083788,0.0703551912568306,0.0095628415300546,0.0033014571948998,0.0011384335154826,0.0003415300546448,0.0004306916082831,-6.398767461335275e-06,0.0005889126037817,0.0002092932899639,0.0010833386002644,-0.0001398534571211,0.0022356939210219,0.0004524126078452,0.0090107331694041,0.0006009606658781
BTC/USDT,1h,2h,crypto_core_v1,random_forest,final_holdout,holdout,A,3,0,3,0,0.01473868414728119,0.006019430148470813,0.0019882381961354167,0.0004239071025678,0.37260232209590216,wf_2022,wf_2023,0,0.5355708115635723,0.5363089125310627,0.5254898020556088,0.6944011042731453,0.2505777389221404,0.5254439438112908,1.158874812000908e-05,15092.0,0.507553670818977,0.4973495891863239,0.5026504108136761,0.2682878346143652,0.2814736284124039,0.0738802014312218,0.0722899549430161,0.0121918897429101,0.0056983832494036,0.0011264245958123,0.0,4.817471268148555e-05,2.4611390292651403e-05,5.258708663129426e-05,0.000139136052753,-0.0001376516335367,-0.0001799561183772,4.3618472303032535e-05,-0.0001487120706677,0.0010326123211926,
BTC/USDT,1h,2h,crypto_core_v1+crypto_context_proxy_v1,random_forest,wf_2022,validation,A,3,0,3,0,0.02700531935008932,0.011115993252669983,0.003334360116939522,0.0004239071025678,0.4130390103742723,wf_2022,wf_2023,0,0.5481707539252753,0.531713717365568,0.5362687392886795,0.6918929981093417,0.2493264698962306,0.5353881278538812,-0.0001892025421138,8760.0,0.4966894977168949,0.6327625570776255,0.3672374429223744,0.3376712328767123,0.1494292237442922,0.1050228310502283,0.0299086757990867,0.0148401826484018,0.0014840182648401,0.0025114155251141,0.0,-0.0001525679101821,0.0002523252542049,-7.667974692103154e-05,0.0003332725333011,0.0002198202218314,8.672650668270817e-08,0.0011782170032931,9.211909383035109e-05,0.0051177332765584,
BTC/USDT,1h,2h,crypto_core_v1+crypto_context_proxy_v1,random_forest,wf_2023,validation,A,3,0,3,0,0.02700531935008932,0.011115993252669983,0.003334360116939522,0.0004239071025678,0.4130390103742723,wf_2022,wf_2023,0,0.5751760732753646,0.579649737020536,0.5554845241873938,0.6850976897141661,0.2459921097792911,0.5547436922023062,0.000234704560454,8759.0,0.512729763671652,0.4723141911177075,0.5276858088822926,0.1961411119990866,0.2238840050234045,0.0304829318415344,0.0381322068729307,0.0014841876926589,0.0012558511245575,0.0,0.0,0.000249055246864,-0.0002218597336088,0.0004195958932612,-0.0004104117675343,0.000730371926589,-0.0010965182681459,0.0020706740405442,0.0003121769235722,,
BTC/USDT,1h,2h,crypto_core_v1+crypto_context_proxy_v1,random_forest,wf_2024,validation,A,3,0,3,0,0.02700531935008932,0.011115993252669983,0.003334360116939522,0.0004239071025678,0.4130390103742723,wf_2022,wf_2023,0,0.5586603716042486,0.5678437654745142,0.5400302815712785,0.6904425279940974,0.2486387817099516,0.5364298724954463,0.0002125073229926,8784.0,0.5170765027322405,0.3959471766848816,0.6040528233151184,0.1977459016393442,0.3854735883424408,0.0593123861566484,0.1239754098360655,0.007627504553734,0.004667577413479,0.0002276867030965,0.0,0.0003735601649507,-0.0001069397043852,0.0005318416719297,4.012641814338184e-06,0.0008381406782208,0.0001652396145019,0.0031313921849728,0.000797559453472,-0.0036626658233816,
BTC/USDT,1h,2h,crypto_core_v1+crypto_context_proxy_v1,random_forest,final_holdout,holdout,A,3,0,3,0,0.02700531935008932,0.011115993252669983,0.003334360116939522,0.0004239071025678,0.4130390103742723,wf_2022,wf_2023,0,0.5389806833479949,0.5391386517551551,0.5298739204119087,0.6924567803578733,0.2496290326153026,0.5304797243572754,1.158874812000908e-05,15092.0,0.507553670818977,0.5405512854492446,0.4594487145507553,0.2747813411078717,0.1963291810230585,0.0765968725152398,0.0210707659687251,0.008878876225815,0.0003313013517095,0.0001325205406838,0.0,7.132378363127178e-05,5.8690804764456025e-05,3.095491424373402e-05,0.0001276815230679,4.699743309202417e-05,-0.0010602778755692,-0.0008710962536843,-0.0009652810847443,-0.0031470594024449,
BTC/USDT,1h,4h,crypto_core_v1,hist_gradient_boosting,wf_2022,validation,A,3,0,3,0,0.018469971750459724,0.007541200017209164,0.0029761802981957963,0.0008527229216653001,0.386431534975474,wf_2022,wf_2023,0,0.5481512841282477,0.5330818529892649,0.5330465269765636,0.6932341093511747,0.2499399039671392,0.5320776255707762,-0.0003814488729362,8760.0,0.4966894977168949,0.6461187214611872,0.3538812785388128,0.3781963470319635,0.1374429223744292,0.1257990867579908,0.0320776255707762,0.030593607305936,0.0082191780821917,0.0058219178082191,0.0023972602739726,-0.0004110260498456,0.0003274466725143,-0.0003936054285686,0.0005462366749187,-0.0006202194842766,0.0013356608169529,-0.0003117805699359,0.001333597692939,-0.0024625032435415,0.0018376997615155
BTC/USDT,1h,4h,crypto_core_v1,hist_gradient_boosting,wf_2023,validation,A,3,0,3,0,0.018469971750459724,0.007541200017209164,0.0029761802981957963,0.0008527229216653001,0.386431534975474,wf_2022,wf_2023,0,0.5666212558787074,0.5575567586170815,0.5480787434641479,0.687098792472103,0.2469637236689434,0.5498344559881265,0.0004712740487291,8759.0,0.5089622102979792,0.5988126498458728,0.4011873501541272,0.3165886516725653,0.1494462838223541,0.0867678958785249,0.0271720516040643,0.0142710355063363,0.0022833656810138,0.0010275145564562,0.0001141682840506,0.0004912868821987,-0.0004414028729899,0.0005992014733318,-0.0002527956953627,0.0009704212603578,-0.0002212881181129,0.0002985882724026,0.0018543797122827,0.0019810280557802,0.0025074247230632
BTC/USDT,1h,4h,crypto_core_v1,hist_gradient_boosting,wf_2024,validation,A,3,0,3,0,0.018469971750459724,0.007541200017209164,0.0029761802981957963,0.0008527229216653001,0.386431534975474,wf_2022,wf_2023,0,0.5576286484284962,0.5721852494010151,0.5370915212882154,0.6875316768784574,0.2472138666827033,0.5391621129326047,0.0004221157517958,8784.0,0.519808743169399,0.5537340619307832,0.4462659380692167,0.3084016393442623,0.1887522768670309,0.0809426229508196,0.0231102003642987,0.0103597449908925,0.0009107468123861,0.0007969034608378,0.0001138433515482,0.0005734542036078,-0.0002343325299557,0.0008795789302326,3.909787959638869e-05,0.001122263817549,-0.0015031895997618,0.0024678614854084,-0.0057770604997778,0.0056200593663169,0.0032832084426277
BTC/USDT,1h,4h,crypto_core_v1,hist_gradient_boosting,final_holdout,holdout,A,3,0,3,0,0.018469971750459724,0.007541200017209164,0.0029761802981957963,0.0008527229216653001,0.386431534975474,wf_2022,wf_2023,0,0.5341629287381664,0.5273392959011202,0.5263508257992828,0.6944497728927445,0.2505880239505234,0.5270377733598409,2.2535562542237453e-05,15090.0,0.5046388336646785,0.5742876076872101,0.4257123923127899,0.3190192180251822,0.1834990059642147,0.1,0.0311464546056991,0.0176275679257786,0.0024519549370444,0.0015241882041086,0.0001988071570576,2.1791766528193148e-05,-2.3538946143997737e-05,-8.431173978592706e-06,-4.703487400019088e-05,-0.0003543607360159,-0.0002983929931946,0.0001912853999496,-0.0003476179627924,0.0009676076591345,-0.0010995829595505
BTC/USDT,1h,4h,crypto_core_v1,logistic_regression,wf_2022,validation,A,3,0,3,0,0.026630059982630905,0.012020962475326143,0.0021250888278555036,0.0008527229216653001,0.44641485854766066,wf_2022,wf_2023,0,0.5402524109316733,0.5262636597255644,0.5329226969823483,0.6914987882839378,0.2491633770432564,0.532648401826484,-0.0003814488729362,8760.0,0.4966894977168949,0.5412100456621004,0.4587899543378995,0.1884703196347032,0.1339041095890411,0.0297945205479452,0.0127853881278538,0.0026255707762557,0.0004566210045662,0.0004566210045662,0.0,-0.0002710754398925,0.0005116505265962,-0.0002343292774013,0.0009923108007858,-0.0005801886821843,0.0022600452971264,-0.0009664600631898,0.011468692167336,0.0253081720980732,
BTC/USDT,1h,4h,crypto_core_v1,logistic_regression,wf_2023,validation,A,3,0,3,0,0.026630059982630905,0.012020962475326143,0.0021250888278555036,0.0008527229216653001,0.44641485854766066,wf_2022,wf_2023,0,0.5668824709143042,0.5695150875777295,0.5571793636940463,0.6872036204485461,0.2470382882154009,0.5575978993035735,0.0004712740487291,8759.0,0.5089622102979792,0.5243749286448225,0.4756250713551775,0.1227309053544925,0.1065190090192944,0.0055942459184838,0.0021691973969631,0.0002283365681013,0.0,0.0,0.0,0.0004791393453505,-0.0004626025875237,0.0008676403085284,-0.0013671965046191,0.0035713754303663,-0.0080186423883162,0.0139586776581752,,,
BTC/USDT,1h,4h,crypto_core_v1,logistic_regression,wf_2024,validation,A,3,0,3,0,0.026630059982630905,0.012020962475326143,0.0021250888278555036,0.0008527229216653001,0.44641485854766066,wf_2022,wf_2023,0,0.5426864550420814,0.5588131609612059,0.5299814822776301,0.690203944052208,0.2485386547594516,0.5288023679417122,0.0004221157517958,8784.0,0.519808743169399,0.4714253187613843,0.5285746812386156,0.1505009107468123,0.1563069216757741,0.0173041894353369,0.0080828779599271,0.0002276867030965,0.0003415300546448,0.0,0.0,0.000424187398837,-0.0004202680907152,0.0009907787522947,0.0001733120547961,0.0028623362409614,0.0037452272217808,0.0236323140864704,0.0034872067962098,,
BTC/USDT,1h,4h,crypto_core_v1,logistic_regression,final_holdout,holdout,A,3,0,3,0,0.026630059982630905,0.012020962475326143,0.0021250888278555036,0.0008527229216653001,0.44641485854766066,wf_2022,wf_2023,0,0.5298004422709096,0.5232028285750684,0.5181117184223183,0.6926759485334189,0.249758558899276,0.5179589131875414,2.2535562542237453e-05,15090.0,0.5046388336646785,0.4836978131212723,0.5163021868787276,0.1544731610337972,0.1540755467196819,0.009145129224652,0.0050364479787939,0.0003313452617627,0.0,0.0,0.0,3.2403239186256726e-05,-1.3291027588483547e-05,6.339254316538435e-05,0.0005789169900937,0.0018042926517104,0.0040642315310939,0.0120822396294625,,,
BTC/USDT,1h,4h,crypto_core_v1,random_forest,wf_2022,validation,A,3,0,3,0,0.02281173520060198,0.009595357216942895,0.0026333563871948074,0.0008527229216653001,0.40323197217600887,wf_2022,wf_2023,0,0.5524143356297964,0.5394800053797146,0.5405404179693664,0.6901158065011955,0.2484617756854528,0.5401826484018265,-0.0003814488729362,8760.0,0.4966894977168949,0.5537671232876712,0.4462328767123287,0.2835616438356164,0.2110730593607306,0.0563926940639269,0.0490867579908675,0.0092465753424657,0.0074200913242009,0.0011415525114155,0.0007990867579908,-0.0003669223700509,0.0003994760066012,-0.000437128299905,0.000120057757396,0.0001036048713235,0.0001560278406721,-0.0008401029738199,0.0011917156377267,0.0045554975401693,0.002831702229765
BTC/USDT,1h,4h,crypto_core_v1,random_forest,wf_2023,validation,A,3,0,3,0,0.02281173520060198,0.009595357216942895,0.0026333563871948074,0.0008527229216653001,0.40323197217600887,wf_2022,wf_2023,0,0.5752260708303983,0.5639129267410736,0.5613210184408375,0.6847725894049226,0.245828419298258,0.561822125813449,0.0004712740487291,8759.0,0.5089622102979792,0.5290558282909008,0.4709441717090992,0.2431784450279712,0.208927959812764,0.0336796437949537,0.0308254366936864,0.0035392168055714,0.001826692544811,0.0002283365681013,0.0002283365681013,0.0006537639570669,-0.000266265991702,0.0006544178680143,-0.0004296796172304,0.0015324052770988,-0.0004850072765512,0.0034465927367254,0.0002898531705552,0.0114761150838801,0.012520018831622
BTC/USDT,1h,4h,crypto_core_v1,random_forest,wf_2024,validation,A,3,0,3,0,0.02281173520060198,0.009595357216942895,0.0026333563871948074,0.0008527229216653001,0.40323197217600887,wf_2022,wf_2023,0,0.55891739654448,0.5729466222077599,0.5395511010007172,0.6882540090850966,0.247563767098093,0.5393897996357013,0.0004221157517958,8784.0,0.519808743169399,0.497495446265938,0.5025045537340619,0.2484061930783242,0.2608151183970856,0.043943533697632,0.0660291438979963,0.0012522768670309,0.002959927140255,0.0002276867030965,0.0,0.0007473105830708,-0.0001001625545435,0.0010455967372467,7.015890391713982e-05,0.0021565097438348,0.0002499397532897,0.0026617124807157,0.0022508834258029,0.0013716989772248,
BTC/USDT,1h,4h,crypto_core_v1,random_forest,final_holdout,holdout,A,3,0,3,0,0.02281173520060198,0.009595357216942895,0.0026333563871948074,0.0008527229216653001,0.40323197217600887,wf_2022,wf_2023,0,0.5331711351254016,0.5261950914187128,0.5244069419404143,0.6943903048435789,0.2505815403768669,0.524387011265739,2.2535562542237453e-05,15090.0,0.5046388336646785,0.498078197481776,0.5019218025182239,0.2579191517561299,0.2642809807819748,0.0646123260437375,0.0577866136514247,0.0050364479787939,0.003976143141153,6.626905235255136e-05,0.0003976143141153,-2.9645524940423176e-05,-7.431705891399312e-05,-0.0001108884848773,-0.0001301850702281,-0.0005723808885908,-0.0002252177513874,-0.0023664899794719,0.000300177297497,-0.001816961811127,0.0029939819087742
BTC/USDT,1h,8h,crypto_core_v1,logistic_regression,wf_2022,validation,B,3,0,3,0,0.04166670442948528,0.01794201323765978,0.0031059038764320868,0.0017127869598417,0.5112249923914243,wf_2024,wf_2023,0,0.538528302436173,0.5145742621181124,0.5254398479728946,0.6919177102659768,0.2493585954917408,0.5247716894977169,-0.0007698167163356,8760.0,0.483675799086758,0.5196347031963471,0.480365296803653,0.1745433789954338,0.1453196347031963,0.0380136986301369,0.021917808219178,0.0085616438356164,0.0017123287671232,0.0015981735159817,0.0,-0.0004030353943215,0.0011665820627728,0.0005480613256906,0.0030997240173869,-0.000639414487773,0.0055072445720759,-0.0056464551004086,0.0110913685165942,-0.0179513158438686,
BTC/USDT,1h,8h,crypto_core_v1,logistic_regression,wf_2023,validation,B,3,0,3,0,0.04166670442948528,0.01794201323765978,0.0031059038764320868,0.0017127869598417,0.5112249923914243,wf_2024,wf_2023,0,0.5714668428808048,0.5788491758931247,0.5531798001918655,0.6866309469663743,0.2467601166812316,0.5521178216691404,0.0009429702435061,8759.0,0.512729763671652,0.4596415115880808,0.5403584884119191,0.0786619477109259,0.1003539216805571,0.0090192944400045,0.0054800776344331,0.0009133462724055,0.0006850097043041,0.0,0.0,0.0013774301050153,-0.0005734085696341,0.0027652905089818,-0.0005194650532548,0.0071396964678946,0.0058524508901458,0.0139307131717091,0.004796183392288,,
BTC/USDT,1h,8h,crypto_core_v1,logistic_regression,wf_2024,validation,B,3,0,3,0,0.04166670442948528,0.01794201323765978,0.0031059038764320868,0.0017127869598417,0.5112249923914243,wf_2024,wf_2023,0,0.5298001384513196,0.5659737128318968,0.5195885592264354,0.6928863933087341,0.2498660205576637,0.5161657559198543,0.0008427211848131,8784.0,0.5347222222222222,0.4520719489981785,0.5479280510018215,0.1294398907103825,0.1568761384335154,0.0198087431693989,0.016507285974499,0.0015938069216757,0.0010245901639344,0.0001138433515482,0.0,0.0008561883174269,-0.0008316100309363,0.0021664423547538,-0.0002265840492122,0.0052106350181567,0.0009358364846317,0.0065236344250267,-0.0014114786079557,0.0410629568792573,
BTC/USDT,1h,8h,crypto_core_v1,logistic_regression,final_holdout,holdout,B,3,0,3,0,0.04166670442948528,0.01794201323765978,0.0031059038764320868,0.0017127869598417,0.5112249923914243,wf_2024,wf_2023,0,0.5189274642082491,0.5210500357831056,0.5126105261084963,0.6944036452740758,0.2506172144933971,0.5117327323346149,4.242877767187773e-05,15086.0,0.5101418533739891,0.4569799814397454,0.5430200185602545,0.1156038711388041,0.1519952273631181,0.0085509744133633,0.0072252419461752,0.0007954394803128,0.0005965796102346,6.628662335940607e-05,0.0,0.0001526484046759,5.032685081521972e-05,0.0003381528606593,0.0007523450658892,0.0025682738562295,0.0029030900139647,0.0157636382885839,0.0384941962549557,0.0569234578039707,
ETH/USDT,1h,12h,crypto_core_v1,logistic_regression,wf_2022,validation,A,3,0,3,0,0.006383906946503148,0.0027876486177772063,0.0004608786882709104,0.002093818033079,0.36614271271504756,wf_2024,wf_2022,0,0.5434274645429159,0.514877288353102,0.5294938472021805,0.6909980336680296,0.2488749100166593,0.5325342465753424,-0.0010615736882224,8760.0,0.4821917808219178,0.4135844748858447,0.5864155251141553,0.1248858447488584,0.1527397260273972,0.035958904109589,0.0133561643835616,0.0116438356164383,0.0013698630136986,0.0047945205479452,0.0001141552511415,0.0013786519487595,0.0027826049287881,0.0032919381291297,0.0040395735059658,0.0040630743715528,0.0085547059496685,-0.0038479579314187,0.0070493097601124,-0.0276399302888991,0.0047137987358851
ETH/USDT,1h,12h,crypto_core_v1,logistic_regression,wf_2023,validation,A,3,0,3,0,0.006383906946503148,0.0027876486177772063,0.0004608786882709104,0.002093818033079,0.36614271271504756,wf_2024,wf_2022,0,0.5381370042799041,0.5228112179004665,0.5169447938575966,0.6911551733000175,0.2490080805325101,0.5207215435552004,0.0010322443448566,8759.0,0.4933211553830346,0.217033907980363,0.782966092019637,0.0260303687635574,0.1177075008562621,0.0013700194086082,0.0023975339650645,0.0,0.0,0.0,0.0,0.0028760797179782,-0.0005211432885276,0.0046780011126542,0.0001972333875805,0.006353925810016,0.0027453802369857,,,,
ETH/USDT,1h,12h,crypto_core_v1,logistic_regression,wf_2024,validation,A,3,0,3,0,0.006383906946503148,0.0027876486177772063,0.0004608786882709104,0.002093818033079,0.36614271271504756,wf_2024,wf_2022,0,0.5370435575964128,0.5642394603371553,0.5299899230080405,0.6917858386153918,0.2493357887049302,0.5229963570127505,0.0007948724836649,8784.0,0.5235655737704918,0.353028233151184,0.6469717668488161,0.0584016393442623,0.1214708561020036,0.0107012750455373,0.0069444444444444,0.0028460837887067,0.0007969034608378,0.0014799635701275,0.0,0.0016324715853113,-0.0003378260620204,0.0048755490707628,-4.512777577804855e-05,0.0057382496428631,-0.001904929135113,0.0103541117467995,-0.0028345812255459,0.0162002175316158,
ETH/USDT,1h,12h,crypto_core_v1,logistic_regression,final_holdout,holdout,A,3,0,3,0,0.006383906946503148,0.0027876486177772063,0.0004608786882709104,0.002093818033079,0.36614271271504756,wf_2024,wf_2022,0,0.5039234696185537,0.5163901499087452,0.4987665296016877,0.6965208981381377,0.2516617425889311,0.4955247629781873,0.000166204106655,15083.0,0.5164755022210435,0.4015779354239873,0.5984220645760128,0.0894384406285221,0.1211297487237287,0.0157793542398727,0.0079559769276669,0.0032486905787973,0.0013259961546111,0.0011270967314194,0.0001988994231916,-0.0001777380270253,-0.0003970103889175,-0.0010172833084886,0.0011966684413454,0.0046960193347014,0.0070917095587148,0.0190142652202296,0.0217734527645166,0.007886856820216,0.0419113319255998
ETH/USDT,1h,1h,crypto_core_v1,hist_gradient_boosting,wf_2022,validation,A,3,0,3,0,0.0022893552016147733,0.0010470708120961414,0.00047948699912911397,0.00017225318228058565,0.34140772318244583,wf_2022,wf_2023,0,0.5602244171254588,0.5404874141970268,0.5393362112112112,0.6884189906661146,0.2476411810686549,0.538013698630137,-8.630355504433286e-05,8760.0,0.4931506849315068,0.5960045662100457,0.4039954337899543,0.1899543378995433,0.1260273972602739,0.0073059360730593,0.0121004566210045,0.0,0.0004566210045662,0.0,0.0,-6.408535237441562e-05,0.0001190815251318,-3.793301729540857e-06,0.0002380671107698,-0.0003292497753812,-0.0003469716075219,,0.0020969636102934,,
ETH/USDT,1h,1h,crypto_core_v1,hist_gradient_boosting,wf_2023,validation,A,3,0,3,0,0.0022893552016147733,0.0010470708120961414,0.00047948699912911397,0.00017225318228058565,0.34140772318244583,wf_2022,wf_2023,0,0.5625137723270736,0.5611795426066736,0.5417288604882169,0.687450905251339,0.2471616940695258,0.5417285078205275,8.594962723625279e-05,8759.0,0.5051946569243064,0.5003995889941775,0.4996004110058226,0.1209042128096814,0.1703390798036305,0.0068500970430414,0.0328804658065989,0.0,0.0012558511245575,0.0,0.0,5.433995545145254e-05,-0.0001176098629384,0.0003652402973001,-0.0001238603017757,0.0002718030905452,-6.135247073152383e-05,,-0.000259951944255,,
ETH/USDT,1h,1h,crypto_core_v1,hist_gradient_boosting,wf_2024,validation,A,3,0,3,0,0.0022893552016147733,0.0010470708120961414,0.00047948699912911397,0.00017225318228058565,0.34140772318244583,wf_2022,wf_2023,0,0.5603677219906796,0.558698320021798,0.5450290673374476,0.6877764232284816,0.2473209936479567,0.5456511839708561,6.670945482370432e-05,8784.0,0.5084244080145719,0.5376821493624773,0.4623178506375228,0.1982012750455373,0.1966074681238615,0.01775956284153,0.026639344262295,0.0007969034608378,0.002959927140255,0.0001138433515482,0.0005692167577413,9.041987418578689e-05,-3.913390430730048e-05,0.0002778203150535,2.341089920232674e-05,0.0006590789916083,-0.0002338050405124,0.006474824069364,4.701098000118821e-05,0.0166156550290963,-0.0004252311372462
ETH/USDT,1h,1h,crypto_core_v1,hist_gradient_boosting,final_holdout,holdout,A,3,0,3,0,0.0022893552016147733,0.0010470708120961414,0.00047948699912911397,0.00017225318228058565,0.34140772318244583,wf_2022,wf_2023,0,0.5333716555624386,0.5304629522578381,0.5238652581645223,0.6923406606762729,0.2495884487137814,0.5243805485623426,1.3060296590494272e-05,15094.0,0.5051013647807076,0.5507486418444415,0.4492513581555585,0.202994567377766,0.1731813965814231,0.0152378428514641,0.0160991122300251,0.000132502981317,0.0002650059626341,0.0,0.0,-5.7548799564794045e-05,-9.962177960758788e-05,-0.0002883417447671,-4.44860191075987e-05,-0.0006849376943268,-0.0003034514614374,-0.0073132635797989,0.0004938916158072,,
ETH/USDT,1h,1h,crypto_core_v1,logistic_regression,wf_2022,validation,A,3,0,3,0,0.010638502002367378,0.004345299311893662,0.0009964973301131164,0.00017225318228058565,0.3676048286493406,wf_2022,wf_2024,0,0.5474535472972972,0.5259197807375651,0.536082957957958,0.6906799755820494,0.2487552900688466,0.5365296803652968,-8.630355504433286e-05,8760.0,0.4931506849315068,0.4668949771689498,0.5331050228310502,0.1226027397260274,0.1263698630136986,0.0212328767123287,0.0070776255707762,0.0025114155251141,0.0003424657534246,0.0003424657534246,0.0,-0.0001180408792813,5.850791133350039e-05,-0.0006106077090784,-0.0002118495292419,-0.0021540088579545,0.0013933446412166,0.0012484247139503,0.0090020750512656,0.0206372711980551,
ETH/USDT,1h,1h,crypto_core_v1,logistic_regression,wf_2023,validation,A,3,0,3,0,0.010638502002367378,0.004345299311893662,0.0009964973301131164,0.00017225318228058565,0.3676048286493406,wf_2022,wf_2024,0,0.5524829296144792,0.5520552295510246,0.5387752601294716,0.6893315532370429,0.2480999437229364,0.5377326178787533,8.594962723625279e-05,8759.0,0.5051946569243064,0.4000456673136203,0.5999543326863798,0.0529740837995205,0.1117707500856262,0.0030825436693686,0.0009133462724055,0.0005708414202534,0.0,0.0001141682840506,0.0,6.008801207457352e-05,-0.0001031939849006,0.0004190496931851,-0.0002192762544066,0.0033826239858167,-0.0023611822140178,0.0119156230119521,,0.0203200017498388,
ETH/USDT,1h,1h,crypto_core_v1,logistic_regression,wf_2024,validation,A,3,0,3,0,0.010638502002367378,0.004345299311893662,0.0009964973301131164,0.00017225318228058565,0.3676048286493406,wf_2022,wf_2024,0,0.5580920492996646,0.5532844741996858,0.5443587253972011,0.6886538685574898,0.2477587927387335,0.5432604735883424,6.670945482370432e-05,8784.0,0.5084244080145719,0.4355646630236794,0.5644353369763205,0.100523679417122,0.1286429872495446,0.0111566484517304,0.0033014571948998,0.0005692167577413,0.0001138433515482,0.0002276867030965,0.0,0.0001325298451696,-1.59170358113005e-05,0.0004420182743346,0.0001574042744016,-0.0002256427314249,-0.0009488579435079,-0.0071980471379005,0.0093579954361944,0.010019182668651,
ETH/USDT,1h,1h,crypto_core_v1,logistic_regression,final_holdout,holdout,A,3,0,3,0,0.010638502002367378,0.004345299311893662,0.0009964973301131164,0.00017225318228058565,0.3676048286493406,wf_2022,wf_2024,0,0.5296697984663383,0.5273099734913544,0.5236907054591222,0.6927143044557373,0.2497741914325043,0.523320524711806,1.3060296590494272e-05,15094.0,0.5051013647807076,0.4639591890817543,0.5360408109182456,0.1156751026898105,0.1353517954153968,0.0132502981317079,0.0045051013647807,0.0012587783225122,0.0001987544719756,0.0001987544719756,0.0,2.200043563797966e-06,-2.246016705718e-05,-0.0002638278128506,-0.0003057198788115,-0.0005009968545209,0.000609524328949,0.0022404132783307,0.0021067245762746,0.0075327038260239,
ETH/USDT,1h,1h,crypto_core_v1,random_forest,wf_2022,validation,A,3,0,3,0,0.006853659248887589,0.0028019238970399753,0.0006329629723597907,0.00017225318228058565,0.3522080205499764,wf_2022,wf_2023,0,0.5551348744577911,0.5377759124861423,0.5433996496496496,0.688805314405448,0.2478309533041245,0.5429223744292238,-8.630355504433286e-05,8760.0,0.4931506849315068,0.5342465753424658,0.4657534246575342,0.2015981735159817,0.2063926940639269,0.027283105022831,0.040296803652968,0.0027397260273972,0.0018264840182648,0.0001141552511415,0.0009132420091324,9.634838141654568e-06,0.0001963505354635,0.0001239362572556,0.0001487736815906,0.0010206806363547,0.0004315728420377,0.004629603983497,-0.0018098716673866,0.025378439511819,-0.0014518752170885
ETH/USDT,1h,1h,crypto_core_v1,random_forest,wf_2023,validation,A,3,0,3,0,0.006853659248887589,0.0028019238970399753,0.0006329629723597907,0.00017225318228058565,0.3522080205499764,wf_2022,wf_2023,0,0.5619885337066787,0.5561533177954284,0.5449205728453771,0.6875212493318611,0.2471979903317647,0.5446968832058454,8.594962723625279e-05,8759.0,0.5051946569243064,0.4789359515926475,0.5210640484073524,0.1492179472542527,0.2283365681013814,0.0084484530197511,0.0358488411919168,0.0006850097043041,0.0007991779883548,0.0001141682840506,0.0,9.362680049970438e-05,-7.889315444042031e-05,-7.873481368847901e-06,-0.0001498439993208,0.0015464942028933,1.8582825594362336e-06,0.0074775567285815,0.0005075961572835,0.008876493784955,
ETH/USDT,1h,1h,crypto_core_v1,random_forest,wf_2024,validation,A,3,0,3,0,0.006853659248887589,0.0028019238970399753,0.0006329629723597907,0.00017225318228058565,0.3522080205499764,wf_2022,wf_2023,0,0.558876370630695,0.5583992040681468,0.5406286746426658,0.6881133067463551,0.2474951683210553,0.5406420765027322,6.670945482370432e-05,8784.0,0.5084244080145719,0.5014799635701275,0.4985200364298724,0.2043488160291439,0.248747723132969,0.0176457194899817,0.0417805100182149,0.0010245901639344,0.0018214936247723,0.0003415300546448,0.0002276867030965,9.668945904227374e-05,-3.655144646955993e-05,0.0003804457875946,-4.547389842078429e-05,0.000824967098614,9.7268087907421e-05,0.0105237311520619,0.0001989041871822,0.0112168227043921,0.0039323560974872
ETH/USDT,1h,1h,crypto_core_v1,random_forest,final_holdout,holdout,A,3,0,3,0,0.006853659248887589,0.0028019238970399753,0.0006329629723597907,0.00017225318228058565,0.3522080205499764,wf_2022,wf_2023,0,0.5346334972629238,0.532435981483022,0.5279630765103085,0.693089186280142,0.2499449372280842,0.5280243805485624,1.3060296590494272e-05,15094.0,0.5051013647807076,0.5062938916125613,0.4937061083874387,0.2228037630846694,0.2457930303431827,0.0271631111700013,0.0345170266330992,0.0019212932290976,0.0046376043460977,0.0003312574532926,0.0007287663972439,-3.8909176951531095e-05,-6.635481038654336e-05,-0.000255017475305,-0.0001139265371348,0.0002451393286897,-0.0003377833569275,0.0041939653918357,-0.0014752181727038,0.0080007008082774,-8.340824174978379e-05
ETH/USDT,1h,1h,crypto_core_v1+crypto_context_proxy_v1,logistic_regression,wf_2022,validation,A,3,0,3,0,0.020759985309596884,0.0085395702900699,0.0018787624877038,0.00017225318228058565,0.3991178605930648,wf_2022,wf_2024,0,0.5377272063730396,0.5222534717014611,0.5241741741741741,0.6924308464103116,0.2496287053939445,0.5271689497716895,-8.630355504433286e-05,8760.0,0.4931506849315068,0.2810502283105023,0.7189497716894977,0.0673515981735159,0.3312785388127854,0.008904109589041,0.0482876712328767,0.0009132420091324,0.0007990867579908,0.0001141552511415,0.0,-0.0002163152665675,3.547966908528101e-05,-0.0004947166203592,-2.491329546661581e-05,-1.5974233630255963e-05,-0.000225100876799,-0.006810032838993,0.0014207144029511,0.0154827123317489,
ETH/USDT,1h,1h,crypto_core_v1+crypto_context_proxy_v1,logistic_regression,wf_2023,validation,A,3,0,3,0,0.020759985309596884,0.0085395702900699,0.0018787624877038,0.00017225318228058565,0.3991178605930648,wf_2022,wf_2024,0,0.5503267554665644,0.5482495993274239,0.5409648841508086,0.6893267112039844,0.2480968734449435,0.5408151615481219,8.594962723625279e-05,8759.0,0.5051946569243064,0.4860143852037903,0.5139856147962096,0.0944171709099212,0.0799177988354835,0.0034250485215207,0.0009133462724055,0.0002283365681013,0.0,0.0,0.0,6.016591271570644e-05,-0.000110330185369,6.537349350664516e-05,-0.0002802527163708,0.0032539409315777,0.0013273593524421,0.0150732409889309,,,
ETH/USDT,1h,1h,crypto_core_v1+crypto_context_proxy_v1,logistic_regression,wf_2024,validation,A,3,0,3,0,0.020759985309596884,0.0085395702900699,0.0018787624877038,0.00017225318228058565,0.3991178605930648,wf_2022,wf_2024,0,0.5584871916826365,0.5519957433105449,0.5431648975834502,0.6886343246223748,0.2477499429062407,0.5418943533697632,6.670945482370432e-05,8784.0,0.5084244080145719,0.4253187613843351,0.5746812386156649,0.1055327868852459,0.167235883424408,0.0119535519125683,0.0048952641165755,0.0006830601092896,0.0001138433515482,0.0,0.0,0.0001354939611835,-1.5802379593866426e-05,0.0004134323084503,3.9708582045254814e-05,-0.0014517530578759,0.0018220563720322,0.0100257441309741,0.0055605076616155,,
ETH/USDT,1h,1h,crypto_core_v1+crypto_context_proxy_v1,logistic_regression,final_holdout,holdout,A,3,0,3,0,0.020759985309596884,0.0085395702900699,0.0018787624877038,0.00017225318228058565,0.3991178605930648,wf_2022,wf_2024,0,0.5281393499847589,0.5259013537476654,0.5166467022339094,0.6942813128911853,0.2505363555509096,0.5188816748376839,1.3060296590494272e-05,15094.0,0.5051013647807076,0.7192261825891083,0.2807738174108917,0.3398701470783092,0.0394196369418311,0.0761229627666622,0.0019212932290976,0.0052338677620246,6.625149065853981e-05,0.0003312574532926,6.625149065853981e-05,-1.0487658125502856e-05,-7.338039956285502e-05,-6.101411247227689e-05,0.0001980987724293,-0.0002594079029549,-0.0009088157659105,0.0008006237683603,0.0188952656967985,0.0077140254364926,0.0188952656967985
ETH/USDT,1h,1h,crypto_core_v1+crypto_context_proxy_v1,random_forest,wf_2022,validation,A,3,0,3,0,0.015057194653460337,0.006489727570992548,0.0021801607022332026,0.00017225318228058565,0.37280710110587406,wf_2022,wf_2023,0,0.542149545378712,0.52722626847673,0.5342655155155155,0.6925677598673978,0.2496893507085877,0.5323059360730593,-8.630355504433286e-05,8760.0,0.4931506849315068,0.6425799086757991,0.3574200913242009,0.3015981735159817,0.125,0.0554794520547945,0.0126712328767123,0.0074200913242009,0.0002283105022831,0.0003424657534246,0.0,-0.0001394284499887,-9.205877610364832e-06,-0.0001582851129183,-0.0002969145026485,0.0001189557425491,-0.0002088427251723,0.0014115309227457,0.0008539466259399,0.0051914212107074,
ETH/USDT,1h,1h,crypto_core_v1+crypto_context_proxy_v1,random_forest,wf_2023,validation,A,3,0,3,0,0.015057194653460337,0.006489727570992548,0.0021801607022332026,0.00017225318228058565,0.37280710110587406,wf_2022,wf_2023,0,0.5572067400321723,0.5510070740539954,0.5426446778722439,0.6881463281680088,0.2475091900063545,0.542641854092933,8.594962723625279e-05,8759.0,0.5051946569243064,0.5001712524260761,0.499828747573924,0.1605206073752711,0.1880351638314876,0.0090192944400045,0.0189519351524146,0.0009133462724055,0.0,0.0002283365681013,0.0,6.72609996839775e-05,-0.0001046510610659,0.0001228881736407,-0.000164999306372,0.0012576118637422,-0.0001876250905533,-0.0001133053090055,,0.0024292614590692,
ETH/USDT,1h,1h,crypto_core_v1+crypto_context_proxy_v1,random_forest,wf_2024,validation,A,3,0,3,0,0.015057194653460337,0.006489727570992548,0.0021801607022332026,0.00017225318228058565,0.37280710110587406,wf_2022,wf_2023,0,0.5540923475751223,0.5501010814603036,0.538057967491294,0.6894480596775772,0.2481506809769441,0.5374544626593807,6.670945482370432e-05,8784.0,0.5084244080145719,0.4648224043715847,0.5351775956284153,0.0915300546448087,0.2370218579234972,0.0048952641165755,0.0586293260473588,0.0003415300546448,0.0007969034608378,0.0,0.0,0.0001528126282748,8.074475659413957e-06,0.0003723889974326,-4.9918592790534886e-05,0.0017209983204254,0.0001351843363456,0.0184360290258036,-0.0034962162625981,,
ETH/USDT,1h,1h,crypto_core_v1+crypto_context_proxy_v1,random_forest,final_holdout,holdout,A,3,0,3,0,0.015057194653460337,0.006489727570992548,0.0021801607022332026,0.00017225318228058565,0.37280710110587406,wf_2022,wf_2023,0,0.5354125666710212,0.5355322435150851,0.5258671095715496,0.6928572823279082,0.2498362795792954,0.5256393268848549,1.3060296590494272e-05,15094.0,0.5051013647807076,0.4779382536107062,0.5220617463892938,0.2160461110374983,0.2302239300384258,0.0402146548297336,0.0361733138995627,0.0022525506823903,0.0033788260235855,6.625149065853981e-05,0.0001987544719756,-6.428070513929818e-05,-8.386460959540833e-05,-0.0001069794964537,-0.0002180458587159,5.988801095596237e-05,-0.0002345227739576,0.0042038815534691,-0.0010681292107454,0.0203265053082941,0.0013475166862683
ETH/USDT,1h,2h,crypto_core_v1,hist_gradient_boosting,wf_2022,validation,A,3,0,3,0,0.008684864204262066,0.0038885301257397344,0.0008701782752038867,0.0003451547149355,0.3706790908836246,wf_2022,wf_2023,0,0.5456229159299268,0.5405384575745381,0.5391738450144123,0.6910082298336983,0.2489175386709944,0.5394977168949772,-0.0001732699240616,8760.0,0.5031963470319635,0.5509132420091324,0.4490867579908675,0.2482876712328767,0.1747716894977169,0.0541095890410958,0.0366438356164383,0.0063926940639269,0.003310502283105,0.0007990867579908,0.0005707762557077,-8.855451476123827e-05,0.0002771938094922,-5.40201469034512e-05,0.0003907816814055,0.0012082603344923,1.1224026177130958e-05,0.0036744169925639,0.0003239944320505,0.0341316738766631,0.0029327204674262
ETH/USDT,1h,2h,crypto_core_v1,hist_gradient_boosting,wf_2023,validation,A,3,0,3,0,0.008684864204262066,0.0038885301257397344,0.0008701782752038867,0.0003451547149355,0.3706790908836246,wf_2022,wf_2023,0,0.5543077801341889,0.5527306783166236,0.541482921188549,0.6892502895996724,0.2480473603957905,0.5412718346843247,0.0001718847908739,8759.0,0.5087338737298779,0.4886402557369563,0.5113597442630438,0.1743349697454047,0.1891768466719945,0.0256878639114054,0.0434981162233131,0.001826692544811,0.0053659093503824,0.0002283365681013,0.0,0.0001429141337789,-0.0001995682944163,0.0003922892722751,-0.0005131221033259,0.0003933553151371,-0.0004834499061047,0.0002579894927982,-0.0007142265088043,0.0067801785017094,
ETH/USDT,1h,2h,crypto_core_v1,hist_gradient_boosting,wf_2024,validation,A,3,0,3,0,0.008684864204262066,0.0038885301257397344,0.0008701782752038867,0.0003451547149355,0.3706790908836246,wf_2022,wf_2023,0,0.5465781884934946,0.5574580396003733,0.5312730096498757,0.6903343922836671,0.2485763966674938,0.5319899817850637,0.0001328984479064,8784.0,0.5178734061930783,0.5211748633879781,0.4788251366120218,0.2122040072859745,0.1756602914389799,0.0264116575591985,0.0229963570127504,0.0028460837887067,0.0028460837887067,0.0003415300546448,0.0005692167577413,5.285325749663057e-05,-0.0002200232414623,0.0004555906709332,-3.280054659594324e-05,0.0021995266948202,-0.0008080425759799,0.0053554983416598,-0.0029138642953483,0.0111942932080246,-0.0014984862584547
ETH/USDT,1h,2h,crypto_core_v1,hist_gradient_boosting,final_holdout,holdout,A,3,0,3,0,0.008684864204262066,0.0038885301257397344,0.0008701782752038867,0.0003451547149355,0.3706790908836246,wf_2022,wf_2023,0,0.5347440950102917,0.5357069222120822,0.5234704649780565,0.6931245882661798,0.2499530541293148,0.5242827800967336,2.6709005323328585e-05,15093.0,0.5087789041277413,0.5466772676075001,0.4533227323924998,0.2628370767905651,0.1769032001590141,0.0379646193599682,0.0314052872192407,0.003246538130259,0.0086795203074272,0.0004637911614655,0.0011263499635592,-9.30816342568372e-05,-0.0001711686029813,-8.954128595143808e-05,-0.0001953701539357,-5.183561752983682e-05,-0.0003058624725549,0.0011591404240658,-0.0010101439015828,0.0039433287118995,0.0019699141025545
ETH/USDT,1h,2h,crypto_core_v1,logistic_regression,wf_2022,validation,A,3,0,3,0,0.015641075723461628,0.006501117424472301,0.0013320124245010945,0.0003451547149355,0.3808969356221926,wf_2022,wf_2023,0,0.54007341473057,0.5322192277688748,0.5329602093786698,0.6917890979581592,0.2493031602742874,0.5327625570776255,-0.0001732699240616,8760.0,0.5031963470319635,0.4692922374429223,0.5307077625570776,0.1373287671232876,0.1470319634703196,0.0245433789954337,0.0159817351598173,0.0029680365296803,0.0013698630136986,0.0006849315068493,0.0,-0.0001224061310875,0.0002182475650418,0.0002028803305175,-0.0002012013036296,-0.0001343242302065,0.001715773457904,0.0033671856586311,0.006321834066439,0.0255170135116538,
ETH/USDT,1h,2h,crypto_core_v1,logistic_regression,wf_2023,validation,A,3,0,3,0,0.015641075723461628,0.006501117424472301,0.0013320124245010945,0.0003451547149355,0.3808969356221926,wf_2022,wf_2023,0,0.5557144904540317,0.5575181923271978,0.538615912826048,0.6890716117821588,0.2479711478497863,0.5370476081744492,0.0001718847908739,8759.0,0.5087338737298779,0.4108916542984359,0.5891083457015641,0.0504623815504053,0.1234159150587966,0.0023975339650645,0.0023975339650645,0.0001141682840506,0.0,0.0,0.0,5.303646704183319e-05,-0.0002547791934847,0.000146071744402,-0.0005897621775808,0.0080410917108029,-0.0020440815446452,0.0268873650710326,,,
ETH/USDT,1h,2h,crypto_core_v1,logistic_regression,wf_2024,validation,A,3,0,3,0,0.015641075723461628,0.006501117424472301,0.0013320124245010945,0.0003451547149355,0.3808969356221926,wf_2022,wf_2023,0,0.5504839212427294,0.5586591537860988,0.5385586774783202,0.6900584218006053,0.2484529877431005,0.5364298724954463,0.0001328984479064,8784.0,0.5178734061930783,0.4418260473588342,0.5581739526411658,0.1040528233151183,0.1550546448087431,0.013091985428051,0.0071721311475409,0.0009107468123861,0.0003415300546448,0.0,0.0,0.000301565683889,6.111468005873909e-07,0.0005779013862848,0.000175044787198,0.0004015302979802,-0.0014967545521587,0.0064246299292684,-0.0158775538429488,,
ETH/USDT,1h,2h,crypto_core_v1,logistic_regression,final_holdout,holdout,A,3,0,3,0,0.015641075723461628,0.006501117424472301,0.0013320124245010945,0.0003451547149355,0.3808969356221926,wf_2022,wf_2023,0,0.5317210819497877,0.5296988838483463,0.5215762174685756,0.6926483538247961,0.2497394705691211,0.5211024978466839,2.6709005323328585e-05,15093.0,0.5087789041277413,0.4733982640959385,0.5266017359040615,0.1178692108924667,0.139137348439674,0.0126548731199894,0.0073544027032399,0.0009938382031405,0.0002650235208374,0.0001325117604187,0.0,1.8065679256942083e-06,-4.909550698489094e-05,-0.0003129647223471,-0.0001589683725639,-0.0009688214848991,0.0002236135620008,0.0089385119792848,0.0028683809298521,0.0377202994143127,
ETH/USDT,1h,2h,crypto_core_v1,random_forest,wf_2022,validation,A,3,0,3,0,0.01929253002451703,0.008675274434990318,0.001709921588938984,0.0003451547149355,0.41037512106493024,wf_2024,wf_2023,0,0.547719418487109,0.5422960226939024,0.5376800703266787,0.6901911284319482,0.2485262849660571,0.5376712328767124,-0.0001732699240616,8760.0,0.5031963470319635,0.4988584474885845,0.5011415525114156,0.2045662100456621,0.2214611872146118,0.0331050228310502,0.0275114155251141,0.0045662100456621,0.0031963470319634,0.0004566210045662,0.0005707762557077,-6.939486764075352e-05,0.0002766717456013,0.0002300273619985,0.0004026386296161,-0.0004270464976137,0.0011699005099901,0.0060941883995489,0.0054745470681975,0.0250953206946586,-0.0030918848266159
ETH/USDT,1h,2h,crypto_core_v1,random_forest,wf_2023,validation,A,3,0,3,0,0.01929253002451703,0.008675274434990318,0.001709921588938984,0.0003451547149355,0.41037512106493024,wf_2024,wf_2023,0,0.5650806334856355,0.5624502457564362,0.55138470675755,0.6874725917485107,0.2471695161491483,0.5502911291243293,0.0001718847908739,8759.0,0.5087338737298779,0.4382920424706016,0.5617079575293983,0.1294668341134832,0.2370133576892339,0.0073067701792442,0.0345929900673592,0.0010275145564562,0.0013700194086082,0.0001141682840506,0.0,0.0001898557790697,-0.0001578623063853,0.0004086318917148,-0.0002447382084129,0.0018762486891351,-0.0003122778176294,0.0027616532428142,0.0003024339498393,0.0175530665387173,
ETH/USDT,1h,2h,crypto_core_v1,random_forest,wf_2024,validation,A,3,0,3,0,0.01929253002451703,0.008675274434990318,0.001709921588938984,0.0003451547149355,0.41037512106493024,wf_2024,wf_2023,0,0.5457881034611185,0.5591574849792686,0.5354309352990382,0.6909434303959705,0.2488794377380873,0.5346083788706739,0.0001328984479064,8784.0,0.5178734061930783,0.4782559198542805,0.5217440801457195,0.1937613843351548,0.2462431693989071,0.0149134790528233,0.0286885245901639,0.0015938069216757,0.0036429872495446,0.0003415300546448,0.0005692167577413,0.0001733340435753,-9.5833220456055e-05,0.0005545972703243,-0.0002946161579042,0.0025939103354528,-0.0006959776697587,0.0099840256836512,-0.0012413357012465,0.0111942932080246,-0.0012045381408639
ETH/USDT,1h,2h,crypto_core_v1,random_forest,final_holdout,holdout,A,3,0,3,0,0.01929253002451703,0.008675274434990318,0.001709921588938984,0.0003451547149355,0.41037512106493024,wf_2024,wf_2023,0,0.5350327107168669,0.5357966048343726,0.5283360850905463,0.6933697552912815,0.2500755069875742,0.5282581329092957,2.6709005323328585e-05,15093.0,0.5087789041277413,0.4960577751275425,0.5039422248724574,0.2240773868680845,0.2490558537070165,0.0221957198701384,0.0349168488703372,0.0023189558073279,0.0079507056251242,0.0005300470416749,0.0004637911614655,-0.0001024695707509,-0.0001538665124319,-0.0001646737052833,-0.0002607210751703,-0.0001331127365727,-0.0004955965571227,0.003222538108649,-0.0013597989104243,0.0063135382312933,-0.0031196341884883
ETH/USDT,1h,2h,crypto_core_v1+crypto_context_proxy_v1,random_forest,wf_2022,validation,A,3,0,3,0,0.023019441939955976,0.00981596477448591,0.0023136243279522906,0.0003451547149355,0.4301844832705326,wf_2022,wf_2023,0,0.5370075172480516,0.5361666877414271,0.5223797223630832,0.6923967356756868,0.2496179712364264,0.5231735159817351,-0.0001732699240616,8760.0,0.5031963470319635,0.6243150684931507,0.3756849315068493,0.3036529680365297,0.1350456621004566,0.0636986301369863,0.0121004566210045,0.0075342465753424,0.0,0.0009132420091324,0.0,-0.0002609809510952,2.7511307578360213e-05,-0.0001282481090218,4.809134557058088e-05,0.0005531693212177,0.000697397907037,0.0077799195330875,,0.0198787372700672,
ETH/USDT,1h,2h,crypto_core_v1+crypto_context_proxy_v1,random_forest,wf_2023,validation,A,3,0,3,0,0.023019441939955976,0.00981596477448591,0.0023136243279522906,0.0003451547149355,0.4301844832705326,wf_2022,wf_2023,0,0.5600269591880076,0.5533232017830619,0.5468425018493632,0.6880555205904968,0.2474618485686171,0.5461810708985044,0.0001718847908739,8759.0,0.5087338737298779,0.4629523918255508,0.5370476081744492,0.1496746203904555,0.2012786847813677,0.0090192944400045,0.0245461810708985,0.0009133462724055,0.0005708414202534,0.0,0.0,0.0001635470929731,-0.0001790721558798,0.0005824526872703,-0.0002749948402229,0.0001585645393674,-0.0001800962006374,0.0008619176039487,0.0002025332252859,,
ETH/USDT,1h,2h,crypto_core_v1+crypto_context_proxy_v1,random_forest,wf_2024,validation,A,3,0,3,0,0.023019441939955976,0.00981596477448591,0.0023136243279522906,0.0003451547149355,0.4301844832705326,wf_2022,wf_2023,0,0.5425032370854629,0.548805530329178,0.5312848964820427,0.6927436916363118,0.2497754728965694,0.5278916211293261,0.0001328984479064,8784.0,0.5178734061930783,0.4061930783242258,0.5938069216757741,0.1035974499089253,0.2958788706739526,0.0064890710382513,0.0371129326047358,0.0006830601092896,0.0035291438979963,0.000455373406193,0.0006830601092896,0.0001545457166001,-0.0001180906536773,0.0005717629875386,-0.0002502792414898,0.0033868015937094,-0.0004380005153846,0.0142248756171528,0.001096431593049,0.0104521584529401,-0.0034953132064433
ETH/USDT,1h,2h,crypto_core_v1+crypto_context_proxy_v1,random_forest,final_holdout,holdout,A,3,0,3,0,0.023019441939955976,0.00981596477448591,0.0023136243279522906,0.0003451547149355,0.4301844832705326,wf_2022,wf_2023,0,0.5367270446661502,0.5369137364964771,0.5287051299314309,0.6920616103353562,0.249437938362774,0.5295169946332737,2.6709005323328585e-05,15093.0,0.5087789041277413,0.5467435234877095,0.4532564765122904,0.2089710461803485,0.1447690982574703,0.0127211290001987,0.0172927847346452,0.0015901411250248,0.0035778175313059,0.0001987676406281,0.0,-4.860497636683029e-05,-0.0001175569773898,0.0002246873613415,-0.0002641919956249,0.0008293219839665,-0.0005292159585621,0.003955477142126,-0.0020446672543977,0.0001278064020788,
ETH/USDT,1h,4h,crypto_core_v1,hist_gradient_boosting,wf_2022,validation,A,3,0,3,0,0.022617497636715056,0.009469173958105398,0.0015100634485605002,0.0006955607171607999,0.4311690795163343,wf_2024,wf_2023,0,0.5406183273230644,0.5359964012807384,0.5255928460797583,0.6923764306936517,0.2495791688947685,0.5259132420091325,-0.0003506457187375,8760.0,0.5019406392694064,0.582648401826484,0.4173515981735159,0.2955479452054794,0.1662100456621004,0.0933789954337899,0.0421232876712328,0.0191780821917808,0.0133561643835616,0.0017123287671232,0.0023972602739726,-0.0001061144171975,0.0006920263979115,0.0003307787224853,0.0009879045862713,0.0018574108131312,0.0037367210763171,0.0036184614102408,0.0028170563847343,0.0110920860526211,-0.0018520243726896
ETH/USDT,1h,4h,crypto_core_v1,hist_gradient_boosting,wf_2023,validation,A,3,0,3,0,0.022617497636715056,0.009469173958105398,0.0015100634485605002,0.0006955607171607999,0.4311690795163343,wf_2024,wf_2023,0,0.5563801930284762,0.5515309820846195,0.5427379968896924,0.689486599407168,0.2481420254072781,0.5427560223769837,0.0003449149984233,8759.0,0.5070213494691175,0.5018837766868364,0.4981162233131636,0.1728507820527457,0.2217148076264413,0.0277428930243178,0.0675876241580089,0.0060509190546866,0.0208927959812764,0.0009133462724055,0.0037675533736727,0.0005108337106988,-0.0001777413428736,0.0010756637986464,-0.0003435787226198,0.0007563019328376,-0.0003241902646672,0.0022636801193779,-0.0001014213214625,0.0028896339302437,0.0012990608666018
ETH/USDT,1h,4h,crypto_core_v1,hist_gradient_boosting,wf_2024,validation,A,3,0,3,0,0.022617497636715056,0.009469173958105398,0.0015100634485605002,0.0006955607171607999,0.4311690795163343,wf_2024,wf_2023,0,0.5337626953917611,0.5435612207555987,0.521831341459525,0.6924654354766818,0.2496520888558386,0.5224271402550091,0.0002638566796267,8784.0,0.5099043715846995,0.5305100182149363,0.4694899817850637,0.2221083788706739,0.1838570127504553,0.0351775956284153,0.0255009107468123,0.003415300546448,0.0040983606557377,0.0006830601092896,0.0011384335154826,0.0002587501409631,-0.0002696269197268,0.0008351491767604,-0.0006533322731741,0.0020757647868666,0.0006966619634165,0.0073304870941477,0.0016497332968554,0.0105003254240883,0.0001728802859393
ETH/USDT,1h,4h,crypto_core_v1,hist_gradient_boosting,final_holdout,holdout,A,3,0,3,0,0.022617497636715056,0.009469173958105398,0.0015100634485605002,0.0006955607171607999,0.4311690795163343,wf_2024,wf_2023,0,0.5210541371744747,0.5217203122283838,0.5169822303537264,0.697636732863432,0.2521029579564617,0.5177920614936055,5.304751658855979e-05,15091.0,0.5077198330130541,0.5527135378702538,0.4472864621297462,0.2524683586243456,0.158306275263402,0.0516864356238817,0.0420780597707242,0.0051023789013319,0.0173613411967397,0.0010602345769001,0.0071565833940759,-0.000169352563719,-0.0003278681195287,-0.0001429209258324,-8.463033646756362e-05,-0.0008628367527821,-0.0001921397981024,0.0027247534680021,-0.000541246949042,0.0030807969702661,-0.000506095773784
ETH/USDT,1h,4h,crypto_core_v1,logistic_regression,wf_2022,validation,A,3,0,3,0,0.029811669817412678,0.012292361898461944,0.0016654388057044944,0.0006955607171607999,0.4532502466064547,wf_2022,wf_2023,0,0.5311413179375369,0.5268708285533894,0.5246979388307335,0.6926040729091444,0.2497136018817214,0.5245433789954338,-0.0003506457187375,8760.0,0.5019406392694064,0.4602739726027397,0.5397260273972603,0.1341324200913242,0.1437214611872146,0.0287671232876712,0.0149543378995433,0.0051369863013698,0.0009132420091324,0.0010273972602739,0.0,-0.000228075855097,0.0004551723029588,0.0003282581833427,6.289189385891197e-05,-0.0009062604628614,0.0043924418880428,0.0035034333268238,0.0050834109401879,0.0193674894167678,
ETH/USDT,1h,4h,crypto_core_v1,logistic_regression,wf_2023,validation,A,3,0,3,0,0.029811669817412678,0.012292361898461944,0.0016654388057044944,0.0006955607171607999,0.4532502466064547,wf_2022,wf_2023,0,0.5609529877549496,0.5642596347082782,0.5461280778847237,0.6892334144265653,0.2480481630760169,0.5438977052174906,0.0003449149984233,8759.0,0.5070213494691175,0.341819842447768,0.658180157552232,0.0267153784678616,0.0957871903185295,0.0014841876926589,0.001826692544811,0.0,0.0,0.0,0.0,0.0006671293357271,-0.0001775759306197,0.003026486550244,-0.0008073123989928,0.0090202549209697,-0.0095255775347255,,,,
ETH/USDT,1h,4h,crypto_core_v1,logistic_regression,wf_2024,validation,A,3,0,3,0,0.029811669817412678,0.012292361898461944,0.0016654388057044944,0.0006955607171607999,0.4532502466064547,wf_2022,wf_2023,0,0.5423854617457284,0.5515989386753372,0.5329739325524534,0.6903814791685545,0.2486302489802561,0.5314207650273224,0.0002638566796267,8784.0,0.5099043715846995,0.4222449908925318,0.5777550091074681,0.0776411657559198,0.1400273224043715,0.0087659380692167,0.0060336976320582,0.0018214936247723,0.0,0.000455373406193,0.0,0.0004813401896713,-0.0001049115882464,0.0014374918247899,-0.0002281138418226,0.0067097280822194,-0.0009195883329985,0.021649506265259,,0.0265736354131267,
ETH/USDT,1h,4h,crypto_core_v1,logistic_regression,final_holdout,holdout,A,3,0,3,0,0.029811669817412678,0.012292361898461944,0.0016654388057044944,0.0006955607171607999,0.4532502466064547,wf_2022,wf_2023,0,0.5267550825444066,0.5237455701916678,0.5184645128674659,0.6930927131938942,0.2499683443195716,0.517659532171493,5.304751658855979e-05,15091.0,0.5077198330130541,0.4481479027234775,0.5518520972765224,0.095553641243125,0.1161619508316215,0.011530051023789,0.0059638194950632,0.0010602345769001,0.0003313233052812,0.0001325293221125,0.0,-5.3085474303352594e-06,-0.0001004372933608,-0.0010486172596347,0.0003591792734952,0.0002851300160635,0.0040788286028926,0.0160484330490479,0.014455071537896,0.0462229264507616,
ETH/USDT,1h,4h,crypto_core_v1,random_forest,wf_2022,validation,B,3,0,3,0,0.03315774784781389,0.015026903173708079,0.002471785213472799,0.0006955607171607999,0.47908936432747257,wf_2022,wf_2023,0,0.5364999712522515,0.5383902328926481,0.5279206057554608,0.692528284554725,0.2496793755770209,0.5279680365296804,-0.0003506457187375,8760.0,0.5019406392694064,0.5123287671232877,0.4876712328767123,0.223972602739726,0.2265981735159817,0.0431506849315068,0.0342465753424657,0.008904109589041,0.0050228310502283,0.0011415525114155,0.0003424657534246,2.8981715505513144e-05,0.0007494677985322,0.0003701233625701,3.488870604193992e-05,0.0042635628830801,0.0015088010364077,0.0093788738398118,0.0023087129651742,0.0158076128039509,0.0065230713984923
ETH/USDT,1h,4h,crypto_core_v1,random_forest,wf_2023,validation,B,3,0,3,0,0.03315774784781389,0.015026903173708079,0.002471785213472799,0.0006955607171607999,0.47908936432747257,wf_2022,wf_2023,0,0.5696577191000654,0.5611938255666225,0.5507526032999799,0.6875821686586178,0.2472075903635481,0.5492636145678731,0.0003449149984233,8759.0,0.5070213494691175,0.3946797579632378,0.6053202420367622,0.1093732161205617,0.2762872474026715,0.0125585112455759,0.0804886402557369,0.0027400388172165,0.0252311907752026,0.0002283365681013,0.0037675533736727,0.000824972966226,-3.1908511306394014e-05,0.0015636867177569,-0.0002953408202804,0.0028401108736318,-0.0002690199307266,0.0063027737665718,-0.000833402687602,0.0090199654007955,-0.0005172137359404
ETH/USDT,1h,4h,crypto_core_v1,random_forest,wf_2024,validation,B,3,0,3,0,0.03315774784781389,0.015026903173708079,0.002471785213472799,0.0006955607171607999,0.47908936432747257,wf_2022,wf_2023,0,0.5392383970725172,0.5456978629518796,0.5289085807325398,0.6921505042523499,0.2494564860419001,0.5283469945355191,0.0002638566796267,8784.0,0.5099043715846995,0.4722222222222222,0.5277777777777778,0.1727003642987249,0.2375910746812386,0.0179872495446265,0.0372267759562841,0.0026183970856102,0.0036429872495446,0.0009107468123861,0.0002276867030965,0.0003580450462235,-0.0001795828779349,0.0008882375485339,-0.0003337808692626,0.0053242248390384,-0.0002849537401737,0.0059694871490887,0.002884148045619,0.0026663506868541,-0.0024157251964154
ETH/USDT,1h,4h,crypto_core_v1,random_forest,final_holdout,holdout,B,3,0,3,0,0.03315774784781389,0.015026903173708079,0.002471785213472799,0.0006955607171607999,0.47908936432747257,wf_2022,wf_2023,0,0.5266798906090859,0.5272086355092491,0.5226349773417536,0.6960220289105891,0.2513406250785411,0.5224305877675436,5.304751658855979e-05,15091.0,0.5077198330130541,0.4871115234245576,0.5128884765754423,0.1956795440991319,0.2245709363196607,0.0300178914584851,0.0362467695977735,0.0049698495792194,0.0139155788218143,0.0011264992379563,0.0027168511033066,3.0465227350353128e-06,-0.0001005355405959,-3.965406063499458e-05,-6.580638385548269e-05,0.0005886632011131,-0.000442505185821,0.0003361890190653,-0.001464198964835,0.0074372902055884,-0.0035735662296132
ETH/USDT,1h,8h,crypto_core_v1,logistic_regression,wf_2022,validation,A,3,0,3,0,0.029257615358838418,0.013464449079716985,0.0019323922970191088,0.0013993559287906001,0.4722764674461942,wf_2022,wf_2023,0,0.5354038291048759,0.5181241969355534,0.5234897271351411,0.692659943889371,0.2497094336838066,0.5246575342465754,-0.0007119132900584,8760.0,0.4924657534246575,0.4221461187214612,0.5778538812785388,0.123972602739726,0.130593607305936,0.0352739726027397,0.0151826484018264,0.0101598173515981,0.0027397260273972,0.0025114155251141,0.0001141552511415,0.0003903216510713,0.0015171414236614,0.0023835159165239,0.0029117969195372,-0.0014723190927034,0.0048898538068654,-0.0036112334733265,0.0128289504882819,-0.0105777127561813,0.0534071943467917
ETH/USDT,1h,8h,crypto_core_v1,logistic_regression,wf_2023,validation,A,3,0,3,0,0.029257615358838418,0.013464449079716985,0.0019323922970191088,0.0013993559287906001,0.4722764674461942,wf_2022,wf_2023,0,0.5646614444637144,0.5526565978736586,0.5357621534167163,0.6886832418951416,0.2477770413867875,0.5387601324352095,0.0006874426387322,8759.0,0.4946911747916429,0.2172622445484644,0.7827377554515356,0.022148647105834,0.068272633862313,0.0015983559767096,0.0017125242607603,0.0,0.0,0.0,0.0,0.002395226969728,-0.0002134179039182,0.0054468636182801,0.0001170417595582,0.0087533970722617,0.00948011384595,,,,
ETH/USDT,1h,8h,crypto_core_v1,logistic_regression,wf_2024,validation,A,3,0,3,0,0.029257615358838418,0.013464449079716985,0.0019323922970191088,0.0013993559287906001,0.4722764674461942,wf_2022,wf_2023,0,0.5368491164567419,0.5559406435479717,0.5233029822007583,0.6913587101560233,0.2491204217358656,0.519011839708561,0.0005307885425045,8784.0,0.5153688524590164,0.3611111111111111,0.6388888888888888,0.0658014571948998,0.1229508196721311,0.0109289617486338,0.0068306010928961,0.0022768670309653,0.0003415300546448,0.0012522768670309,0.0001138433515482,0.0006321830034031,-0.0004734786298227,0.0035005375136789,0.0001138534015714,0.007966849758087,-0.0047760816534325,0.00789592791634,-0.0050863944275956,0.0269097355107532,-0.0100105932203389
ETH/USDT,1h,8h,crypto_core_v1,logistic_regression,final_holdout,holdout,A,3,0,3,0,0.029257615358838418,0.013464449079716985,0.0019323922970191088,0.0013993559287906001,0.4722764674461942,wf_2022,wf_2023,0,0.509262917071488,0.5191348468089378,0.504197207640213,0.6955069871643283,0.2511719902203344,0.5016901968582224,0.0001108625183927,15087.0,0.5132233048319745,0.4053158348246835,0.5946841651753165,0.0908729369655995,0.1112878637237356,0.0141181149333863,0.0064293762842182,0.0028501358785709,0.0007953867568104,0.000662822297342,6.628222973420826e-05,-8.578815555768885e-06,-0.0001922695354563,-0.0012420990964207,0.0011399225346169,0.0022455719876424,0.0061492945973349,0.0078184800906161,0.0423034107969921,0.0038449775283197,0.0389315324701408
ETH/USDT,1h,8h,crypto_core_v1,random_forest,wf_2022,validation,A,3,0,3,0,0.023929003680403738,0.010943659598300957,0.000731649455785216,0.0013993559287906001,0.4499356340241954,wf_2022,wf_2023,0,0.5356974676387604,0.5315600642471978,0.5252587533167286,0.6928217627901195,0.2498242622653552,0.5253424657534247,-0.0007119132900584,8760.0,0.4924657534246575,0.4940639269406393,0.5059360730593607,0.2178082191780821,0.2284246575342465,0.0618721461187214,0.0559360730593607,0.0154109589041095,0.015296803652968,0.0038812785388127,0.0036529680365296,-6.55951218930853e-05,0.0013430651474184,0.0013683003170719,0.0016424560881856,0.0060983062799621,0.0032860465524766,0.0111244208042964,0.0058845787721153,0.0234730853039912,0.004456109563528
ETH/USDT,1h,8h,crypto_core_v1,random_forest,wf_2023,validation,A,3,0,3,0,0.023929003680403738,0.010943659598300957,0.000731649455785216,0.0013993559287906001,0.4499356340241954,wf_2022,wf_2023,0,0.5596264713191641,0.5382831610696404,0.5426826603888714,0.6917183649146436,0.2491212986838792,0.5440118735015412,0.0006874426387322,8759.0,0.4946911747916429,0.3743578034022148,0.6256421965977851,0.131407694942345,0.3203562050462381,0.0508048864025573,0.1335768923393081,0.0192944400045667,0.049434866993949,0.0020550291129124,0.0173535791757049,0.0014186322625924,-0.0002499297232875,0.0015992848986933,-0.0001687799689363,0.0015184422091627,-0.0003450867033086,0.0011240083480625,-0.0005854870173339,0.0035024178980301,-0.001289407893199
ETH/USDT,1h,8h,crypto_core_v1,random_forest,wf_2024,validation,A,3,0,3,0,0.023929003680403738,0.010943659598300957,0.000731649455785216,0.0013993559287906001,0.4499356340241954,wf_2022,wf_2023,0,0.5371982860231662,0.5560442241816226,0.5271854893658954,0.6929116816976085,0.2498529481396644,0.525728597449909,0.0005307885425045,8784.0,0.5153688524590164,0.4534380692167577,0.5465619307832422,0.1491347905282331,0.2509107468123862,0.0253870673952641,0.0482695810564663,0.0055783242258652,0.0100182149362477,0.0009107468123861,0.0006830601092896,0.001025067304863,-0.0001207255742742,0.0024386292633194,-0.0004122668006005,0.0057092168284956,-0.0020179444915374,0.0154175313529873,-0.0057809656294821,0.0327532801156923,-0.0112108911970045
ETH/USDT,1h,8h,crypto_core_v1,random_forest,final_holdout,holdout,A,3,0,3,0,0.023929003680403738,0.010943659598300957,0.000731649455785216,0.0013993559287906001,0.4499356340241954,wf_2022,wf_2023,0,0.5141854882208599,0.5270064406228832,0.5132409021768767,0.6999510760256534,0.2532313716784077,0.5124279180751641,0.0001108625183927,15087.0,0.5132233048319745,0.4696095976668655,0.5303904023331345,0.1786968913634254,0.2423941141379996,0.0418240869622854,0.0525618081792271,0.0108040034466759,0.0200835156094651,0.001922184662292,0.0057002717571419,0.0001440527774159,-8.147574193940637e-05,-2.008467578687198e-05,7.882582280988433e-05,0.002898835675585,-0.0006861977830946,0.0053722624162637,-0.0031219002661397,0.0070687735838592,-0.0061477383622181
