Date,ADA-USD,ARB-USD,AVAX-USD,BTC-USD,DOT-USD,ETH-USD,FET-USD,INJ-USD,LINK-USD,NEAR-USD,OP-USD,RENDER-USD,SOL-USD
2024-01-01,0.6231099963188171,0.0004419999895617366,41.864463806152344,44167.33203125,8.59892463684082,2352.327880859375,0.7314000129699707,39.64942169189453,15.535808563232422,3.799201011657715,3.9886910915374756,4.745975971221924,109.50868225097656
2024-01-02,0.605666995048523,0.0004600000102072954,40.64521026611328,44957.96875,8.41269588470459,2355.83642578125,0.7304019927978516,37.0411491394043,15.165292739868164,3.923046112060547,3.708077907562256,4.659811973571777,106.61122131347656
2024-01-03,0.5572860240936279,0.00042799999937415123,36.7952766418457,42848.17578125,7.641822814941406,2210.761962890625,0.6581010222434998,34.20037841796875,14.150558471679688,3.7758491039276123,3.474562883377075,4.418562889099121,98.59443664550781
2024-01-04,0.5705670118331909,0.0004419999895617366,38.73783493041992,44179.921875,7.881475925445557,2269.0380859375,0.7251780033111572,38.4484977722168,14.5540189743042,3.919748067855835,3.7249579429626465,4.401535987854004,105.0775375366211
2024-01-05,0.5412420034408569,0.0008829999715089798,36.43484878540039,44162.69140625,7.44556188583374,2268.647216796875,0.6898900270462036,38.57008361816406,14.065112113952637,3.5459020137786865,3.4268360137939453,3.993407964706421,99.97879028320312
2024-01-06,0.5231029987335205,0.0008789999992586672,34.62417984008789,43989.1953125,7.13883113861084,2241.624755859375,0.6489449739456177,39.97490310668945,13.42838191986084,3.480813980102539,3.229759931564331,3.8063371181488037,93.85771942138672
2024-01-07,0.4941740036010742,0.0008789999992586672,33.62965393066406,43943.09765625,6.8958330154418945,2222.865966796875,0.6217420101165771,36.62273406982422,13.140296936035156,3.208437919616699,3.175955057144165,3.62369704246521,89.2763442993164
2024-01-08,0.5409359931945801,0.00046999999904073775,36.08260726928711,46970.50390625,7.477948188781738,2333.03271484375,0.6822829842567444,42.29082107543945,14.156993865966797,3.4157779216766357,3.417396068572998,4.055174827575684,97.79044342041016
2024-01-09,0.5115270018577576,0.00046099998871795833,34.695011138916016,46139.73046875,7.1172099113464355,2344.8271484375,0.6466969847679138,39.955665588378906,13.705975532531738,3.2260210514068604,3.6271309852600098,3.8693840503692627,99.40918731689453
2024-01-10,0.5666469931602478,0.0004659999976865947,38.472389221191406,46627.77734375,7.9710612297058105,2582.103515625,0.7138410210609436,40.863189697265625,15.031819343566895,3.591649055480957,3.9310190677642822,4.225319862365723,102.03302001953125
2024-01-11,0.5821790099143982,0.00046400001156143844,39.445777893066406,46368.5859375,8.170188903808594,2619.619140625,0.7275850176811218,38.710411071777344,15.032686233520508,3.6200931072235107,3.9860661029815674,4.077177047729492,99.90943908691406
2024-01-12,0.5473330020904541,0.0004290000069886446,35.87169647216797,42853.16796875,7.569273948669434,2524.460205078125,0.6852080225944519,36.72139358520508,14.134305000305176,3.4491169452667236,3.9259800910949707,3.824115037918091,91.72090911865234
2024-01-13,0.5493360161781311,0.00042799999937415123,36.45083999633789,42842.3828125,7.612985134124756,2576.597900390625,0.6887310147285461,38.82869338989258,14.364034652709961,3.4010679721832275,3.807360887527466,3.8879830837249756,95.73004913330078
2024-01-14,0.5259810090065002,0.0004180000105407089,35.33799743652344,41796.26953125,7.327098846435547,2472.2412109375,0.6516939997673035,36.91200637817383,14.79709243774414,3.307068109512329,3.4781429767608643,3.7682011127471924,94.13314056396484
2024-01-15,0.5281609892845154,0.00042299999040551484,35.66428756713867,42511.96875,7.517786979675293,2511.36376953125,0.6851189732551575,41.02505111694336,15.195074081420898,3.3035550117492676,3.44903302192688,3.7658851146698,94.49022674560547
2024-01-16,0.5356760025024414,0.0004309999931138009,35.59072494506836,43154.9453125,7.490059852600098,2587.691162109375,0.6895689964294434,40.772422790527344,15.261761665344238,3.2356228828430176,3.5987589359283447,3.967871904373169,97.62691497802734
2024-01-17,0.5270289778709412,0.00042699999175965786,36.00657653808594,42742.65234375,7.33296012878418,2528.369384765625,0.6767410039901733,39.1265754699707,15.730317115783691,3.2997701168060303,3.4525539875030518,4.1899027824401855,102.0635986328125
2024-01-18,0.5018740296363831,0.0004130000015720725,33.52815246582031,41262.05859375,7.007637023925781,2467.018798828125,0.6175940036773682,35.92677307128906,14.649992942810059,3.073837995529175,3.2104830741882324,4.303450107574463,94.2509536743164
2024-01-19,0.503150999546051,0.00041599999531172216,32.643001556396484,41618.40625,6.874605178833008,2489.49853515625,0.6170660257339478,36.07280731201172,16.04130744934082,3.002487897872925,3.1978518962860107,4.1224517822265625,93.38616943359375
2024-01-20,0.5150049924850464,0.00041700000292621553,32.80842590332031,41665.5859375,6.898894786834717,2469.589111328125,0.6108649969100952,35.410430908203125,15.742375373840332,2.9594430923461914,3.185628890991211,4.000330924987793,92.56983947753906
2024-01-21,0.5031049847602844,0.0004149999876972288,32.473045349121094,41545.78515625,6.807318210601807,2453.9130859375,0.5919489860534668,35.86124801635742,15.391012191772461,2.9202721118927,3.111747980117798,3.9801130294799805,90.84843444824219
2024-01-22,0.4785020053386688,0.00039500001003034413,29.48309326171875,39507.3671875,6.332924842834473,2310.826416015625,0.5587220191955566,33.83669662475586,14.544947624206543,2.6442298889160156,2.9742109775543213,3.7422330379486084,83.62281036376953
2024-01-23,0.4767490029335022,0.0003980000037699938,30.59178352355957,39845.55078125,6.35443115234375,2240.68603515625,0.570468008518219,32.92115783691406,14.274681091308594,2.649487018585205,2.8169710636138916,3.739016056060791,84.27450561523438
2024-01-24,0.47629600763320923,0.00040099999750964344,31.217866897583008,40077.07421875,6.459842205047607,2233.561767578125,0.6006029844284058,33.063140869140625,14.23513412475586,2.6818900108337402,2.8561270236968994,3.8525209426879883,88.73200988769531
2024-01-25,0.46647900342941284,0.00039900001138448715,30.48063850402832,39933.80859375,6.434463024139404,2217.710205078125,0.579289972782135,31.801382064819336,13.757712364196777,2.6978509426116943,2.93574595451355,3.71323299407959,86.88921356201172
2024-01-26,0.48529401421546936,0.0004189999890513718,32.27981948852539,41816.87109375,6.672458171844482,2267.19970703125,0.6109859943389893,33.781742095947266,14.195534706115723,2.9223029613494873,3.0698699951171875,3.919666051864624,92.44236755371094
2024-01-27,0.48632100224494934,0.00042100000428035855,33.261962890625,42120.0546875,6.6702470779418945,2267.885986328125,0.6241869926452637,35.04589080810547,14.34029769897461,2.9093520641326904,3.0690040588378906,4.079991817474365,94.16321563720703
2024-01-28,0.4897190034389496,0.0004199999966658652,34.79377365112305,42035.59375,6.839127063751221,2257.208740234375,0.6016929745674133,36.370548248291016,14.517561912536621,2.880887985229492,3.0261130332946777,3.974163055419922,95.93798065185547
2024-01-29,0.5252749919891357,0.0004330000083427876,36.073768615722656,43288.24609375,7.030881881713867,2317.064208984375,0.6276429891586304,37.43513870239258,14.988256454467773,3.007158041000366,3.164850950241089,4.285258769989014,101.56666564941406
2024-01-30,0.5141649842262268,0.0004290000069886446,35.144779205322266,42952.609375,6.8419671058654785,2344.49365234375,0.6003010272979736,35.46120834350586,15.467368125915527,3.0091350078582764,3.15706205368042,4.604896068572998,101.47297668457031
2024-01-31,0.49825599789619446,0.00042600001324899495,33.16189956665039,42582.60546875,6.655735969543457,2282.54443359375,0.5668569803237915,33.89017105102539,15.39860725402832,2.822042942047119,2.9013760089874268,4.327096939086914,97.0287094116211
2024-02-01,0.5070229768753052,0.0004309999931138009,33.82854080200195,43075.7734375,6.791077136993408,2303.82470703125,0.5415930151939392,33.85118865966797,17.184246063232422,2.853393077850342,2.975126028060913,4.602194786071777,97.84669494628906
2024-02-02,0.5139579772949219,0.00043200000072829425,36.707916259765625,43185.859375,6.936224937438965,2308.0380859375,0.5689359903335571,34.613407135009766,17.791160583496094,2.8985190391540527,3.008023977279663,4.586678981781006,100.44052124023438
2024-02-03,0.5128610134124756,0.0004299999854993075,35.91640090942383,42992.25,6.8314900398254395,2296.038330078125,0.5615990161895752,33.01685333251953,17.661924362182617,2.814734935760498,2.957242012023926,4.717538833618164,97.8799819946289
2024-02-04,0.49425598978996277,0.00042600001324899495,34.844993591308594,42583.58203125,6.6672282218933105,2289.546142578125,0.5238549709320068,32.29887008666992,18.17605972290039,2.753314971923828,2.9920589923858643,4.648835182189941,95.47695922851562
2024-02-05,0.49333998560905457,0.00042699999175965786,34.50077438354492,42658.66796875,6.726913928985596,2298.888916015625,0.5262179970741272,31.906944274902344,19.131561279296875,2.7462809085845947,3.092039108276367,4.3955979347229,95.54866027832031
2024-02-06,0.4984630048274994,0.0004309999931138009,34.1414680480957,43084.671875,6.805706977844238,2372.201904296875,0.5283529758453369,31.172460556030273,18.29801368713379,2.733901023864746,3.3236958980560303,4.268073081970215,96.86107635498047
2024-02-07,0.5017729997634888,0.00044299999717622995,35.27924728393555,44318.22265625,6.939929962158203,2423.7451171875,0.5581880211830139,32.93339157104492,18.85492515563965,2.866760015487671,3.3598580360412598,4.464715957641602,100.97927856445312
2024-02-08,0.5292689800262451,0.0004529999860096723,35.427764892578125,45301.56640625,7.0146660804748535,2419.906494140625,0.558830976486206,32.801998138427734,18.231304168701172,2.925611972808838,3.302067995071411,4.433060169219971,102.78563690185547
2024-02-09,0.5407919883728027,0.0004720000142697245,38.01095962524414,47147.19921875,7.19149112701416,2487.515625,0.6080020070075989,34.854488372802734,18.46788215637207,2.9934680461883545,3.4647979736328125,4.705367088317871,106.93333435058594
2024-02-10,0.5514119863510132,0.0004780000017490238,40.2883186340332,47771.27734375,7.208862781524658,2501.228271484375,0.6276280283927917,35.01785659790039,19.091100692749023,3.0457100868225098,3.365269899368286,4.658594131469727,109.1314697265625
2024-02-11,0.5414100289344788,0.0004830000107176602,39.732269287109375,48293.91796875,7.096012115478516,2507.570556640625,0.6326619982719421,35.138980865478516,20.12895965576172,3.125072956085205,3.530479907989502,4.6265950202941895,107.49528503417969
2024-02-12,0.560030996799469,0.0014990000054240227,41.08818817138672,49958.22265625,7.346063137054443,2658.115966796875,0.6689590215682983,36.914920806884766,20.491962432861328,3.388375997543335,3.824302911758423,4.802425861358643,111.99275207519531
2024-02-13,0.5449960231781006,0.0004980000085197389,39.765350341796875,49742.44140625,7.362933158874512,2642.185302734375,0.6681280136108398,34.71195602416992,19.88628387451172,3.2164299488067627,3.7317230701446533,4.898086071014404,112.57930755615234
2024-02-14,0.5773019790649414,0.0005179999861866236,42.26839065551758,51826.6953125,7.658267021179199,2777.90234375,0.6819859743118286,35.406639099121094,20.277942657470703,3.3352439403533936,3.825345039367676,5.0065741539001465,116.97632598876953
2024-02-15,0.6083629727363586,0.0005189999938011169,41.596004486083984,51938.5546875,7.778054237365723,2824.37890625,0.6539160013198853,34.11452865600586,19.94938087463379,3.400365114212036,3.8627700805664062,5.309088230133057,113.69940948486328
2024-02-16,0.5988720059394836,0.000522000016644597,40.312129974365234,52160.203125,7.657581806182861,2803.69140625,0.7076020240783691,34.534366607666016,19.57235336303711,3.280803918838501,3.64443302154541,5.293162822723389,110.44591522216797
2024-02-17,0.6083459854125977,0.0005169999785721302,39.762489318847656,51662.99609375,7.7043538093566895,2786.672607421875,0.7873560190200806,37.79587173461914,20.03460693359375,3.331804037094116,3.5794379711151123,5.678030014038086,108.98401641845703
2024-02-18,0.6187340021133423,0.0005210000090301037,40.254661560058594,52122.546875,7.8500590324401855,2878.998046875,0.823639988899231,38.878108978271484,20.096508026123047,3.5160930156707764,3.786046028137207,5.843574047088623,112.17467498779297
2024-02-19,0.6310629844665527,0.0005179999861866236,39.482234954833984,51779.14453125,8.029154777526855,2943.57470703125,0.9772109985351562,37.57719421386719,19.820606231689453,3.533247947692871,3.957681894302368,6.3457112312316895,111.4853286743164
2024-02-20,0.6221650242805481,0.0005230000242590904,38.52740478515625,52284.875,7.733205795288086,3013.503662109375,1.0591750144958496,36.4806022644043,19.295194625854492,3.401885986328125,4.058883190155029,6.486446857452393,108.45964050292969
2024-02-21,0.5984579920768738,0.0005179999861866236,37.63543701171875,51839.1796875,7.468303203582764,2970.35546875,1.1442240476608276,35.099082946777344,18.58225440979004,3.2431859970092773,3.7641210556030273,6.915703773498535,105.1252212524414
2024-02-22,0.5859019756317139,0.0005130000063218176,36.75072479248047,51304.97265625,7.482891082763672,2971.00732421875,1.103016972541809,34.08971405029297,18.112953186035156,3.2456159591674805,3.6340789794921875,7.383673191070557,101.66979217529297
2024-02-23,0.5832419991493225,0.0005070000188425183,35.92631912231445,50731.94921875,7.563416004180908,2921.658203125,1.0573890209197998,32.94074630737305,17.939098358154297,3.35782790184021,3.5118370056152344,7.354091167449951,99.95469665527344
2024-02-24,0.5966960191726685,0.0005159999709576368,36.73804473876953,51571.1015625,7.809398174285889,2992.385986328125,1.0794249773025513,34.63570785522461,18.52635955810547,3.8612709045410156,3.669167995452881,7.219275951385498,104.1335220336914
2024-02-25,0.5913789868354797,0.0005169999785721302,37.44997024536133,51733.23828125,7.923061847686768,3112.697265625,1.104017972946167,35.76310729980469,18.704635620117188,3.708153009414673,3.8751630783081055,7.208809852600098,103.4534912109375
2024-02-26,0.6197360157966614,0.0005450000171549618,39.33618927001953,54522.40234375,8.10434341430664,3178.99365234375,1.1161030530929565,36.716739654541016,19.116256713867188,4.097135066986084,3.8317089080810547,7.595814228057861,109.91853332519531
2024-02-27,0.6242160201072693,0.0005699999746866524,39.268646240234375,57085.37109375,8.371495246887207,3244.519287109375,1.0757739543914795,40.06729507446289,19.036426544189453,3.9530210494995117,3.7063159942626953,7.197319984436035,108.3880844116211
2024-02-28,0.6310589909553528,0.0006249999860301614,40.2947883605957,62504.7890625,8.342618942260742,3385.703857421875,1.362947940826416,43.69327163696289,19.431785583496094,3.885641098022461,3.770097017288208,8.004193305969238,118.05220031738281
2024-02-29,0.655646026134491,0.0006130000110715628,40.935386657714844,61198.3828125,8.255024909973145,3341.919677734375,1.4612879753112793,40.921390533447266,19.287715911865234,3.870361089706421,3.699397087097168,7.508315086364746,125.71151733398438
2024-03-01,0.7190809845924377,0.0012489999644458294,42.85532760620117,62440.6328125,8.674229621887207,3435.053955078125,1.71983802318573,45.28921127319336,20.0609073638916,3.9619879722595215,3.759303092956543,7.876254081726074,129.9904022216797
2024-03-02,0.7409279942512512,0.0006200000061653554,44.33390808105469,62029.84765625,9.436100959777832,3422.0498046875,1.8055709600448608,42.76396179199219,21.421598434448242,4.491659164428711,3.989346981048584,7.650668144226074,129.70018005371094
2024-03-03,0.7282379865646362,0.0006309999735094607,42.6048583984375,63167.37109375,9.797439575195312,3490.99365234375,1.7745029926300049,40.73651885986328,20.513017654418945,4.440537929534912,3.991702079772949,7.560947895050049,130.45086669921875
2024-03-04,0.7712939977645874,0.0006840000278316438,43.08823776245117,68330.4140625,9.911170959472656,3630.433837890625,1.7232860326766968,40.71021270751953,20.44875717163086,4.338475227355957,3.9122440814971924,7.37542200088501,133.194580078125
2024-03-05,0.6934900283813477,0.0006389999762177467,39.50013732910156,63801.19921875,9.330388069152832,3554.964599609375,1.7347060441970825,37.75370788574219,19.010520935058594,4.249266147613525,4.515111923217773,6.898859977722168,125.70671081542969
2024-03-06,0.7338209748268127,0.000661000027321279,41.51433563232422,66106.8046875,10.514226913452148,3819.226318359375,2.419281005859375,38.8103141784668,20.075965881347656,5.862256050109863,4.549245834350586,9.310248374938965,130.7420196533203
2024-03-07,0.7447419762611389,0.0006699999794363976,43.29000473022461,66925.484375,10.422065734863281,3874.34765625,2.5956859588623047,42.894588470458984,20.127426147460938,5.5399627685546875,4.6721601486206055,10.020926475524902,143.9778594970703
2024-03-08,0.7248539924621582,0.0006840000278316438,42.74036407470703,68300.09375,10.665131568908691,3892.06103515625,2.7557260990142822,41.5673713684082,19.741352081298828,5.754786968231201,4.48897123336792,10.473992347717285,145.2400360107422
2024-03-09,0.7437130212783813,0.0006849999772384763,43.000335693359375,68498.8828125,10.522542953491211,3915.4189453125,3.082387924194336,40.95205307006836,20.028526306152344,6.210823059082031,4.703312873840332,12.337565422058105,144.6072540283203
2024-03-10,0.7172269821166992,0.0006900000153109431,42.052711486816406,69019.7890625,10.278813362121582,3881.193115234375,2.7770650386810303,40.11836242675781,21.75461196899414,5.956162929534912,4.542778015136719,11.361845970153809,144.5151824951172
2024-03-11,0.7741900086402893,0.0007210000185295939,49.007232666015625,72123.90625,11.036376953125,4066.445068359375,2.703205108642578,42.588314056396484,21.289613723754883,6.68389892578125,4.584794998168945,11.476539611816406,148.75096130371094
2024-03-12,0.7480549812316895,0.0007149999728426337,55.59136962890625,71481.2890625,10.726625442504883,3980.273193359375,2.6807570457458496,52.04340362548828,20.66677474975586,8.022502899169922,4.3606858253479,11.399665832519531,151.01544189453125
2024-03-13,0.7645800113677979,0.0007309999782592058,54.948246002197266,73083.5,11.32108211517334,4006.45703125,2.660717010498047,48.308162689208984,20.7681884765625,7.755109786987305,4.417394161224365,11.355114936828613,163.83981323242188
2024-03-14,0.7504739761352539,0.001429000054486096,54.05936813354492,71396.59375,11.542901992797852,3883.140380859375,2.8522820472717285,47.953941345214844,20.906293869018555,8.882497787475586,4.199544906616211,11.8729248046875,176.67974853515625
2024-03-15,0.7264410257339478,0.0013889999827370048,58.48988723754883,69403.7734375,10.838363647460938,3735.22021484375,2.675654888153076,44.29163360595703,19.60538673400879,7.477389812469482,3.8119239807128906,11.06905460357666,182.96469116210938
2024-03-16,0.6595349907875061,0.0013070000568404794,53.49980545043945,65315.1171875,9.696842193603516,3522.860107421875,2.414124011993408,40.79293441772461,18.12628936767578,6.7304911613464355,3.5451040267944336,10.300930976867676,181.88034057617188
2024-03-17,0.681098997592926,0.0013689999468624592,58.115814208984375,68390.625,10.115609169006348,3642.4130859375,2.8146469593048096,42.72321319580078,18.674497604370117,8.241128921508789,3.593453884124756,13.149740219116211,202.12356567382812
2024-03-18,0.6612579822540283,0.0013539999490603805,60.689945220947266,67548.59375,9.907398223876953,3517.985107421875,2.4891738891601562,38.468162536621094,18.32435417175293,7.022090911865234,3.304163932800293,11.747814178466797,195.9927520751953
2024-03-19,0.5869140028953552,0.0012369999894872308,53.52589416503906,61912.7734375,8.764359474182129,3157.6181640625,2.371471881866455,35.88397979736328,16.809295654296875,6.357397079467773,3.4499669075012207,10.66127872467041,170.0162811279297
2024-03-20,0.6394810080528259,0.001357999979518354,57.03071975708008,67913.671875,9.491859436035156,3513.39306640625,2.751533031463623,39.13902282714844,18.406482696533203,6.900822162628174,3.5457980632781982,11.698086738586426,191.54962158203125
2024-03-21,0.6318680047988892,0.0013099999632686377,53.86556625366211,65491.390625,9.172893524169922,3492.9912109375,2.5186920166015625,37.097930908203125,18.43138313293457,6.442201137542725,3.427711009979248,10.759538650512695,179.2207489013672
2024-03-22,0.6132630109786987,0.0012710000155493617,53.267066955566406,63778.76171875,8.919258117675781,3333.68798828125,2.425832986831665,35.173831939697266,18.290664672851562,6.474308013916016,3.4139750003814697,10.663119316101074,174.36370849609375
2024-03-23,0.6258620023727417,0.0012799999676644802,53.412357330322266,64062.203125,8.982089042663574,3336.593994140625,2.419045925140381,34.991607666015625,18.07221794128418,6.623126983642578,3.437319040298462,10.670997619628906,172.90225219726562
2024-03-24,0.6461570262908936,0.001344999996945262,55.6641960144043,67234.171875,9.369309425354004,3454.636474609375,2.5814309120178223,36.485565185546875,18.532669067382812,6.977639198303223,3.7069740295410156,10.91132640838623,183.57345581054688
2024-03-25,0.656948983669281,0.0013989999424666166,57.823333740234375,69958.8125,9.737619400024414,3590.8837890625,2.6664841175079346,37.865257263183594,19.359712600708008,7.458374977111816,3.8624610900878906,11.028297424316406,189.0835418701172
2024-03-26,0.6650339961051941,0.00139999995008111,55.81808853149414,69987.8359375,9.690574645996094,3587.5048828125,2.835103988647461,39.04309844970703,20.01067543029785,7.65586519241333,3.9188849925994873,11.109232902526855,190.69985961914062
2024-03-27,0.6484829783439636,0.0013899999903514981,54.114627838134766,69455.34375,9.443778038024902,3500.115234375,3.1029350757598877,37.97917556762695,19.302181243896484,7.259137153625488,3.673203945159912,11.261822700500488,186.36146545410156
2024-03-28,0.6507940292358398,0.0014149999478831887,54.621883392333984,70744.953125,9.516780853271484,3561.2939453125,3.263082981109619,38.409751892089844,19.16071319580078,7.189585208892822,3.72479510307312,11.161237716674805,189.6216278076172
2024-03-29,0.6644030213356018,0.001398000051267445,53.4062385559082,69892.828125,9.596235275268555,3511.80615234375,3.10451602935791,36.688934326171875,18.993438720703125,6.973135948181152,3.61958909034729,10.959593772888184,192.2279510498047
2024-03-30,0.6443660259246826,0.0013930000131949782,53.00242614746094,69645.3046875,9.433736801147461,3507.9443359375,3.2086238861083984,35.84109878540039,18.943042755126953,6.937624931335449,3.6589040756225586,10.698881149291992,194.3855438232422
2024-03-31,0.650426983833313,0.0014260000316426158,54.11042785644531,71333.6484375,9.64262580871582,3647.8564453125,3.052367925643921,36.80629348754883,19.137727737426758,7.3030829429626465,3.6889450550079346,10.658357620239258,202.87413024902344
2024-04-01,0.6216840147972107,0.001395000028423965,51.45050048828125,69702.1484375,9.16106128692627,3505.030029296875,2.8834280967712402,34.24186325073242,18.38026237487793,6.742222785949707,3.4981179237365723,10.068490028381348,192.5678253173828
2024-04-02,0.5809869766235352,0.0013089999556541443,46.820255279541016,65446.97265625,8.57861328125,3277.234619140625,2.6721038818359375,32.56589889526367,17.963333129882812,6.216184139251709,3.1580569744110107,9.436200141906738,181.17225646972656
2024-04-03,0.5712779760360718,0.0013210000470280647,45.94569778442383,65980.8125,8.433554649353027,3311.44189453125,2.5874459743499756,32.954063415527344,17.706615447998047,6.609620094299316,3.0562989711761475,9.376455307006836,185.2486114501953
2024-04-04,0.582955002784729,0.0013699999544769526,46.506927490234375,68508.84375,8.490893363952637,3330.04052734375,2.6986770629882812,32.76542282104492,17.793916702270508,6.727497100830078,3.102631092071533,9.611030578613281,183.95811462402344
2024-04-05,0.5748339891433716,0.001357999979518354,45.38042449951172,67837.640625,8.38903522491455,3318.88525390625,2.6137280464172363,34.29079055786133,17.347497940063477,7.227752208709717,2.874495029449463,9.23603343963623,174.5015106201172
2024-04-06,0.5843380093574524,0.0013790000230073929,48.19573974609375,68896.109375,8.494186401367188,3354.183837890625,2.632857084274292,34.84196090698242,17.57422637939453,7.02336311340332,2.9941930770874023,9.54539680480957,178.91534423828125
2024-04-07,0.5894740223884583,0.0013879999751225114,49.387210845947266,69362.5546875,8.70672607421875,3453.49462890625,2.706480026245117,35.252925872802734,17.922143936157227,6.916257858276367,3.198868989944458,9.764079093933105,179.6498565673828
2024-04-08,0.6141589879989624,0.0035830000415444374,49.883567810058594,71631.359375,9.044649124145508,3695.292724609375,2.811734914779663,35.6663703918457,18.100648880004883,7.3644609451293945,3.3641059398651123,10.312536239624023,180.78477478027344
2024-04-09,0.5918930172920227,0.0034580000210553408,46.47019577026367,69139.015625,8.660052299499512,3505.163330078125,2.5878570079803467,33.15118408203125,17.36273765563965,7.213878154754639,3.0424818992614746,9.412863731384277,172.4136199951172
2024-04-10,0.5862550139427185,0.003531999886035919,47.31169509887695,70587.8828125,8.418901443481445,3543.737060546875,2.6628758907318115,33.131595611572266,17.42534637451172,6.987525939941406,3.036271095275879,9.224244117736816,173.43736267089844
2024-04-11,0.5861909985542297,0.003504999913275242,46.05759811401367,70060.609375,8.379441261291504,3505.247802734375,2.5489749908447266,31.959312438964844,17.550020217895508,6.8025641441345215,2.941793918609619,9.041890144348145,172.5763702392578
2024-04-12,0.5035750269889832,0.003360999980941415,39.41774368286133,67195.8671875,7.2410888671875,3243.034912109375,2.1420300006866455,26.750228881835938,15.157100677490234,5.793785095214844,2.4507229328155518,8.212959289550781,153.63546752929688
2024-04-13,0.4479080140590668,0.003203999949619174,34.07841110229492,63821.47265625,6.417977809906006,3004.900390625,1.9563959836959839,23.36246681213379,13.3458251953125,5.234365940093994,2.121211051940918,7.487730026245117,139.34169006347656
2024-04-14,0.46891099214553833,0.0032850001007318497,37.316444396972656,65738.7265625,6.8693461418151855,3156.94189453125,2.223963975906372,26.068357467651367,14.119750022888184,5.716465950012207,2.3292160034179688,8.95490837097168,151.28494262695312
2024-04-15,0.46079498529434204,0.0031709999311715364,35.157203674316406,63426.2109375,6.712531089782715,3101.600341796875,2.0517730712890625,24.43633460998535,13.582572937011719,5.223505973815918,2.2673048973083496,8.290690422058105,138.5086212158203
2024-04-16,0.45860499143600464,0.003186000045388937,34.76621627807617,63811.86328125,6.700047016143799,3084.920166015625,2.109462022781372,25.005680084228516,13.488032341003418,5.499640941619873,2.2428700923919678,8.270551681518555,136.27932739257812
2024-04-17,0.4442949891090393,0.003063000040128827,33.54623794555664,61276.69140625,6.57962703704834,2984.7275390625,1.9845900535583496,26.047752380371094,13.135204315185547,5.409567832946777,2.163794994354248,7.658434867858887,131.86618041992188
2024-04-18,0.45814400911331177,0.0012700000079348683,34.85084533691406,63512.75390625,6.785522937774658,3066.027587890625,2.04756498336792,27.682531356811523,13.89305305480957,5.703774929046631,2.2251169681549072,7.901900768280029,142.0823974609375
2024-04-19,0.46878400444984436,0.001276999944821,34.72248077392578,63843.5703125,6.687657833099365,3059.278564453125,2.108333110809326,28.14927864074707,13.966599464416504,5.5877461433410645,2.235898017883301,7.919671058654785,142.6804962158203
2024-04-20,0.5059080123901367,0.0013000000035390258,38.301055908203125,64994.44140625,7.234262943267822,3157.627197265625,2.489309072494507,29.733030319213867,14.964591979980469,6.224856853485107,2.506397008895874,8.968465805053711,151.13356018066406
2024-04-21,0.4992919862270355,0.0012989999959245324,37.11705017089844,64926.64453125,7.135028839111328,3147.28857421875,2.4176619052886963,28.239404678344727,15.080411911010742,6.450003147125244,2.4421091079711914,9.093498229980469,148.60931396484375
2024-04-22,0.516884982585907,0.0013370000524446368,39.22599411010742,66837.6796875,7.477910995483398,3201.652099609375,2.4680449962615967,28.64742088317871,15.465097427368164,7.035807132720947,2.5506811141967773,9.270233154296875,157.03121948242188
2024-04-23,0.5001959800720215,0.0013279999839141965,38.2866096496582,66407.2734375,7.244586944580078,3219.91162109375,2.449284076690674,28.029193878173828,15.196627616882324,6.891204833984375,2.4918980598449707,8.995514869689941,154.70130920410156
2024-04-24,0.4749099910259247,0.001285000005736947,36.368186950683594,64276.8984375,6.930154800415039,3139.80517578125,2.2702889442443848,26.435623168945312,14.537848472595215,6.879597187042236,2.420257091522217,8.476228713989258,147.74514770507812
2024-04-25,0.47102001309394836,0.001290000043809414,35.58365249633789,64481.70703125,6.862369060516357,3156.509521484375,2.2989680767059326,26.518896102905273,14.599360466003418,7.139514923095703,2.4186620712280273,8.624981880187988,144.89212036132812
2024-04-26,0.46272900700569153,0.0012750000460073352,34.40515899658203,63755.3203125,6.758216857910156,3130.164794921875,2.156008005142212,25.519636154174805,14.480972290039062,6.921290874481201,2.3310680389404297,8.126982688903809,139.10433959960938
2024-04-27,0.46703198552131653,0.0012679999927058816,34.43024826049805,63419.140625,6.798635005950928,3252.168212890625,2.1843509674072266,25.920635223388672,14.252129554748535,7.134767055511475,2.619792938232422,8.072186470031738,141.28916931152344
2024-04-28,0.46047401428222656,0.0012619999470189214,33.93898010253906,63113.23046875,6.723606109619141,3262.774658203125,2.160665988922119,25.768535614013672,13.808069229125977,7.051272869110107,2.632524013519287,7.955926895141602,137.85641479492188
2024-04-29,0.4573650062084198,0.001276999944821,35.364253997802734,63841.12109375,6.591732978820801,3215.428955078125,2.167793035507202,25.867544174194336,14.073784828186035,6.869527816772461,2.497314929962158,7.884811878204346,137.7766571044922
2024-04-30,0.44081199169158936,0.0012150000547990203,32.706424713134766,60636.85546875,6.422237873077393,3012.286865234375,2.0252621173858643,23.73338508605957,13.13352108001709,6.1816182136535645,2.5359890460968018,7.351409912109375,126.96270751953125
2024-05-01,0.44986599683761597,0.0011660000309348106,33.28810119628906,58254.01171875,6.883042812347412,2969.78466796875,2.0157370567321777,23.666786193847656,13.344388008117676,6.147000789642334,2.811692953109741,7.658843994140625,134.6279754638672
2024-05-02,0.4582819938659668,0.0011820000363513827,33.61256408691406,59123.43359375,7.285116195678711,2988.16845703125,2.003159999847412,23.440345764160156,13.59581470489502,6.0906782150268555,2.8782310485839844,7.831577777862549,137.81448364257812
2024-05-03,0.46754398941993713,0.0012580000329762697,35.584896087646484,62889.8359375,7.255101203918457,3103.5419921875,2.171334981918335,24.962757110595703,14.109475135803223,6.876380920410156,2.8607280254364014,8.242426872253418,143.77255249023438
2024-05-04,0.463577002286911,0.0012779999524354935,37.36183166503906,63891.47265625,7.1270599365234375,3117.576416015625,2.1595399379730225,24.64847183227539,14.31827163696289,6.8750081062316895,2.8821659088134766,8.948328971862793,146.1350555419922
2024-05-05,0.4583339989185333,0.0012809999752789736,37.401939392089844,64031.1328125,7.306784152984619,3137.2490234375,2.357206106185913,24.22283172607422,14.375481605529785,7.497902870178223,2.9021530151367188,9.872990608215332,145.71302795410156
2024-05-06,0.4542880058288574,0.0012639999622479081,37.138362884521484,63161.94921875,7.122262001037598,3062.728759765625,2.3780479431152344,25.578393936157227,14.50192928314209,7.304293155670166,2.7706260681152344,9.946264266967773,152.80239868164062
2024-05-07,0.4418730139732361,0.0012469999492168427,35.341732025146484,62334.81640625,6.996738910675049,3006.5771484375,2.337709903717041,24.733366012573242,14.01184368133545,7.123751163482666,2.669990062713623,10.326770782470703,148.1343231201172
2024-05-08,0.45255300402641296,0.0012240000069141388,34.04719924926758,61187.94140625,6.990118980407715,2973.6572265625,2.153485059738159,23.289344787597656,13.899291038513184,6.807665824890137,2.580820083618164,9.879263877868652,142.29473876953125
2024-05-09,0.4635010063648224,0.0012619999470189214,35.08065414428711,63049.9609375,7.050119876861572,3036.0205078125,2.2637810707092285,24.003093719482422,14.23800277709961,7.486283779144287,2.6566030979156494,10.836725234985352,152.84994506835938
2024-05-10,0.4482499957084656,0.0012159999459981918,33.71251678466797,60792.77734375,6.749961853027344,2909.791259765625,2.209381103515625,24.83827781677246,13.568572998046875,7.251708030700684,2.5187149047851562,10.967300415039062,146.21690368652344
2024-05-11,0.4388760030269623,0.0012159999459981918,33.479148864746094,60793.7109375,6.6592278480529785,2911.60205078125,2.190613031387329,23.692380905151367,13.301305770874023,7.0153021812438965,2.5315680503845215,10.945088386535645,145.3143768310547
2024-05-12,0.4376530051231384,0.001230000052601099,33.167240142822266,61448.39453125,6.6203789710998535,2928.701904296875,2.16752290725708,23.498760223388672,13.546971321105957,6.88633394241333,2.5270659923553467,10.81902027130127,143.52081298828125
2024-05-13,0.43654000759124756,0.0012580000329762697,32.421722412109375,62901.44921875,6.665497779846191,2949.359619140625,2.12083101272583,22.6082763671875,13.378436088562012,7.278495788574219,2.494853973388672,11.245508193969727,147.28233337402344
2024-05-14,0.42806899547576904,0.0012309999438002706,31.568510055541992,61552.7890625,6.4789018630981445,2881.157958984375,2.0019419193267822,21.342918395996094,12.975332260131836,7.019343852996826,2.3954598903656006,10.047891616821289,142.0303955078125
2024-05-15,0.45298799872398376,0.0013249999610707164,34.67960739135742,66267.4921875,6.963479995727539,3037.056640625,2.2550768852233887,23.603073120117188,13.888160705566406,8.048585891723633,2.482290029525757,10.630765914916992,158.18682861328125
2024-05-16,0.4596950113773346,0.0013040000339969993,34.46154022216797,65231.58203125,7.029125213623047,2945.131103515625,2.2808868885040283,23.415056228637695,15.509692192077637,8.012919425964355,2.3690431118011475,10.051285743713379,159.116455078125
2024-05-17,0.4819999933242798,0.001339999958872795,36.423484802246094,67051.875,7.196755886077881,3094.11865234375,2.347248077392578,24.77445411682129,16.252931594848633,8.036334991455078,2.571502923965454,10.08797836303711,169.53054809570312
2024-05-18,0.48240798711776733,0.0013389999512583017,37.268310546875,66940.8046875,7.161952972412109,3122.948974609375,2.2780189514160156,24.994117736816406,16.31100845336914,7.925786018371582,2.550200939178467,10.344453811645508,172.5391387939453
2024-05-19,0.467602014541626,0.0013259999686852098,35.621829986572266,66278.3671875,6.937534809112549,3071.843017578125,2.2009599208831787,24.161453247070312,16.581558227539062,7.781746864318848,2.452910900115967,10.052556991577148,170.0913543701172
2024-05-20,0.5017579793930054,0.0014280000468716025,40.13941955566406,71448.1953125,7.5750298500061035,3663.85546875,2.422466993331909,28.19888687133789,17.277952194213867,8.281798362731934,2.9038310050964355,10.879841804504395,186.52049255371094
2024-05-21,0.4947740137577057,0.0014029999729245901,41.16374206542969,70136.53125,7.613661766052246,3789.312744140625,2.529473066329956,27.626482009887695,16.735185623168945,7.8202338218688965,2.8317201137542725,11.205838203430176,178.11614990234375
2024-05-22,0.48312699794769287,0.0013830000534653664,39.992427825927734,69122.3359375,7.454471111297607,3737.2177734375,2.53904390335083,27.269819259643555,16.347694396972656,7.9830498695373535,2.66436505317688,10.653103828430176,176.86077880859375
2024-05-23,0.46533000469207764,0.0013589999871328473,38.508544921875,67929.5625,7.200774192810059,3776.92724609375,2.361668109893799,26.12640380859375,16.605215072631836,7.690104961395264,2.6191799640655518,10.232274055480957,175.98577880859375
2024-05-24,0.4594939947128296,0.001370999962091446,37.99346923828125,68526.1015625,7.244290828704834,3726.9345703125,2.308410882949829,25.707258224487305,17.247709274291992,7.908216953277588,2.522305965423584,10.11349105834961,167.7969207763672
2024-05-25,0.4620720148086548,0.0013849999522790313,38.287784576416016,69265.9453125,7.42813777923584,3749.236572265625,2.2981410026550293,25.347253799438477,17.441204071044922,8.237351417541504,2.550173044204712,10.08544635772705,168.43763732910156
2024-05-26,0.4583750069141388,0.0013699999544769526,36.752044677734375,68518.09375,7.547234058380127,3825.8974609375,2.234261989593506,24.836585998535156,17.046470642089844,7.80537223815918,2.5330450534820557,9.979887962341309,163.3509063720703
2024-05-27,0.46796301007270813,0.0013879999751225114,38.234317779541016,69394.5546875,7.628291130065918,3892.0068359375,2.301234006881714,25.77362632751465,18.778060913085938,7.817514896392822,2.588318109512329,10.149585723876953,169.9961395263672
2024-05-28,0.45699000358581543,0.001366000040434301,36.99539566040039,68296.21875,7.367073059082031,3840.25634765625,2.2360739707946777,26.230600357055664,18.52767562866211,7.705221176147461,2.5471689701080322,10.22331428527832,168.65084838867188
2024-05-29,0.45099499821662903,0.0013510000426322222,36.136924743652344,67578.09375,7.172421932220459,3763.196533203125,2.190474033355713,26.421100616455078,18.452091217041016,7.570457935333252,2.488471031188965,10.275286674499512,168.0726776123047
2024-05-30,0.44658100605010986,0.0013670000480487943,35.98757553100586,68364.9921875,6.997859954833984,3746.849609375,2.1857259273529053,24.936439514160156,17.944950103759766,7.282121181488037,2.477236032485962,10.0223970413208,166.97653198242188
2024-05-31,0.44746100902557373,0.0013500000350177288,36.05586242675781,67491.4140625,6.987146854400635,3760.026611328125,2.141400098800659,24.436138153076172,18.422332763671875,7.248654842376709,2.458522081375122,10.124439239501953,165.63771057128906
2024-06-01,0.44997501373291016,0.0013539999490603805,35.76011276245117,67706.9375,7.058611869812012,3813.198974609375,2.107429027557373,24.50266456604004,18.41452407836914,7.36962890625,2.472278118133545,10.040284156799316,166.03067016601562
2024-06-02,0.4464940130710602,0.0013549999566748738,34.932491302490234,67751.6015625,6.989039897918701,3780.89599609375,2.085134983062744,24.239412307739258,18.148576736450195,7.194225788116455,2.3830180168151855,9.924842834472656,163.24990844726562
2024-06-03,0.45703598856925964,0.0013760000001639128,35.04046630859375,68804.78125,7.010249137878418,3766.38916015625,2.1391921043395996,24.98681640625,17.613609313964844,7.118687152862549,2.401031017303467,10.006152153015137,164.9234619140625
2024-06-04,0.46148499846458435,0.0014120000414550304,36.07328796386719,70567.765625,7.187405109405518,3812.515869140625,2.1252849102020264,25.26994514465332,17.72248077392578,7.425075054168701,2.47932505607605,10.337048530578613,171.8019256591797
2024-06-05,0.46117499470710754,0.0014220000011846423,36.52158737182617,71082.8203125,7.248727798461914,3864.260986328125,2.1548550128936768,26.781740188598633,17.738054275512695,7.655089855194092,2.5235140323638916,10.703509330749512,173.48291015625
2024-06-06,0.4581019878387451,0.001415999955497682,35.91181564331055,70757.1640625,7.142014026641846,3811.60595703125,2.04423189163208,28.086151123046875,17.268896102905273,7.333910942077637,2.4831910133361816,10.380135536193848,170.01622009277344
2024-06-07,0.44964298605918884,0.001386999967508018,33.507789611816406,69342.5859375,6.657766819000244,3678.629150390625,1.8443410396575928,27.91675567626953,16.32770347595215,6.8800458908081055,2.2611420154571533,9.579879760742188,162.50704956054688
2024-06-08,0.43657100200653076,0.0013859999598935246,32.29003143310547,69305.7734375,6.388423919677734,3680.949951171875,1.748432993888855,26.86905860900879,15.944519996643066,6.571623802185059,2.16914701461792,9.144438743591309,157.96890258789062
2024-06-09,0.44410601258277893,0.0013930000131949782,32.96836853027344,69647.9921875,6.522762775421143,3705.90380859375,1.7360670566558838,27.824594497680664,16.357593536376953,6.591291904449463,2.2294929027557373,9.20444107055664,162.08360290527344
2024-06-10,0.44046100974082947,0.0013899999903514981,32.274227142333984,69512.28125,6.507446765899658,3666.717529296875,1.6581699848175049,29.306007385253906,15.89479923248291,6.390912055969238,2.1858339309692383,8.637553215026855,158.9280242919922
2024-06-11,0.4218910038471222,0.0013470000121742487,31.541475296020508,67332.03125,6.379897117614746,3498.33056640625,1.5353699922561646,27.21243667602539,14.996339797973633,6.065760135650635,2.0581700801849365,8.196200370788574,149.42898559570312
2024-06-12,0.4377959966659546,0.0013650000328198075,33.27341079711914,68241.1875,6.7417168617248535,3559.61767578125,1.7180490493774414,31.259431838989258,16.001293182373047,6.399778842926025,2.1451549530029297,9.265911102294922,155.1775665283203
2024-06-13,0.4211849868297577,0.00133500003721565,30.98321533203125,66756.3984375,6.360072135925293,3469.28125,1.5884000062942505,28.80077362060547,15.136268615722656,5.919665813446045,2.0130980014801025,8.311713218688965,147.31442260742188
2024-06-14,0.41168299317359924,0.0013200000394135714,30.291038513183594,66011.09375,6.162761211395264,3480.27197265625,1.4794349670410156,26.179346084594727,14.741475105285645,5.5840301513671875,2.003262996673584,7.94940185546875,143.0944366455078
2024-06-15,0.41369500756263733,0.001323999953456223,29.987537384033203,66191.0,6.221013069152832,3565.549560546875,1.458490014076233,25.344478607177734,14.858819961547852,5.600974082946777,2.1001319885253906,7.930939197540283,145.41221618652344
2024-06-16,0.41637900471687317,0.0013330000219866633,30.038869857788086,66639.046875,6.388068199157715,3620.5634765625,1.4727439880371094,25.065059661865234,15.126066207885742,5.6395721435546875,2.0941479206085205,8.391852378845215,151.12550354003906
2024-06-17,0.40175798535346985,0.0013299999991431832,28.480154037475586,66490.296875,6.073915004730225,3511.37890625,1.3196179866790771,21.609590530395508,14.534425735473633,5.171620845794678,1.9368619918823242,7.7177839279174805,143.3342742919922
2024-06-18,0.3835799992084503,0.001303000026382506,26.618864059448242,65140.74609375,5.775650978088379,3483.681396484375,1.1960140466690063,20.49049949645996,13.96777057647705,4.731679916381836,1.829503059387207,7.41209077835083,137.50399780273438
2024-06-19,0.3837909996509552,0.0012989999959245324,26.89194107055664,64960.296875,5.7942118644714355,3559.347412109375,1.5045850276947021,21.215673446655273,14.334752082824707,4.958508014678955,1.9063559770584106,7.720853805541992,135.60960388183594
2024-06-20,0.38424399495124817,0.0012969999806955457,27.544408798217773,64828.65625,5.640769004821777,3511.0869140625,1.6029069423675537,20.74036979675293,14.259183883666992,5.159675121307373,1.8337860107421875,7.5533318519592285,133.47296142578125
2024-06-21,0.37605199217796326,0.001281999982893467,27.450439453125,64096.19921875,5.611062049865723,3516.07568359375,1.5853290557861328,21.290546417236328,13.862212181091309,5.407017230987549,1.811169981956482,7.484611988067627,134.5883026123047
2024-06-22,0.38481199741363525,0.001285000005736947,25.6173152923584,64252.578125,5.747869968414307,3494.8134765625,1.4704790115356445,20.978206634521484,13.48008918762207,5.184945106506348,1.7905579805374146,7.349649906158447,133.6702423095703
2024-06-23,0.3803029954433441,0.0012639999622479081,25.05120277404785,63180.796875,5.64489221572876,3418.61181640625,1.403393030166626,20.255956649780273,13.177005767822266,5.1874871253967285,1.707455039024353,7.020747184753418,128.59042358398438
2024-06-24,0.3777649998664856,0.00120599998626858,24.831315994262695,60277.4140625,5.724685192108154,3350.25634765625,1.6328860521316528,22.69759178161621,13.614714622497559,5.372830867767334,1.7724850177764893,7.535254955291748,132.24139404296875
2024-06-25,0.3918589949607849,0.0012379999971017241,25.399450302124023,61804.640625,5.842494964599609,3395.029052734375,1.5887730121612549,23.420921325683594,14.195656776428223,5.421197891235352,1.7620350122451782,7.665281772613525,136.5592041015625
2024-06-26,0.38475000858306885,0.0012159999459981918,25.803598403930664,60811.27734375,5.793276786804199,3369.477294921875,1.7739180326461792,22.970136642456055,13.904292106628418,5.175004005432129,1.784019947052002,7.437289237976074,136.60914611816406
2024-06-27,0.3907009959220886,0.001231999951414764,27.89529800415039,61604.80078125,6.281444072723389,3444.800537109375,1.5428800582885742,23.219364166259766,14.387674331665039,5.212277889251709,1.7966229915618896,7.721327781677246,149.44837951660156
2024-06-28,0.38542601466178894,0.00120599998626858,27.89578628540039,60320.13671875,6.174601078033447,3373.635986328125,1.4052599668502808,23.000263214111328,13.75875473022461,4.958116054534912,1.7479439973831177,7.357738971710205,139.70339965820312
2024-06-29,0.38396498560905457,0.0012179999612271786,27.725507736206055,60887.37890625,6.07234001159668,3372.9677734375,1.3436579704284668,22.760160446166992,13.511537551879883,4.952416896820068,1.738036036491394,7.1522297859191895,140.01014709472656
2024-06-30,0.392192006111145,0.0012540000025182962,29.360876083374023,62678.29296875,6.208572864532471,3432.88916015625,1.4304790496826172,23.482160568237305,14.260198593139648,5.302049160003662,1.799360990524292,7.6787848472595215,146.49249267578125
2024-07-01,0.40290701389312744,0.0012570000253617764,28.816137313842773,62851.98046875,6.330221176147461,3440.341552734375,1.2937389612197876,22.54425621032715,14.327778816223145,5.262991905212402,1.7525180578231812,7.535182952880859,146.59506225585938
2024-07-02,0.4177750051021576,0.0012410000199452043,28.642642974853516,62029.015625,6.5148210525512695,3416.354736328125,1.3180899620056152,23.259483337402344,14.404244422912598,5.512514114379883,1.7667839527130127,7.643171787261963,153.7004852294922
2024-07-03,0.4067380130290985,0.0012039999710395932,26.491296768188477,60173.921875,6.069333076477051,3292.916748046875,1.2504169940948486,21.474454879760742,13.620819091796875,5.028016090393066,1.6353520154953003,7.048351764678955,140.73141479492188
2024-07-04,0.36285901069641113,0.0011419999646022916,24.446414947509766,56977.703125,5.559063911437988,3054.52197265625,1.225005030632019,19.830123901367188,12.553675651550293,4.619162082672119,1.440953016281128,6.560402870178223,127.55081939697266
2024-07-05,0.3498849868774414,0.0011340000201016665,25.134418487548828,56662.375,5.665740966796875,2981.5986328125,1.1623460054397583,18.906707763671875,12.305855751037598,4.4178972244262695,1.3298200368881226,6.372527122497559,134.3693389892578
2024-07-06,0.37122100591659546,0.0011650000233203173,27.44342613220215,58303.5390625,6.241476058959961,3069.3779296875,1.2324869632720947,20.205812454223633,13.201163291931152,4.815793991088867,1.4880319833755493,7.005125045776367,143.24118041992188
2024-07-07,0.34661799669265747,0.0011180000146850944,25.705129623413086,55849.109375,5.9062628746032715,2929.38720703125,1.1132240295410156,18.663063049316406,12.351334571838379,4.399316787719727,1.3826240301132202,6.355918884277344,131.7740936279297
2024-07-08,0.3690069913864136,0.001133000012487173,25.222187042236328,56705.09765625,5.9447550773620605,3018.73193359375,1.1589280366897583,19.75505256652832,13.114887237548828,4.47232723236084,1.4801150560379028,6.360535144805908,139.4636993408203
2024-07-09,0.375328004360199,0.0011599999852478504,26.421600341796875,58009.2265625,6.11407995223999,3064.032958984375,1.2036340236663818,20.871597290039062,12.820453643798828,4.53011417388916,1.6196420192718506,6.463153839111328,141.34844970703125
2024-07-10,0.38883501291275024,0.001154000055976212,25.76766586303711,57742.49609375,6.098880767822266,3102.21875,1.1939890384674072,20.549165725708008,12.796518325805664,4.628055095672607,1.6771990060806274,6.498877048492432,141.97479248046875
2024-07-11,0.39581701159477234,0.0011470000026747584,25.22551918029785,57344.9140625,5.904892921447754,3100.330810546875,1.147130012512207,19.596290588378906,12.350228309631348,4.9285569190979,1.6605470180511475,5.994184970855713,135.8832244873047
2024-07-12,0.4165239930152893,0.0011579999700188637,25.974353790283203,57899.46484375,6.099207878112793,3134.15869140625,1.191051959991455,19.783748626708984,12.738323211669922,5.183526039123535,1.7104909420013428,6.115771770477295,139.52801513671875
2024-07-13,0.441415011882782,0.0011840000515803695,25.873245239257812,59231.953125,6.2440080642700195,3177.19873046875,1.1655900478363037,20.2607479095459,13.021286964416504,5.208792209625244,1.6900089979171753,6.022080898284912,141.9249725341797
2024-07-14,0.43234801292419434,0.0012150000547990203,26.36935806274414,60787.79296875,6.328077793121338,3244.0791015625,1.2494360208511353,21.581655502319336,13.426870346069336,5.399120807647705,1.7998520135879517,6.182140827178955,147.622314453125
2024-07-15,0.44558200240135193,0.0012969999806955457,27.85492706298828,64870.15234375,6.498557090759277,3489.552734375,1.4210309982299805,23.062742233276367,14.422126770019531,5.936538219451904,1.8558030128479004,6.742845058441162,159.93397521972656
2024-07-16,0.43818899989128113,0.0013020000187680125,28.03032875061035,65097.1484375,6.3442230224609375,3443.513427734375,1.429703950881958,24.872360229492188,14.221345901489258,6.243734836578369,1.7905139923095703,6.610384941101074,160.5518798828125
2024-07-17,0.4367479979991913,0.0012829999905079603,27.253253936767578,64118.79296875,6.259860992431641,3388.75244140625,1.4551719427108765,25.654874801635742,13.754619598388672,6.074845790863037,1.808995008468628,6.710431098937988,155.5841064453125
2024-07-18,0.42390599846839905,0.0012789999600499868,27.138296127319336,63974.06640625,6.093573093414307,3426.258544921875,1.4021170139312744,26.95438575744629,13.600837707519531,6.034566879272461,1.8246890306472778,6.438337802886963,159.07241821289062
2024-07-19,0.43903398513793945,0.0013340000296011567,28.1879940032959,66710.15625,6.346135139465332,3505.73486328125,1.4746570587158203,26.4488582611084,14.075929641723633,6.437486171722412,1.9591480493545532,6.657406806945801,169.1858673095703
2024-07-20,0.43763700127601624,0.0013439999893307686,29.130952835083008,67163.6484375,6.337130069732666,3519.29541015625,1.4604549407958984,27.614620208740234,14.26817512512207,6.290355205535889,1.9280680418014526,7.006581783294678,173.89178466796875
2024-07-21,0.44607698917388916,0.0013630000175908208,32.60565948486328,68154.5234375,6.419742107391357,3536.60546875,1.4893720149993896,27.47715187072754,14.806570053100586,6.337380886077881,1.9729119539260864,7.168960094451904,184.54161071777344
2024-07-22,0.42654699087142944,0.0013520000502467155,31.858896255493164,67585.25,6.107129096984863,3440.419921875,1.3705190420150757,25.797536849975586,13.929006576538086,6.031447887420654,1.8739689588546753,6.734723091125488,178.97828674316406
2024-07-23,0.41009700298309326,0.0013180000241845846,29.841068267822266,65927.671875,5.918869972229004,3481.995849609375,1.289821982383728,24.097658157348633,13.919931411743164,5.769036769866943,1.873684048652649,6.793708801269531,172.757568359375
2024-07-24,0.4068470001220703,0.001307999948039651,28.39635467529297,65372.1328125,5.748384952545166,3336.33935546875,1.21377694606781,23.940597534179688,13.395511627197266,5.616591930389404,1.7367140054702759,6.787316799163818,178.0323028564453
2024-07-25,0.3946709930896759,0.0013150000013411045,27.257287979125977,65777.2265625,5.75399923324585,3174.42724609375,1.1978379487991333,23.868824005126953,12.946199417114258,5.423776149749756,1.6939769983291626,6.609580039978027,171.96307373046875
2024-07-26,0.41774699091911316,0.0013589999871328473,28.708839416503906,67912.0625,5.870021820068359,3275.951416015625,1.2803750038146973,25.80994987487793,13.54045295715332,5.724639892578125,1.7356950044631958,6.799986839294434,183.13671875
2024-07-27,0.41819798946380615,0.001357999979518354,28.0848331451416,67813.3359375,5.83108377456665,3247.60791015625,1.2769609689712524,25.369470596313477,13.567426681518555,5.684817790985107,1.7490220069885254,6.519780158996582,184.0854034423828
2024-07-28,0.40738698840141296,0.0013650000328198075,27.40057373046875,68255.8671875,5.721426010131836,3271.464599609375,1.2461609840393066,24.203567504882812,13.293225288391113,5.449138164520264,1.7026859521865845,6.36792516708374,184.88607788085938
2024-07-29,0.404013991355896,0.0013360000448301435,27.083110809326172,66819.9140625,5.654067039489746,3320.539306640625,1.2142510414123535,24.24451446533203,13.543046951293945,5.279585838317871,1.6705390214920044,6.167547225952148,182.7805938720703
2024-07-30,0.40167999267578125,0.001323999953456223,26.339189529418945,66201.015625,5.522171974182129,3278.667724609375,1.1910239458084106,23.171415328979492,13.140531539916992,5.153081893920898,1.6281119585037231,6.0210981369018555,179.10719299316406
2024-07-31,0.38877299427986145,0.0012929999502375722,25.71908950805664,64619.25,5.3853302001953125,3231.295654296875,1.1549960374832153,21.98548698425293,12.82884693145752,4.9943461418151855,1.5834100246429443,5.748541831970215,171.82615661621094
2024-08-01,0.3927060067653656,0.001307999948039651,25.723108291625977,65357.5,5.342948913574219,3201.564453125,1.144487977027893,21.68084144592285,12.89976692199707,4.98779821395874,1.572253942489624,5.607421875,167.672119140625
2024-08-02,0.36382201313972473,0.0012280000373721123,23.59450340270996,61415.06640625,5.122200012207031,2986.01318359375,1.0662310123443604,19.744592666625977,11.917962074279785,4.5977349281311035,1.4614109992980957,4.93414306640625,152.6382293701172
2024-08-03,0.364095002412796,0.001214000047184527,22.68356704711914,60680.09375,5.043665885925293,2903.3857421875,0.9930059909820557,18.50140953063965,11.70133113861084,4.365372180938721,1.423699975013733,4.944656848907471,142.9219970703125
2024-08-04,0.3439379930496216,0.0011599999852478504,21.22766876220703,58116.9765625,4.683842182159424,2686.39892578125,0.9236590266227722,17.624088287353516,10.871526718139648,4.132936000823975,1.3292059898376465,4.530045986175537,138.05508422851562
2024-08-05,0.31315499544143677,0.00107999995816499,19.549341201782227,53991.45703125,4.208274841308594,2417.206298828125,0.7912650108337402,15.32386589050293,9.501569747924805,3.5290229320526123,1.1720000505447388,4.138243198394775,129.8643035888672
2024-08-06,0.3307819962501526,0.001120000029914081,20.877193450927734,56034.31640625,4.506931781768799,2458.723876953125,0.8467689752578735,16.025266647338867,10.0545654296875,3.6711440086364746,1.2739789485931396,4.664667129516602,144.09036254882812
2024-08-07,0.3236980140209198,0.001101000001654029,19.829347610473633,55027.4609375,4.570662975311279,2336.58935546875,0.8032240271568298,14.90551471710205,9.485442161560059,3.564707040786743,1.19622802734375,4.3706440925598145,144.63209533691406
2024-08-08,0.35181400179862976,0.001234999974258244,22.737106323242188,61710.13671875,4.88088321685791,2683.352783203125,0.8854380249977112,18.292591094970703,10.736471176147461,4.063648223876953,1.4213470220565796,5.040257930755615,162.9307403564453
2024-08-09,0.3485470116138458,0.0012179999612271786,21.774154663085938,60880.11328125,4.787671089172363,2599.5986328125,0.8511549830436707,18.131147384643555,10.548673629760742,4.055445194244385,1.4097880125045776,4.863499164581299,156.45721435546875
2024-08-10,0.3462890088558197,0.0012179999612271786,21.588260650634766,60945.8125,4.756072044372559,2610.02294921875,0.898190975189209,19.253503799438477,10.554250717163086,4.1648688316345215,1.4279060363769531,4.8981499671936035,153.95916748046875
2024-08-11,0.32832199335098267,0.0005879999953322113,20.428546905517578,58719.484375,4.496322154998779,2553.252197265625,0.8166450262069702,17.657514572143555,10.008923530578613,3.86714506149292,1.3096699714660645,4.485921859741211,141.52685546875
2024-08-12,0.33897700905799866,0.0005939999828115106,21.289514541625977,59354.515625,4.587265968322754,2724.431884765625,0.8631160259246826,18.542558670043945,10.557686805725098,4.11207389831543,1.3800519704818726,4.711327075958252,146.45423889160156
2024-08-13,0.3401539921760559,0.0006060000159777701,21.40406036376953,60609.56640625,4.549482822418213,2703.671875,0.8794509768486023,19.466684341430664,10.576763153076172,4.3059401512146,1.3662270307540894,4.8288679122924805,146.7126922607422
2024-08-14,0.3354550004005432,0.0005879999953322113,20.972698211669922,58737.26953125,4.386328220367432,2662.914794921875,0.8759920001029968,18.705060958862305,10.401407241821289,4.168641090393066,1.3284080028533936,4.708707809448242,143.9234619140625
2024-08-15,0.3253529965877533,0.0005760000203736126,20.141338348388672,57560.09765625,4.282610893249512,2570.087646484375,0.8288969993591309,18.138818740844727,10.173847198486328,4.0274858474731445,1.2512379884719849,4.548745155334473,142.74581909179688
2024-08-16,0.3304719924926758,0.0005890000029467046,20.394376754760742,58894.10546875,4.295183181762695,2593.1865234375,0.8276649713516235,17.8837890625,10.143065452575684,3.9729199409484863,1.2819509506225586,4.51124906539917,139.33056640625
2024-08-17,0.3368859887123108,0.0005939999828115106,20.670944213867188,59478.97265625,4.364744186401367,2614.546875,0.8382139801979065,18.583881378173828,10.150433540344238,3.9888179302215576,1.3401720523834229,4.512897968292236,141.7985076904297
2024-08-18,0.33483099937438965,0.0005849999724887311,20.819700241088867,58483.96484375,4.391077041625977,2613.357177734375,0.8165259957313538,17.89828872680664,10.095947265625,3.903520107269287,1.335494041442871,4.510126113891602,142.58688354492188
2024-08-19,0.3367530107498169,0.0005949999904260039,21.2274112701416,59493.453125,4.483818054199219,2637.306396484375,0.9151380062103271,18.177047729492188,10.183764457702637,4.0,1.366534948348999,4.60719108581543,144.34368896484375
2024-08-20,0.34368500113487244,0.000590000010561198,22.425113677978516,59012.79296875,4.53368616104126,2573.10693359375,0.8721349835395813,18.564685821533203,10.245038986206055,4.034473896026611,1.354537010192871,4.517323970794678,143.16773986816406
2024-08-21,0.3690589964389801,0.0006120000034570694,23.527414321899414,61175.19140625,4.6698150634765625,2631.3955078125,0.960328996181488,19.691089630126953,11.214466094970703,4.246969223022461,1.4455000162124634,4.777425765991211,142.70960998535156
2024-08-22,0.3765360116958618,0.0006040000007487833,25.26703453063965,60381.9140625,4.693690776824951,2622.951416015625,1.0151989459991455,20.03924560546875,11.467951774597168,4.301692008972168,1.5106580257415771,5.049324035644531,143.2579345703125
2024-08-23,0.39153599739074707,0.0006399999838322401,26.519519805908203,64094.35546875,4.898672103881836,2764.447021484375,1.203436017036438,22.155920028686523,12.062475204467773,4.829037189483643,1.6130900382995605,5.596922874450684,153.10708618164062
2024-08-24,0.39400699734687805,0.0006419999990612268,27.165842056274414,64178.9921875,4.986936092376709,2769.3896484375,1.2661470174789429,22.158658981323242,12.347853660583496,5.044546127319336,1.603659987449646,6.206462860107422,160.73175048828125
2024-08-25,0.3849790096282959,0.0006430000066757202,26.964920043945312,64333.54296875,4.824508190155029,2749.15771484375,1.3661689758300781,22.391254425048828,12.108485221862793,4.910554885864258,1.5496569871902466,6.32774019241333,158.90911865234375
2024-08-26,0.36695700883865356,0.0006290000164881349,25.95624542236328,62880.66015625,4.562509059906006,2681.340576171875,1.3330039978027344,20.64363670349121,11.854799270629883,4.7829179763793945,1.4878259897232056,6.165719985961914,157.23687744140625
2024-08-27,0.35051101446151733,0.0005949999904260039,24.101638793945312,59504.1328125,4.380867004394531,2458.7265625,1.2903300523757935,18.9987735748291,11.170317649841309,4.530325889587402,1.3742320537567139,5.7324748039245605,146.8970947265625
2024-08-28,0.35019201040267944,0.000590000010561198,23.46433448791504,59027.625,4.258794784545898,2528.41552734375,1.1903549432754517,17.96541976928711,11.181870460510254,4.345395088195801,1.4273920059204102,5.522098064422607,143.89138793945312
2024-08-29,0.35704100131988525,0.0005939999828115106,22.90632438659668,59388.1796875,4.250732898712158,2528.792724609375,1.1247520446777344,17.4525146484375,10.937602996826172,4.216790199279785,1.425889015197754,5.244533061981201,140.0540313720703
2024-08-30,0.34715399146080017,0.0005910000181756914,23.286901473999023,59119.4765625,4.2784857749938965,2525.822021484375,1.1953680515289307,17.40419578552246,11.119160652160645,4.116755962371826,1.4702589511871338,5.243689060211182,138.09999084472656
2024-08-31,0.3453519940376282,0.000590000010561198,22.797574996948242,58969.8984375,4.25848388671875,2513.393798828125,1.131862998008728,17.258394241333008,11.024574279785156,4.035016059875488,1.4183950424194336,5.00002384185791,135.37425231933594
