Date,equity,vix,world
2024-09-23,5776.75,15.890000343322754,151.09664916992188
2024-09-24,5792.0,15.390000343322754,151.57254028320312
2024-09-25,5779.0,15.40999984741211,151.19375610351562
2024-09-26,5804.5,15.369999885559082,152.57284545898438
2024-09-27,5791.25,16.959999084472656,152.106689453125
2024-09-30,5814.25,16.729999542236328,152.38833618164062
2024-10-01,5759.75,19.260000228881836,151.1257781982422
2024-10-02,5760.25,18.899999618530273,151.14523315429688
2024-10-03,5749.5,20.489999771118164,150.5722198486328
2024-10-04,5800.0,19.209999084472656,151.83474731445312
2024-10-07,5744.75,22.639999389648438,150.5333709716797
2024-10-08,5800.5,21.420000076293945,151.57254028320312
2024-10-09,5841.25,20.860000610351562,152.3786163330078
2024-10-10,5829.0,20.93000030517578,152.12611389160156
2024-10-11,5859.75,20.459999084472656,153.00018310546875
2024-10-14,5908.25,19.700000762939453,153.9713592529297
2024-10-15,5862.75,20.639999389648438,152.44659423828125
2024-10-16,5887.0,19.579999923706055,153.0681610107422
2024-10-17,5887.0,19.110000610351562,153.1555633544922
2024-10-18,5906.0,18.030000686645508,153.83538818359375
2024-10-21,5896.25,18.3700008392334,153.16526794433594
2024-10-22,5892.5,18.200000762939453,152.9224853515625
2024-10-23,5837.75,19.239999771118164,151.39772033691406
2024-10-24,5849.0,19.079999923706055,151.8930206298828
2024-10-25,5846.0,20.329999923706055,151.65020751953125
2024-10-28,5861.5,19.799999237060547,152.32034301757812
2024-10-29,5871.0,19.34000015258789,152.32034301757812
2024-10-30,5852.0,20.350000381469727,151.76678466796875
2024-10-31,5738.5,23.15999984741211,149.29994201660156
2024-11-01,5758.25,21.8799991607666,149.90208435058594
2024-11-04,5743.25,21.979999542236328,149.69815063476562
2024-11-05,5812.25,20.489999771118164,151.46571350097656
2024-11-06,5958.25,16.270000457763672,153.7965545654297
2024-11-07,6003.75,15.199999809265137,155.3018798828125
2024-11-08,6025.25,14.9399995803833,155.2727508544922
2024-11-11,6031.75,14.970000267028809,155.63206481933594
2024-11-12,6013.0,14.710000038146973,154.59291076660156
2024-11-13,6016.0,14.020000457763672,154.3889617919922
2024-11-14,5978.25,14.3100004196167,153.74798583984375
2024-11-15,5896.5,16.139999389648438,152.14553833007812
2024-11-18,5920.0,15.579999923706055,152.85450744628906
2024-11-19,5938.75,16.350000381469727,153.30125427246094
2024-11-20,5937.75,17.15999984741211,153.2138214111328
2024-11-21,5970.5,16.8700008392334,154.00048828125
2024-11-22,5987.0,15.239999771118164,154.6706085205078
2024-11-25,6006.5,14.600000381469727,155.1562042236328
2024-11-26,6038.25,14.100000381469727,155.43783569335938
2024-11-27,6015.0,14.100000381469727,155.2436065673828
2024-11-29,6051.5,13.510000228881836,156.4964141845703
2024-12-02,6061.75,13.34000015258789,156.89462280273438
2024-12-03,6063.25,13.300000190734863,157.05972290039062
2024-12-04,6098.5,13.449999809265137,157.97264099121094
2024-12-05,6088.75,13.539999961853027,157.98233032226562
2024-12-06,6099.0,12.770000457763672,158.2542724609375
2024-12-09,6065.75,14.1899995803833,157.35107421875
2024-12-10,6046.25,14.180000305175781,156.68096923828125
2024-12-11,6092.75,13.579999923706055,157.90463256835938
2024-12-12,6060.75,13.920000076293945,156.8848876953125
2024-12-13,6055.5,13.8100004196167,156.7003936767578
2024-12-16,6080.5,14.6899995803833,157.04029846191406
2024-12-17,6053.75,15.869999885559082,156.45651245117188
2024-12-18,5872.25,27.6200008392334,151.9388427734375
2024-12-19,5868.75,24.09000015258789,151.7237091064453
2024-12-20,5840.259765625,18.360000610351562,152.8971405029297
2024-12-23,6036.0,16.780000686645508,153.91409301757812
2024-12-24,6098.0,14.270000457763672,155.25375366210938
2024-12-26,6095.25,14.729999542236328,155.53732299804688
2024-12-27,6027.0,15.949999809265137,154.1096649169922
2024-12-30,5958.75,17.399999618530273,152.66244506835938
2024-12-31,5935.75,17.350000381469727,152.05616760253906
2025-01-02,5916.5,17.93000030517578,151.7628173828125
2025-01-03,5989.5,16.1299991607666,153.50338745117188
2025-01-06,6020.5,16.040000915527344,154.26611328125
2025-01-07,5954.25,17.81999969482422,152.94601440429688
2025-01-08,5959.25,17.700000762939453,152.965576171875
2025-01-09,5944.75,17.700000762939453,152.965576171875
2025-01-10,5866.25,19.540000915527344,150.83384704589844
2025-01-13,5874.5,19.190000534057617,150.81430053710938
2025-01-14,5882.25,18.709999084472656,151.00987243652344
2025-01-15,5989.0,16.1200008392334,153.63050842285156
2025-01-16,5975.5,16.600000381469727,153.65985107421875
2025-01-17,6033.5,15.970000267028809,154.89195251464844
2025-01-21,6084.25,15.0600004196167,156.7205352783203
2025-01-22,6120.5,15.100000381469727,157.32679748535156
2025-01-23,6152.0,15.020000457763672,158.28509521484375
2025-01-24,6133.25,14.850000381469727,158.15798950195312
2025-01-27,6046.75,17.899999618530273,156.4369354248047
2025-01-28,6097.0,16.40999984741211,157.36590576171875
2025-01-29,6067.5,16.559999465942383,156.85743713378906
2025-01-30,6099.25,15.84000015258789,157.97219848632812
2025-01-31,6067.25,16.43000030517578,157.10189819335938
2025-02-03,6022.25,18.6200008392334,155.8404541015625
2025-02-04,6063.0,17.209999084472656,157.08233642578125
2025-02-05,6086.5,15.770000457763672,157.97219848632812
2025-02-06,6106.0,15.5,158.47088623046875
2025-02-07,6049.5,16.540000915527344,157.04322814941406
2025-02-10,6088.75,15.8100004196167,158.09930419921875
2025-02-11,6092.25,16.020000457763672,158.38290405273438
2025-02-12,6072.75,15.890000343322754,158.24598693847656
2025-02-13,6135.25,15.100000381469727,159.92791748046875
2025-02-14,6132.0,14.770000457763672,159.9376678466797
2025-02-18,6146.75,15.350000381469727,160.45591735839844
2025-02-19,6163.0,15.270000457763672,160.3972625732422
2025-02-20,6136.5,15.65999984741211,160.0843505859375
2025-02-21,6029.0,18.209999084472656,157.70816040039062
2025-02-24,6000.75,18.979999542236328,157.0725555419922
2025-02-25,5970.0,19.43000030517578,156.85743713378906
2025-02-26,5970.75,19.100000381469727,156.95521545410156
2025-02-27,5876.25,21.1299991607666,154.55946350097656
2025-02-28,5963.25,19.6299991607666,156.45651245117188
2025-03-03,5860.75,22.780000686645508,154.7843780517578
2025-03-04,5789.5,23.510000228881836,153.48385620117188
2025-03-05,5851.25,21.93000030517578,155.71336364746094
2025-03-06,5746.25,24.8700008392334,153.0242462158203
2025-03-07,5776.0,23.3700008392334,154.14877319335938
2025-03-10,5620.75,27.860000610351562,149.94400024414062
2025-03-11,5577.0,26.920000076293945,149.0541534423828
2025-03-12,5604.75,24.229999542236328,149.80711364746094
2025-03-13,5527.5,24.65999984741211,147.89053344726562
2025-03-14,5640.0,21.770000457763672,151.03921508789062
2025-03-17,5680.25,20.510000228881836,152.41796875
2025-03-18,5618.0,21.700000762939453,151.10765075683594
2025-03-19,5678.5,19.899999618530273,152.4766387939453
2025-03-20,5662.5,19.799999237060547,151.8899383544922
2025-03-21,5617.7998046875,19.280000686645508,151.79214477539062
2025-03-24,5815.5,17.479999542236328,153.93365478515625
2025-03-25,5826.5,17.149999618530273,154.28567504882812
2025-03-26,5759.5,18.329999923706055,152.52554321289062
2025-03-27,5739.25,18.690000534057617,152.1343994140625
2025-03-28,5623.0,21.649999618530273,149.49420166015625
2025-03-31,5653.25,22.280000686645508,149.7875518798828
2025-04-01,5674.5,21.770000457763672,150.19825744628906
2025-04-02,5712.25,21.510000228881836,151.2054443359375
2025-04-03,5432.75,30.020000457763672,144.99607849121094
2025-04-04,5110.25,45.310001373291016,136.1660614013672
2025-04-07,5097.25,46.97999954223633,134.95352172851562
2025-04-08,5020.25,52.33000183105469,133.28140258789062
2025-04-09,5491.0,33.619998931884766,145.191650390625
2025-04-10,5302.0,40.720001220703125,140.90866088867188
2025-04-11,5391.25,37.560001373291016,143.6661834716797
2025-04-14,5440.75,30.889999389648438,144.98629760742188
2025-04-15,5428.25,30.1200008392334,145.1623077392578
2025-04-16,5305.75,32.63999938964844,142.80567932128906
2025-04-17,5312.75,29.649999618530273,143.42173767089844
2025-04-21,5184.75,33.81999969482422,140.7913055419922
2025-04-22,5314.75,30.56999969482422,144.11599731445312
2025-04-23,5401.75,28.450000762939453,145.91525268554688
2025-04-24,5511.25,26.469999313354492,148.73147583007812
2025-04-25,5549.75,24.84000015258789,149.66043090820312
2025-04-28,5553.0,25.149999618530273,150.05157470703125
2025-04-29,5583.75,24.170000076293945,150.76539611816406
2025-04-30,5587.0,24.700000762939453,150.86318969726562
2025-05-01,5623.25,24.600000381469727,151.3521270751953
2025-05-02,5709.0,22.68000030517578,153.7283172607422
2025-05-05,5671.75,23.639999389648438,153.16116333007812
2025-05-06,5625.75,24.760000228881836,152.2615203857422
2025-05-07,5652.0,23.549999237060547,152.57443237304688
2025-05-08,5684.5,22.479999542236328,153.1513671875
2025-05-09,5678.0,21.899999618530273,153.30783081054688
2025-05-12,5865.0,18.389999389648438,157.0725555419922
2025-05-13,5904.5,18.219999313354492,158.04063415527344
2025-05-14,5908.5,18.6200008392334,158.04063415527344
2025-05-15,5933.25,17.829999923706055,158.91091918945312
2025-05-16,5975.5,17.239999771118164,159.88877868652344
2025-05-19,5982.5,18.139999389648438,160.2994842529297
2025-05-20,5959.75,18.09000015258789,160.13323974609375
2025-05-21,5861.25,20.8700008392334,158.03085327148438
2025-05-22,5856.75,20.280000686645508,157.91351318359375
2025-05-23,5817.0,22.290000915527344,157.39524841308594
2025-05-27,5934.25,18.959999084472656,160.20169067382812
2025-05-28,5902.75,19.309999465942383,159.16517639160156
2025-05-29,5922.75,19.18000030517578,159.73233032226562
2025-05-30,5916.0,18.56999969482422,159.69320678710938
2025-06-02,5947.25,18.360000610351562,160.80795288085938
2025-06-03,5981.5,17.690000534057617,161.26754760742188
2025-06-04,5981.0,17.610000610351562,161.463134765625
2025-06-05,5946.0,18.479999542236328,160.7981719970703
2025-06-06,6006.75,16.770000457763672,162.17697143554688
2025-06-09,6010.25,17.15999984741211,162.25518798828125
2025-06-10,6045.0,16.950000762939453,162.8614501953125
2025-06-11,6029.0,17.260000228881836,162.4898681640625
2025-06-12,6049.5,18.020000457763672,163.27215576171875
2025-06-13,5979.25,20.81999969482422,161.3457794189453
2025-06-16,6035.75,19.110000610351562,162.7460174560547
2025-06-17,5985.0,21.600000381469727,161.24822998046875
2025-06-18,5981.5,20.139999389648438,161.2876434326172
2025-06-20,6010.2099609375,20.6200008392334,160.63729858398438
2025-06-23,6077.0,19.829999923706055,162.0858154296875
2025-06-24,6146.25,17.479999542236328,163.97775268554688
2025-06-25,6147.0,16.760000228881836,163.69198608398438
2025-06-26,6195.0,16.59000015258789,165.2489013671875
2025-06-27,6223.75,16.31999969482422,166.12586975097656
2025-06-30,6253.75,16.729999542236328,166.9043426513672
2025-07-01,6248.75,16.829999923706055,166.6776885986328
2025-07-02,6275.0,16.639999389648438,167.3871612548828
2025-07-03,6324.25,16.3799991607666,168.37255859375
2025-07-04,6283.5,16.3799991607666,168.37255859375
2025-07-07,6276.0,17.790000915527344,166.99301147460938
2025-07-08,6272.0,16.809999465942383,167.08169555664062
2025-07-09,6307.25,15.9399995803833,168.2050323486328
2025-07-10,6324.25,15.779999732971191,168.53021240234375
2025-07-11,6300.0,16.399999618530273,167.62367248535156
2025-07-14,6311.0,17.200000762939453,167.96856689453125
2025-07-15,6284.0,17.3799991607666,166.99301147460938
2025-07-16,6303.25,17.15999984741211,167.51527404785156
2025-07-17,6340.5,16.520000457763672,168.45138549804688
2025-07-18,6334.75,16.40999984741211,168.3134307861328
2025-07-21,6344.75,16.649999618530273,168.71743774414062
2025-07-22,6346.75,16.5,169.0130615234375
2025-07-23,6396.25,15.369999885559082,170.9542694091797
2025-07-24,6401.5,15.390000343322754,170.8163299560547
2025-07-25,6425.0,14.930000305175781,171.21046447753906
2025-07-28,6422.75,15.029999732971191,170.471435546875
2025-07-29,6406.0,15.979999542236328,170.10682678222656
2025-07-30,6396.25,15.479999542236328,169.62399291992188
2025-07-31,6374.25,16.719999313354492,168.5991973876953
2025-08-01,6264.5,20.3799991607666,166.490478515625
2025-08-04,6356.0,17.520000457763672,168.91452026367188
2025-08-05,6325.25,17.850000381469727,168.34300231933594
2025-08-06,6371.0,16.770000457763672,169.6732635498047
2025-08-07,6366.5,16.56999969482422,169.8309326171875
2025-08-08,6413.5,15.149999618530273,171.09222412109375
2025-08-11,6399.75,16.25,170.56997680664062
2025-08-12,6468.5,14.729999542236328,172.5604248046875
2025-08-13,6488.75,14.489999771118164,173.20094299316406
2025-08-14,6490.5,14.829999923706055,173.03343200683594
2025-08-15,6471.5,15.09000015258789,173.15167236328125
2025-08-18,6469.25,14.989999771118164,172.95458984375
2025-08-19,6432.5,15.569999694824219,172.23526000976562
2025-08-20,6413.25,15.6899995803833,172.11700439453125
2025-08-21,6388.25,16.600000381469727,171.4174041748047
2025-08-22,6483.25,14.220000267028809,173.97938537597656
2025-08-25,6455.5,14.789999961853027,172.92503356933594
2025-08-26,6482.5,14.619999885559082,173.3684539794922
2025-08-27,6496.0,14.850000381469727,173.63450622558594
2025-08-28,6517.5,14.430000305175781,174.33413696289062
2025-08-29,6472.75,15.359999656677246,173.30934143066406
2025-09-02,6425.5,17.170000076293945,171.99876403808594
2025-09-03,6457.25,16.350000381469727,172.63926696777344
2025-09-04,6510.75,15.300000190734863,174.0779266357422
2025-09-05,6489.75,15.180000305175781,173.8512725830078
2025-09-08,6506.0,15.109999656677246,174.66915893554688
2025-09-09,6521.75,15.039999961853027,174.9647674560547
2025-09-10,6539.75,15.350000381469727,175.26039123535156
2025-09-11,6592.5,14.710000038146973,176.84686279296875
2025-09-12,6588.25,14.760000228881836,176.6300811767578
2025-09-15,6621.5,15.6899995803833,177.54647827148438
2025-09-16,6610.75,16.360000610351562,177.3789520263672
2025-09-17,6601.25,15.720000267028809,176.935546875
2025-09-18,6635.0,15.699999809265137,177.86180114746094
2025-09-19,6658.77001953125,15.449999809265137,178.39390563964844
2025-09-22,6752.5,16.100000381469727,179.0541229248047
2025-09-23,6715.0,16.639999389648438,178.32493591308594
2025-09-24,6692.25,16.18000030517578,177.5267791748047
2025-09-25,6659.75,16.739999771118164,176.71876525878906
2025-09-26,6696.5,15.289999961853027,177.66473388671875
2025-09-29,6713.5,16.1200008392334,178.28550720214844
2025-09-30,6738.75,16.280000686645508,178.90631103515625
2025-10-01,6761.5,16.290000915527344,179.6946258544922
2025-10-02,6766.75,16.6299991607666,179.9705352783203
2025-10-03,6764.0,16.649999618530273,180.33511352539062
2025-10-06,6788.75,16.3700008392334,180.92636108398438
2025-10-07,6761.5,17.239999771118164,179.9508056640625
2025-10-08,6801.25,16.299999237060547,180.83767700195312
2025-10-09,6779.25,16.43000030517578,180.00009155273438
2025-10-10,6595.25,21.65999984741211,175.5954132080078
2025-10-13,6694.75,19.030000686645508,178.00961303710938
2025-10-14,6686.5,20.809999465942383,178.1278533935547
2025-10-15,6715.0,20.639999389648438,178.85704040527344
2025-10-16,6668.75,25.309999465942383,178.23626708984375
2025-10-17,6702.5,20.780000686645508,178.98513793945312
2025-10-20,6773.75,18.229999542236328,180.56175231933594
2025-10-21,6773.25,17.8700008392334,180.18731689453125
2025-10-22,6737.0,18.600000381469727,179.3300323486328
2025-10-23,6775.0,17.299999237060547,180.48292541503906
2025-10-24,6827.0,16.3700008392334,181.59640502929688
2025-10-27,6908.25,15.789999961853027,183.53761291503906
2025-10-28,6925.75,16.420000076293945,183.9120635986328
2025-10-29,6922.75,16.920000076293945,183.4883575439453
2025-10-30,6855.5,16.90999984741211,181.95114135742188
2025-10-31,6874.0,17.440000534057617,182.32559204101562
2025-11-03,6882.75,17.170000076293945,182.65077209472656
2025-11-04,6801.75,19.0,180.4040985107422
2025-11-05,6825.25,18.010000228881836,181.2219696044922
2025-11-06,6747.5,19.5,179.5074005126953
2025-11-07,6753.75,19.079999923706055,179.89169311523438
2025-11-10,6856.75,17.600000381469727,182.4635467529297
2025-11-11,6871.5,17.280000686645508,183.044921875
2025-11-12,6875.75,17.510000228881836,183.51791381835938
2025-11-13,6760.0,20.0,180.55189514160156
2025-11-14,6755.25,19.829999923706055,180.51248168945312
2025-11-17,6692.0,22.3799991607666,178.63040161132812
2025-11-18,6639.75,24.690000534057617,177.14247131347656
2025-11-19,6661.5,23.65999984741211,177.42823791503906
2025-11-20,6557.5,26.420000076293945,174.70858764648438
2025-11-21,6620.25,23.43000030517578,176.56109619140625
2025-11-24,6721.25,20.520000457763672,178.5121612548828
2025-11-25,6781.5,18.559999465942383,180.54205322265625
2025-11-26,6828.0,17.190000534057617,182.02996826171875
2025-11-28,6859.5,16.350000381469727,182.94638061523438
2025-12-01,6826.75,17.239999771118164,182.12852478027344
2025-12-02,6840.25,16.59000015258789,182.57192993164062
2025-12-03,6862.0,16.079999923706055,183.34054565429688
2025-12-04,6866.75,15.779999732971191,183.52777099609375
2025-12-05,6878.25,15.40999984741211,183.85293579101562
2025-12-08,6855.75,16.65999984741211,183.19273376464844
2025-12-09,6848.25,16.93000030517578,183.1631622314453
2025-12-10,6891.75,15.770000457763672,184.39491271972656
2025-12-11,6907.25,14.850000381469727,185.10438537597656
2025-12-12,6830.75,15.739999771118164,183.37010192871094
2025-12-15,6823.0,16.5,183.53761291503906
2025-12-16,6801.0,16.479999542236328,182.96644592285156
2025-12-17,6726.5,17.6200008392334,181.0790557861328
2025-12-18,6778.25,16.8700008392334,182.44989013671875
2025-12-19,6796.5400390625,14.90999984741211,183.94985961914062
2025-12-22,6930.25,14.079999923706055,185.05247497558594
2025-12-23,6961.0,14.0,185.9663848876953
2025-12-24,6982.5,13.470000267028809,186.47299194335938
2025-12-26,6979.25,13.600000381469727,186.56239318847656
2025-12-29,6955.0,14.199999809265137,185.85711669921875
2025-12-30,6944.25,14.329999923706055,185.7677001953125
2025-12-31,6892.5,14.949999809265137,184.53594970703125
2026-01-02,6900.5,14.510000228881836,185.27102661132812
2026-01-05,6943.75,14.899999618530273,186.7610626220703
2026-01-06,6987.75,14.75,187.724609375
2026-01-07,6963.25,15.380000114440918,186.96966552734375
2026-01-08,6962.0,15.449999809265137,186.98953247070312
2026-01-09,7005.0,14.489999771118164,188.27096557617188
2026-01-12,7016.5,15.119999885559082,188.78750610351562
2026-01-13,7001.75,15.979999542236328,188.27096557617188
2026-01-14,6966.25,16.75,187.67494201660156
2026-01-15,6981.75,15.84000015258789,187.99282836914062
2026-01-16,6976.75,15.859999656677246,187.95309448242188
2026-01-20,6829.5,20.09000015258789,184.40679931640625
2026-01-21,6910.0,16.899999618530273,186.41339111328125
2026-01-22,6945.0,15.640000343322754,187.30740356445312
2026-01-23,6945.75,16.09000015258789,187.6054229736328
2026-01-26,6981.25,16.149999618530273,188.6484375
2026-01-27,7008.5,16.350000381469727,190.01927185058594
2026-01-28,7007.25,16.350000381469727,189.5225830078125
2026-01-29,6992.75,16.8799991607666,189.53253173828125
2026-01-30,6965.75,17.440000534057617,188.37030029296875
2026-02-02,7002.5,16.34000015258789,189.39346313476562
2026-02-03,6941.75,18.0,188.1815643310547
2026-02-04,6906.25,18.639999389648438,187.724609375
2026-02-05,6820.75,21.770000457763672,185.2213592529297
2026-02-06,6952.75,20.3700008392334,188.97625732421875
2026-02-09,6983.25,17.360000610351562,190.56561279296875
2026-02-10,6961.5,17.790000915527344,190.3272247314453
2026-02-11,6960.5,17.649999618530273,190.55569458007812
2026-02-12,6851.0,20.81999969482422,187.7643585205078
2026-02-13,6850.5,20.600000381469727,188.14181518554688
2026-02-17,6860.5,20.290000915527344,188.20143127441406
2026-02-18,6894.25,19.6200008392334,189.14512634277344
2026-02-19,6877.0,20.229999542236328,188.62857055664062
2026-02-20,6923.25,19.09000015258789,189.91993713378906
2026-02-23,6851.5,21.010000228881836,188.2411651611328
2026-02-24,6903.75,19.549999237060547,189.5027313232422
2026-02-25,6959.75,17.93000030517578,191.0920867919922
2026-02-26,6920.0,18.6299991607666,190.40667724609375
2026-02-27,6889.0,19.860000610351562,189.572265625
2026-03-02,6888.25,21.440000534057617,188.91664123535156
2026-03-03,6824.75,23.56999969482422,185.9663848876953
2026-03-04,6876.0,21.149999618530273,187.56568908691406
2026-03-05,6835.25,23.75,185.84716796875
2026-03-06,6743.75,29.489999771118164,183.75119018554688
2026-03-09,6801.0,25.5,185.21142578125
2026-03-10,6787.25,24.93000030517578,185.1220245361328
2026-03-11,6779.5,24.229999542236328,184.78428649902344
2026-03-12,6677.5,27.290000915527344,181.93333435058594
2026-03-13,6636.0,27.190000534057617,180.5426483154297
2026-03-16,6704.75,23.510000228881836,182.8174285888672
2026-03-17,6721.75,22.3700008392334,183.2644500732422
2026-03-18,6626.0,25.09000015258789,180.56251525878906
2026-03-19,6609.25,24.059999465942383,180.15524291992188
2026-03-20,6594.6298828125,26.780000686645508,176.8175506591797
2026-03-23,6634.75,26.149999618530273,179.34068298339844
2026-03-24,6606.0,26.950000762939453,178.6552734375
2026-03-25,6640.75,25.329999923706055,179.9863739013672
2026-03-26,6525.0,27.440000534057617,176.85728454589844
2026-03-27,6412.25,31.049999237060547,174.25469970703125
2026-03-30,6388.25,30.610000610351562,173.77789306640625
2026-03-31,6570.75,25.25,178.8241424560547
2026-04-01,6617.75,24.540000915527344,180.6022491455078
2026-04-02,6622.25,23.8700008392334,180.51284790039062
2026-04-06,6651.0,24.170000076293945,181.3075408935547
2026-04-07,6656.75,25.780000686645508,181.2578582763672
2026-04-08,6823.75,21.040000915527344,186.41339111328125
2026-04-09,6863.25,19.489999771118164,187.10873413085938
2026-04-10,6855.25,19.229999542236328,187.12860107421875
2026-04-13,6922.75,19.1200008392334,188.72792053222656
2026-04-14,7004.75,18.360000610351562,190.72454833984375
2026-04-15,7060.5,18.170000076293945,192.04571533203125
2026-04-16,7077.0,17.940000534057617,192.09539794921875
2026-04-17,7161.5,17.479999542236328,194.4893798828125
2026-04-20,7148.0,18.8700008392334,194.2112274169922
2026-04-21,7100.0,19.5,191.9960479736328
2026-04-22,7171.25,18.920000076293945,193.62515258789062
2026-04-23,7143.5,19.309999465942383,192.532470703125
2026-04-24,7194.75,18.709999084472656,193.97283935546875
2026-04-27,7206.0,18.020000457763672,194.15164184570312
2026-04-28,7171.0,17.829999923706055,193.13841247558594
2026-04-29,7168.0,18.809999465942383,192.58212280273438
2026-04-30,7243.75,16.889999389648438,195.2443389892578
2026-05-01,7258.0,16.989999771118164,195.4529266357422
2026-05-04,7230.25,18.290000915527344,194.2609100341797
2026-05-05,7287.25,17.3799991607666,195.7211456298828
2026-05-06,7389.5,17.389999389648438,199.29722595214844
2026-05-07,7363.0,17.079999923706055,197.79725646972656
2026-05-08,7419.0,17.190000534057617,199.30715942382812
2026-05-11,7436.75,18.3799991607666,199.5455780029297
2026-05-12,7426.5,17.989999771118164,199.23764038085938
2026-05-13,7469.5,17.8700008392334,200.29058837890625
2026-05-14,7525.5,17.260000228881836,201.39321899414062
2026-05-15,7432.25,18.43000030517578,198.59194946289062
2026-05-18,7425.75,17.81999969482422,198.9197540283203
2026-05-19,7378.0,18.059999465942383,197.64825439453125
2026-05-20,7451.75,17.440000534057617,200.15151977539062
2026-05-21,7466.0,16.760000228881836,200.72767639160156
2026-05-22,7491.0,16.700000762939453,201.1945343017578
2026-05-25,7491.0,16.59000015258789,201.1945343017578
2026-05-26,7537.0,17.010000228881836,202.64483642578125
2026-05-27,7540.0,16.290000915527344,202.55543518066406
2026-05-28,7581.75,15.739999771118164,203.4395294189453
2026-05-29,7595.75,15.319999694824219,203.5686492919922
2026-06-01,7613.25,16.049999237060547,203.9958038330078
2026-06-02,7623.75,15.770000457763672,204.8103485107422
2026-06-03,7571.75,16.059999465942383,203.29051208496094
2026-06-04,7601.0,15.399999618530273,204.30374145507812
2026-06-05,7400.5,21.510000228881836,199.04888916015625
2026-06-08,7416.0,18.920000076293945,199.71444702148438
2026-06-09,7392.75,19.8700008392334,199.04888916015625
2026-06-10,7278.5,22.219999313354492,196.12841796875
2026-06-11,7396.0,19.440000534057617,200.201171875
2026-06-12,7435.0,17.68000030517578,200.97601318359375
2026-06-15,7561.25,16.200000762939453,203.6300048828125
2026-06-16,7518.5,16.40999984741211,203.10000610351562
2026-06-17,7424.5,18.440000534057617,200.99000549316406
2026-06-18,7508.43017578125,16.399999618530273,202.72999572753906
2026-06-22,7541.25,17.280000686645508,202.3699951171875
2026-06-23,7437.5,19.489999771118164,199.42999267578125
2026-06-24,7428.25,18.6299991607666,199.0
2026-06-25,7423.25,18.889999389648438,199.2899932861328
2026-06-26,7401.75,18.40999984741211,197.36000061035156
2026-06-29,7500.25,17.649999618530273,201.24000549316406
2026-06-30,7548.25,16.450000762939453,202.63999938964844
2026-07-01,7543.5,16.59000015258789,202.0800018310547
2026-07-02,7528.25,16.149999618530273,202.64999389648438
2026-07-06,7591.5,15.569999694824219,204.44000244140625
2026-07-07,7551.25,16.1299991607666,203.1300048828125
2026-07-08,7528.75,16.899999618530273,202.2899932861328
2026-07-09,7588.75,15.84000015258789,203.72999572753906
2026-07-10,7620.25,15.029999732971191,204.6300048828125
2026-07-13,7563.0,17.15999984741211,203.00999450683594
2026-07-14,7591.25,16.5,203.97999572753906
2026-07-15,7614.75,15.670000076293945,204.75
2026-07-16,7577.75,16.729999542236328,203.5800018310547
2026-07-17,7497.75,18.770000457763672,201.89999389648438
2026-07-20,7484.25,18.649999618530273,201.10000610351562
2026-07-21,7545.75,17.049999237060547,203.1300048828125
2026-07-22,7540.25,16.639999389648438,203.10000610351562
2026-07-23,7445.0,18.700000762939453,200.61000061035156
2026-07-24,7447.5,18.579999923706055,200.8800048828125
2026-07-27,7448.25,18.670000076293945,201.25999450683594
2026-07-28,7465.25,18.209999084472656,201.8000030517578
2026-07-29,7351.25,20.65999984741211,199.17999267578125
2026-07-30,7472.5,17.09000015258789,202.97999572753906
2026-07-31,7519.25,15.989999771118164,203.3699951171875
2026-08-03,7628.25,15.859999656677246,205.85000610351562
2026-08-04,7765.5,16.5,209.24000549316406
2026-08-05,7749.5,15.8100004196167,209.14999389648438
2026-08-06,7734.75,15.149999618530273,208.6300048828125
2026-08-07,7779.75,14.899999618530273,210.47000122070312
2026-08-10,7776.75,15.460000038146973,210.11000061035156
2026-08-11,7747.5,15.279999732971191,209.69000244140625
2026-08-12,7770.5,14.550000190734863,210.3800048828125
2026-08-13,7822.5,14.630000114440918,211.50999450683594
2026-08-14,7805.0,14.25,211.2100067138672
2026-08-17,7768.75,15.1899995803833,210.42999267578125
2026-08-18,7714.0,15.84000015258789,208.74000549316406
2026-08-19,7729.0,14.890000343322754,209.22000122070312
2026-08-20,7662.5,16.010000228881836,207.8300018310547
2026-08-21,7691.25,15.130000114440918,209.07000732421875
2026-08-24,7669.75,15.850000381469727,208.47999572753906
2026-08-25,7692.0,15.449999809265137,209.3300018310547
2026-08-26,7690.0,15.210000038146973,208.9600067138672
2026-08-27,7742.5,14.510000228881836,209.92999267578125
2026-08-28,7722.0,14.430000305175781,209.42999267578125
2026-08-31,7699.0,14.920000076293945,208.82000732421875
2026-09-01,7642.75,16.34000015258789,207.02999877929688
2026-09-02,7676.5,15.199999809265137,208.0
2026-09-03,7754.75,14.319999694824219,210.33999633789062
2026-09-04,7722.0,14.529999732971191,209.82000732421875
2026-09-07,7722.0,15.300000190734863,209.82000732421875
2026-09-08,7680.5,15.720000267028809,208.6300048828125
2026-09-09,7643.75,16.459999084472656,207.4499969482422
2026-09-10,7598.5,17.84000015258789,205.8699951171875
2026-09-11,7659.5,15.84000015258789,207.69000244140625
2026-09-14,7625.0,17.100000381469727,206.8000030517578
2026-09-15,7589.25,17.200000762939453,205.6300048828125
2026-09-16,7556.5,17.709999084472656,204.7100067138672
2026-09-17,7640.0,15.4399995803833,207.2100067138672
2026-09-18,7657.35009765625,14.8100004196167,206.77000427246094
2026-09-21,7834.25,14.869999885559082,209.6999969482422
