timestamp,open,high,low,close,volume
2026-08-07 22:00:00,73.65,73.72,73.58,73.65,47688.802
2026-08-07 23:00:00,73.65,73.78,73.62,73.66,14347.367
2026-08-08 00:00:00,73.67,73.74,73.57,73.71,22489.515
2026-08-08 01:00:00,73.7,73.96,73.68,73.88,32659.928
2026-08-08 02:00:00,73.89,73.97,73.86,73.86,36918.066
2026-08-08 03:00:00,73.87,74.99,73.86,74.83,141741.181
2026-08-08 04:00:00,74.84,75.14,74.58,74.64,108607.9
2026-08-08 05:00:00,74.64,74.75,74.49,74.66,38219.833
2026-08-08 06:00:00,74.66,74.82,74.57,74.7,28467.014
2026-08-08 07:00:00,74.71,74.84,74.65,74.82,30945.59
2026-08-08 08:00:00,74.83,74.93,74.7,74.8,30398.154
2026-08-08 09:00:00,74.81,75.04,74.8,74.87,33722.149
2026-08-08 10:00:00,74.87,75.17,74.87,75.06,34782.569
2026-08-08 11:00:00,75.07,75.71,75.05,75.6,119089.488
2026-08-08 12:00:00,75.61,75.69,75.35,75.43,86502.532
2026-08-08 13:00:00,75.42,75.55,75.41,75.52,44654.679
2026-08-08 14:00:00,75.52,76.62,75.52,76.48,172240.22
2026-08-08 15:00:00,76.49,76.81,76.25,76.4,128746.528
2026-08-08 16:00:00,76.4,76.5,76.16,76.38,62744.44
2026-08-08 17:00:00,76.38,76.5,76.27,76.39,34300.881
2026-08-08 18:00:00,76.38,76.38,76.07,76.14,37718.363
2026-08-08 19:00:00,76.14,76.27,75.97,76.16,38147.911
2026-08-08 20:00:00,76.15,76.28,76.14,76.25,27645.289
2026-08-08 21:00:00,76.25,76.36,76.14,76.2,24076.214
2026-08-08 22:00:00,76.21,76.29,75.86,75.91,31950.179
2026-08-08 23:00:00,75.91,76.1,75.78,76.01,36643.864
2026-08-09 00:00:00,76.02,76.05,75.86,76.02,23617.317
2026-08-09 01:00:00,76.02,76.1,75.73,75.87,25195.97
2026-08-09 02:00:00,75.88,76.0,75.8,75.86,22083.416
2026-08-09 03:00:00,75.86,76.05,75.76,75.99,25404.227
2026-08-09 04:00:00,75.98,76.13,75.95,75.98,14839.504
2026-08-09 05:00:00,75.98,76.03,75.88,76.01,18606.915
2026-08-09 06:00:00,76.0,76.5,75.95,76.41,51322.653
2026-08-09 07:00:00,76.42,76.48,76.23,76.36,36472.522
2026-08-09 08:00:00,76.36,76.58,76.1,76.32,47964.933
2026-08-09 09:00:00,76.32,76.52,76.25,76.44,37837.166
2026-08-09 10:00:00,76.44,76.65,76.37,76.37,30659.293
2026-08-09 11:00:00,76.38,76.53,76.32,76.5,29402.309
2026-08-09 12:00:00,76.5,76.6,76.3,76.37,34091.745
2026-08-09 13:00:00,76.36,76.88,76.34,76.57,52122.618
2026-08-09 14:00:00,76.58,77.08,76.57,77.02,56998.87
2026-08-09 15:00:00,77.01,77.47,76.84,77.43,128466.749
2026-08-09 16:00:00,77.42,77.57,77.09,77.33,85978.575
2026-08-09 17:00:00,77.32,77.34,77.13,77.18,32380.674
2026-08-09 18:00:00,77.17,77.25,77.07,77.21,19608.807
2026-08-09 19:00:00,77.21,77.36,77.14,77.23,25431.822
2026-08-09 20:00:00,77.22,77.28,77.06,77.27,26404.313
2026-08-09 21:00:00,77.26,77.51,77.15,77.36,22689.728
2026-08-09 22:00:00,77.36,77.84,76.66,76.82,67375.973
2026-08-09 23:00:00,76.81,76.91,76.21,76.27,65811.575
2026-08-10 00:00:00,76.26,77.02,76.21,76.54,62300.579
2026-08-10 01:00:00,76.55,77.17,76.4,76.9,41871.019
2026-08-10 02:00:00,76.91,76.94,76.44,76.82,28869.015
2026-08-10 03:00:00,76.82,76.93,76.38,76.64,48104.247
2026-08-10 04:00:00,76.64,76.75,76.43,76.56,34828.565
2026-08-10 05:00:00,76.56,76.97,76.55,76.89,28196.777
2026-08-10 06:00:00,76.89,77.08,76.82,76.98,29294.339
2026-08-10 07:00:00,76.99,77.11,76.83,76.98,29089.868
2026-08-10 08:00:00,76.99,77.16,76.68,76.96,55171.67
2026-08-10 09:00:00,76.96,77.03,76.56,76.57,53522.325
2026-08-10 10:00:00,76.57,76.89,76.53,76.83,69928.229
2026-08-10 11:00:00,76.82,77.05,76.67,77.05,34538.783
2026-08-10 12:00:00,77.05,77.13,76.6,76.64,58238.848
2026-08-10 13:00:00,76.64,76.77,76.14,76.31,117731.839
2026-08-10 14:00:00,76.31,76.69,76.24,76.26,72440.225
2026-08-10 15:00:00,76.26,76.42,75.83,75.96,135319.459
2026-08-10 16:00:00,75.96,76.11,75.58,75.7,125240.177
2026-08-10 17:00:00,75.71,76.11,75.61,75.97,50633.714
2026-08-10 18:00:00,75.97,76.07,75.7,75.82,40342.378
2026-08-10 19:00:00,75.83,76.28,75.8,76.19,26218.49
2026-08-10 20:00:00,76.19,76.49,76.17,76.43,35189.799
2026-08-10 21:00:00,76.43,76.49,76.29,76.3,36110.532
2026-08-10 22:00:00,76.3,76.38,76.04,76.21,37264.708
2026-08-10 23:00:00,76.21,76.22,75.98,75.99,27792.77
2026-08-11 00:00:00,76.0,76.04,75.76,75.9,31762.671
2026-08-11 01:00:00,75.9,76.1,75.71,76.09,28544.754
2026-08-11 02:00:00,76.09,76.15,75.99,76.05,22096.143
2026-08-11 03:00:00,76.04,76.25,76.04,76.08,26406.521
2026-08-11 04:00:00,76.08,76.23,76.07,76.08,21792.759
2026-08-11 05:00:00,76.08,76.09,75.79,75.81,46523.129
2026-08-11 06:00:00,75.81,76.06,75.65,75.82,54417.484
2026-08-11 07:00:00,75.82,75.87,75.42,75.69,57740.418
2026-08-11 08:00:00,75.7,75.99,75.63,75.94,50933.192
2026-08-11 09:00:00,75.95,75.95,75.68,75.9,71384.725
2026-08-11 10:00:00,75.89,76.07,75.77,75.96,52183.506
2026-08-11 11:00:00,75.95,76.37,75.95,76.24,77311.8
2026-08-11 12:00:00,76.24,76.26,75.8,75.87,57206.859
2026-08-11 13:00:00,75.87,76.11,75.72,76.02,83211.817
2026-08-11 14:00:00,76.01,76.16,75.08,75.21,101687.341
2026-08-11 15:00:00,75.2,75.42,74.63,74.93,118672.444
2026-08-11 16:00:00,74.93,75.08,74.79,74.93,42400.621
2026-08-11 17:00:00,74.94,75.22,74.92,75.18,39180.251
2026-08-11 18:00:00,75.17,75.35,75.08,75.27,44777.481
2026-08-11 19:00:00,75.28,75.71,75.06,75.67,41295.998
2026-08-11 20:00:00,75.67,76.26,75.66,76.05,90230.814
2026-08-11 21:00:00,76.05,76.45,76.01,76.45,55615.124
2026-08-11 22:00:00,76.45,76.67,76.25,76.42,67498.45
2026-08-11 23:00:00,76.42,76.42,76.2,76.3,32920.38
2026-08-12 00:00:00,76.3,76.38,76.24,76.37,24911.292
2026-08-12 01:00:00,76.37,76.6,76.31,76.44,35529.683
2026-08-12 02:00:00,76.44,76.6,76.42,76.43,29202.963
2026-08-12 03:00:00,76.43,76.53,76.26,76.42,26244.293
2026-08-12 04:00:00,76.42,76.58,76.28,76.3,26736.375
2026-08-12 05:00:00,76.3,76.38,76.19,76.33,25672.34
2026-08-12 06:00:00,76.33,76.37,75.98,76.05,38068.012
2026-08-12 07:00:00,76.05,76.27,75.94,76.27,36271.82
2026-08-12 08:00:00,76.26,76.46,76.16,76.19,48863.78
2026-08-12 09:00:00,76.18,76.9,76.14,76.75,87197.85
2026-08-12 10:00:00,76.75,76.89,76.69,76.78,61067.673
2026-08-12 11:00:00,76.78,76.88,76.7,76.84,39138.04
2026-08-12 12:00:00,76.83,77.33,76.38,76.65,157212.575
2026-08-12 13:00:00,76.66,76.68,76.05,76.23,94944.73
2026-08-12 14:00:00,76.23,76.26,75.42,75.48,137689.685
2026-08-12 15:00:00,75.47,75.88,75.38,75.75,59434.104
2026-08-12 16:00:00,75.75,75.85,75.57,75.7,33053.708
2026-08-12 17:00:00,75.69,76.07,75.67,75.91,35526.731
2026-08-12 18:00:00,75.91,76.1,75.85,75.89,21721.036
2026-08-12 19:00:00,75.89,76.01,75.6,75.77,23889.948
2026-08-12 20:00:00,75.76,76.02,75.75,75.93,19542.22
2026-08-12 21:00:00,75.94,76.02,75.44,75.5,35260.634
2026-08-12 22:00:00,75.49,75.67,75.35,75.53,32707.088
2026-08-12 23:00:00,75.53,75.66,75.4,75.63,24262.634
2026-08-13 00:00:00,75.64,75.89,75.56,75.63,27404.264
2026-08-13 01:00:00,75.62,75.81,75.48,75.65,23198.791
2026-08-13 02:00:00,75.64,75.99,75.53,75.98,32337.532
2026-08-13 03:00:00,75.99,76.33,75.97,76.26,84780.979
2026-08-13 04:00:00,76.26,76.29,76.03,76.13,30942.643
2026-08-13 05:00:00,76.14,76.62,76.09,76.52,38273.056
2026-08-13 06:00:00,76.52,76.55,76.32,76.53,39915.209
2026-08-13 07:00:00,76.53,76.54,76.4,76.44,28139.015
2026-08-13 08:00:00,76.44,76.49,76.17,76.21,27688.132
2026-08-13 09:00:00,76.2,76.22,75.9,76.16,53218.489
2026-08-13 10:00:00,76.16,76.18,75.7,75.75,59752.117
2026-08-13 11:00:00,75.76,75.76,75.56,75.67,38922.89
2026-08-13 12:00:00,75.66,76.15,75.65,76.14,33765.08
2026-08-13 13:00:00,76.13,76.37,76.06,76.2,70317.313
2026-08-13 14:00:00,76.2,76.59,76.14,76.46,58653.509
2026-08-13 15:00:00,76.46,76.55,75.63,75.64,62963.654
2026-08-13 16:00:00,75.64,75.87,75.1,75.61,147622.9
2026-08-13 17:00:00,75.61,75.94,75.56,75.78,30652.485
2026-08-13 18:00:00,75.77,76.1,75.68,76.01,24137.96
2026-08-13 19:00:00,76.01,76.28,75.98,76.2,42760.841
2026-08-13 20:00:00,76.2,76.34,76.14,76.22,48254.328
2026-08-13 21:00:00,76.23,76.31,76.12,76.21,24805.212
2026-08-13 22:00:00,76.21,76.45,76.2,76.25,45513.351
2026-08-13 23:00:00,76.25,76.3,76.15,76.28,19488.807
2026-08-14 00:00:00,76.28,76.33,75.99,76.08,39546.485
2026-08-14 01:00:00,76.07,76.18,75.91,76.08,41828.826
2026-08-14 02:00:00,76.09,76.2,75.98,76.03,23612.907
2026-08-14 03:00:00,76.02,76.07,75.75,75.76,31920.64
2026-08-14 04:00:00,75.76,76.04,75.75,75.85,33259.548
2026-08-14 05:00:00,75.85,76.0,75.81,75.93,19678.511
2026-08-14 06:00:00,75.92,75.93,75.52,75.54,50473.293
2026-08-14 07:00:00,75.55,75.74,75.5,75.59,38230.989
2026-08-14 08:00:00,75.6,75.88,75.57,75.87,40279.125
2026-08-14 09:00:00,75.87,75.87,75.42,75.49,38555.941
2026-08-14 10:00:00,75.49,75.65,75.36,75.41,46288.248
2026-08-14 11:00:00,75.41,75.61,75.4,75.54,36686.055
2026-08-14 12:00:00,75.54,75.61,75.35,75.47,33452.487
2026-08-14 13:00:00,75.47,75.49,75.24,75.37,70876.517
2026-08-14 14:00:00,75.37,75.42,75.06,75.28,59283.303
2026-08-14 15:00:00,75.28,75.78,75.21,75.65,58791.996
2026-08-14 16:00:00,75.65,75.71,75.45,75.47,39082.405
2026-08-14 17:00:00,75.48,75.68,75.16,75.3,53320.339
2026-08-14 18:00:00,75.3,75.31,74.95,74.97,76786.828
2026-08-14 19:00:00,74.97,75.11,74.69,75.02,97202.039
2026-08-14 20:00:00,75.02,75.25,74.98,75.15,34693.792
2026-08-14 21:00:00,75.16,75.24,75.1,75.19,39275.472
2026-08-14 22:00:00,75.2,75.29,74.97,75.2,31018.351
2026-08-14 23:00:00,75.19,75.41,75.16,75.4,29720.809
2026-08-15 00:00:00,75.4,75.43,75.33,75.36,23069.183
2026-08-15 01:00:00,75.36,75.48,75.29,75.42,20679.289
2026-08-15 02:00:00,75.42,75.68,75.39,75.65,39330.014
2026-08-15 03:00:00,75.66,75.71,75.41,75.42,22171.528
2026-08-15 04:00:00,75.41,75.6,75.17,75.53,46285.436
2026-08-15 05:00:00,75.54,75.6,75.31,75.36,35945.424
2026-08-15 06:00:00,75.35,75.5,75.28,75.44,21225.671
2026-08-15 07:00:00,75.44,75.44,75.21,75.24,18457.12
2026-08-15 08:00:00,75.23,75.31,75.08,75.09,20788.908
2026-08-15 09:00:00,75.09,75.26,75.05,75.23,19618.286
2026-08-15 10:00:00,75.24,75.36,75.21,75.3,15711.999
2026-08-15 11:00:00,75.29,75.31,75.22,75.26,11958.576
2026-08-15 12:00:00,75.25,75.43,75.21,75.43,14771.578
2026-08-15 13:00:00,75.42,75.58,75.4,75.57,38795.996
2026-08-15 14:00:00,75.58,75.59,75.46,75.46,66008.453
2026-08-15 15:00:00,75.46,75.56,75.38,75.53,24231.394
2026-08-15 16:00:00,75.52,75.54,75.41,75.5,17652.322
2026-08-15 17:00:00,75.49,75.69,75.49,75.68,29643.242
2026-08-15 18:00:00,75.68,75.69,75.51,75.56,20059.648
2026-08-15 19:00:00,75.56,75.58,75.52,75.57,10637.09
2026-08-15 20:00:00,75.57,75.59,75.42,75.54,25359.089
2026-08-15 21:00:00,75.54,75.74,75.53,75.64,14886.059
2026-08-15 22:00:00,75.64,75.7,75.56,75.59,20611.084
2026-08-15 23:00:00,75.59,75.59,75.31,75.35,24216.433
2026-08-16 00:00:00,75.35,75.5,75.27,75.48,15960.117
2026-08-16 01:00:00,75.47,75.49,75.3,75.43,24138.656
2026-08-16 02:00:00,75.43,75.66,75.27,75.57,22315.833
2026-08-16 03:00:00,75.57,75.66,75.57,75.58,26311.018
2026-08-16 04:00:00,75.59,75.62,75.43,75.45,13202.02
2026-08-16 05:00:00,75.45,75.52,75.34,75.36,19937.589
2026-08-16 06:00:00,75.36,75.53,75.28,75.38,19879.252
2026-08-16 07:00:00,75.38,75.48,75.35,75.47,9201.99
2026-08-16 08:00:00,75.47,75.49,75.4,75.47,9874.605
2026-08-16 09:00:00,75.48,75.48,75.26,75.32,24163.157
2026-08-16 10:00:00,75.32,75.33,75.17,75.27,23925.54
2026-08-16 11:00:00,75.27,75.32,75.23,75.29,19957.619
2026-08-16 12:00:00,75.29,75.3,75.2,75.22,16268.488
2026-08-16 13:00:00,75.23,75.42,75.22,75.31,14314.506
2026-08-16 14:00:00,75.31,75.42,75.25,75.4,16718.256
2026-08-16 15:00:00,75.4,75.64,75.39,75.58,32612.215
2026-08-16 16:00:00,75.57,75.71,75.5,75.56,84852.608
2026-08-16 17:00:00,75.56,75.6,75.27,75.28,36546.363
2026-08-16 18:00:00,75.27,75.28,75.03,75.19,45819.949
2026-08-16 19:00:00,75.19,75.37,75.18,75.23,17532.495
2026-08-16 20:00:00,75.22,75.33,74.97,75.04,29204.849
2026-08-16 21:00:00,75.03,75.09,74.1,74.34,89658.054
2026-08-16 22:00:00,74.34,74.53,74.18,74.52,47462.073
2026-08-16 23:00:00,74.52,74.66,74.46,74.61,21556.973
2026-08-17 00:00:00,74.62,74.75,74.43,74.62,41586.761
2026-08-17 01:00:00,74.62,75.35,74.58,75.1,64090.088
2026-08-17 02:00:00,75.1,75.6,75.05,75.48,53811.967
2026-08-17 03:00:00,75.49,75.59,75.46,75.51,61348.725
2026-08-17 04:00:00,75.52,75.64,75.5,75.56,31884.391
2026-08-17 05:00:00,75.57,75.63,75.39,75.4,22134.767
2026-08-17 06:00:00,75.4,76.0,75.36,75.84,68202.4
2026-08-17 07:00:00,75.85,75.96,75.74,75.79,51212.14
2026-08-17 08:00:00,75.79,75.81,75.17,75.24,93110.38
2026-08-17 09:00:00,75.24,75.42,75.22,75.35,46626.714
2026-08-17 10:00:00,75.34,75.8,75.3,75.78,54849.602
2026-08-17 11:00:00,75.79,75.95,75.68,75.71,78753.481
2026-08-17 12:00:00,75.7,75.71,75.35,75.43,71415.477
2026-08-17 13:00:00,75.42,75.78,75.28,75.63,67087.014
2026-08-17 14:00:00,75.63,76.02,75.51,75.99,66189.636
2026-08-17 15:00:00,75.99,76.22,75.79,76.11,96657.205
2026-08-17 16:00:00,76.11,76.15,75.94,76.03,54543.691
2026-08-17 17:00:00,76.03,76.12,75.7,75.93,51568.302
2026-08-17 18:00:00,75.92,76.17,75.86,75.9,30368.119
2026-08-17 19:00:00,75.9,75.96,75.75,75.81,31754.156
2026-08-17 20:00:00,75.81,76.1,75.63,75.99,41640.488
2026-08-17 21:00:00,76.0,76.05,75.87,75.95,28486.341
2026-08-17 22:00:00,75.96,76.03,75.71,75.74,28834.394
2026-08-17 23:00:00,75.74,76.12,75.71,76.02,33698.115
2026-08-18 00:00:00,76.02,76.09,75.87,76.04,37197.573
2026-08-18 01:00:00,76.05,76.06,75.55,75.6,37508.769
2026-08-18 02:00:00,75.59,75.64,75.2,75.27,116272.551
2026-08-18 03:00:00,75.27,75.53,75.25,75.5,32736.009
2026-08-18 04:00:00,75.5,75.85,75.41,75.84,75709.199
2026-08-18 05:00:00,75.85,75.97,75.59,75.74,59566.306
2026-08-18 06:00:00,75.73,76.07,75.65,76.01,49542.62
2026-08-18 07:00:00,76.02,76.27,75.95,76.1,74906.871
2026-08-18 08:00:00,76.1,76.2,75.85,76.18,52277.977
2026-08-18 09:00:00,76.17,76.17,75.88,75.94,36705.58
2026-08-18 10:00:00,75.94,75.99,75.8,75.84,37834.686
2026-08-18 11:00:00,75.85,76.45,75.83,76.31,96476.654
2026-08-18 12:00:00,76.32,76.52,76.23,76.25,59789.622
2026-08-18 13:00:00,76.25,76.3,76.05,76.21,49236.302
2026-08-18 14:00:00,76.21,77.33,76.12,76.8,183947.136
2026-08-18 15:00:00,76.8,77.25,76.79,77.19,112136.696
2026-08-18 16:00:00,77.2,77.32,76.85,77.08,53319.132
2026-08-18 17:00:00,77.08,77.1,76.88,76.89,31383.279
2026-08-18 18:00:00,76.89,77.31,76.88,77.27,33859.727
2026-08-18 19:00:00,77.26,77.41,77.08,77.18,44572.797
2026-08-18 20:00:00,77.18,77.22,76.75,76.89,57163.213
2026-08-18 21:00:00,76.89,77.12,76.89,77.0,24598.191
2026-08-18 22:00:00,77.0,77.21,76.88,76.94,60947.798
2026-08-18 23:00:00,76.95,77.23,76.94,77.05,37174.264
2026-08-19 00:00:00,77.05,77.12,76.83,76.91,35601.907
2026-08-19 01:00:00,76.92,77.07,76.64,76.8,68341.669
2026-08-19 02:00:00,76.8,76.93,76.7,76.81,30126.29
2026-08-19 03:00:00,76.81,77.1,76.7,77.0,33229.184
2026-08-19 04:00:00,76.99,77.14,76.8,76.86,34893.31
2026-08-19 05:00:00,76.86,77.07,76.78,76.8,33431.585
2026-08-19 06:00:00,76.81,77.17,76.63,77.07,50558.406
2026-08-19 07:00:00,77.08,77.1,76.94,76.96,37457.562
2026-08-19 08:00:00,76.96,77.65,76.92,77.38,104771.806
2026-08-19 09:00:00,77.39,77.48,77.22,77.32,44006.145
2026-08-19 10:00:00,77.33,77.39,77.23,77.39,24995.834
2026-08-19 11:00:00,77.38,77.62,77.38,77.55,53548.004
2026-08-19 12:00:00,77.54,79.05,77.43,78.41,275387.266
2026-08-19 13:00:00,78.41,78.71,78.18,78.41,169787.495
2026-08-19 14:00:00,78.41,81.01,78.37,80.89,396329.101
2026-08-19 15:00:00,80.9,83.0,80.7,81.83,890278.408
2026-08-19 16:00:00,81.83,82.39,81.55,81.58,177212.821
2026-08-19 17:00:00,81.58,81.72,81.01,81.65,174845.256
2026-08-19 18:00:00,81.65,82.29,81.27,82.27,139302.31
2026-08-19 19:00:00,82.27,82.5,82.0,82.36,96762.478
2026-08-19 20:00:00,82.37,84.3,82.28,83.72,269851.198
2026-08-19 21:00:00,83.72,87.21,83.72,86.64,531143.87
2026-08-19 22:00:00,86.64,86.84,84.93,85.49,247267.879
2026-08-19 23:00:00,85.49,85.78,85.04,85.38,122380.492
2026-08-20 00:00:00,85.39,85.79,84.91,85.0,221883.385
2026-08-20 01:00:00,85.01,85.41,84.65,85.37,154978.991
2026-08-20 02:00:00,85.37,85.45,84.68,84.78,87595.869
2026-08-20 03:00:00,84.77,84.78,84.01,84.48,126428.027
2026-08-20 04:00:00,84.48,84.96,84.42,84.84,70775.433
2026-08-20 05:00:00,84.84,85.08,84.82,84.96,55732.283
2026-08-20 06:00:00,84.96,85.92,84.7,85.92,166326.688
2026-08-20 07:00:00,85.92,86.2,85.78,86.18,117326.447
2026-08-20 08:00:00,86.17,87.98,86.04,87.53,422328.02
2026-08-20 09:00:00,87.52,87.82,87.11,87.36,229835.287
2026-08-20 10:00:00,87.36,87.82,87.01,87.45,109921.408
2026-08-20 11:00:00,87.46,88.1,87.1,87.21,167425.605
2026-08-20 12:00:00,87.22,87.42,86.52,87.07,163565.623
2026-08-20 13:00:00,87.07,87.48,86.21,86.58,254032.338
2026-08-20 14:00:00,86.58,86.88,86.16,86.62,181624.861
2026-08-20 15:00:00,86.61,87.47,86.57,87.37,252300.178
2026-08-20 16:00:00,87.37,87.84,86.87,87.76,215422.142
2026-08-20 17:00:00,87.76,87.93,87.28,87.5,162758.75
2026-08-20 18:00:00,87.5,87.66,86.68,86.87,124152.128
2026-08-20 19:00:00,86.86,87.53,86.85,87.31,103139.837
2026-08-20 20:00:00,87.32,87.68,87.25,87.59,76542.437
2026-08-20 21:00:00,87.59,87.88,87.42,87.5,60966.022
2026-08-20 22:00:00,87.5,87.59,87.19,87.24,66396.668
2026-08-20 23:00:00,87.23,87.99,87.23,87.66,97951.999
2026-08-21 00:00:00,87.65,88.8,87.57,88.23,280118.474
2026-08-21 01:00:00,88.23,89.5,88.12,89.01,266616.435
2026-08-21 02:00:00,89.01,90.2,88.51,89.25,392855.246
2026-08-21 03:00:00,89.26,89.56,88.76,89.1,159013.213
2026-08-21 04:00:00,89.11,89.5,88.88,89.47,141406.127
2026-08-21 05:00:00,89.46,90.74,89.18,90.46,205120.503
2026-08-21 06:00:00,90.45,91.33,89.77,90.24,252509.933
2026-08-21 07:00:00,90.25,91.18,89.94,90.41,290973.878
2026-08-21 08:00:00,90.42,93.39,90.36,93.29,509045.985
2026-08-21 09:00:00,93.28,93.33,90.31,91.68,567334.57
2026-08-21 10:00:00,91.67,91.76,90.86,91.49,185450.533
2026-08-21 11:00:00,91.48,91.62,89.91,90.29,272341.79
2026-08-21 12:00:00,90.3,91.15,90.03,90.88,191761.924
2026-08-21 13:00:00,90.88,91.37,89.78,91.07,232607.11
2026-08-21 14:00:00,91.07,91.95,90.56,91.87,261492.134
2026-08-21 15:00:00,91.88,92.16,91.25,91.37,195372.384
2026-08-21 16:00:00,91.37,91.92,90.75,91.63,144107.995
2026-08-21 17:00:00,91.63,91.98,91.18,91.8,146346.933
2026-08-21 18:00:00,91.8,92.06,91.09,91.56,128955.416
2026-08-21 19:00:00,91.56,91.62,90.78,90.96,109167.793
2026-08-21 20:00:00,90.96,91.97,90.59,91.87,129800.574
2026-08-21 21:00:00,91.86,93.85,91.66,93.74,313034.514
2026-08-21 22:00:00,93.74,94.62,93.3,94.3,258191.985
2026-08-21 23:00:00,94.3,94.99,93.37,93.72,207043.659
2026-08-22 00:00:00,93.72,94.42,92.86,93.89,275622.208
2026-08-22 01:00:00,93.89,94.44,93.49,93.69,132446.534
2026-08-22 02:00:00,93.69,95.79,93.69,95.63,267975.023
2026-08-22 03:00:00,95.64,97.59,95.49,96.79,463948.675
2026-08-22 04:00:00,96.8,102.74,96.18,99.15,966122.681
2026-08-22 05:00:00,99.14,99.98,87.72,94.23,1761166.613
2026-08-22 06:00:00,94.23,95.12,93.08,94.3,387488.272
2026-08-22 07:00:00,94.31,95.52,94.05,94.46,257112.002
2026-08-22 08:00:00,94.46,95.01,93.06,94.1,306557.341
2026-08-22 09:00:00,94.1,94.61,92.99,93.92,260791.933
2026-08-22 10:00:00,93.92,93.99,91.34,92.88,423712.187
2026-08-22 11:00:00,92.88,93.54,92.58,93.3,148916.376
2026-08-22 12:00:00,93.29,94.35,93.14,93.82,128311.642
2026-08-22 13:00:00,93.83,94.23,93.53,94.12,108401.166
2026-08-22 14:00:00,94.12,94.29,92.9,93.25,205345.721
2026-08-22 15:00:00,93.25,93.58,92.82,93.07,130253.309
2026-08-22 16:00:00,93.08,94.67,93.07,94.29,181095.774
2026-08-22 17:00:00,94.28,94.55,93.77,94.27,124590.444
2026-08-22 18:00:00,94.27,94.52,94.03,94.46,69055.865
2026-08-22 19:00:00,94.46,94.8,94.27,94.49,82689.243
2026-08-22 20:00:00,94.49,94.78,94.29,94.39,59618.437
2026-08-22 21:00:00,94.4,94.4,92.73,92.83,147449.197
2026-08-22 22:00:00,92.82,94.01,92.58,93.62,141454.565
2026-08-22 23:00:00,93.62,93.99,93.31,93.82,64492.258
2026-08-23 00:00:00,93.83,97.21,93.59,96.35,370167.118
2026-08-23 01:00:00,96.36,96.58,95.65,96.0,198660.763
2026-08-23 02:00:00,96.0,96.59,93.94,94.89,315375.856
2026-08-23 03:00:00,94.9,95.02,93.43,93.7,193677.794
2026-08-23 04:00:00,93.71,94.1,92.22,92.56,280341.629
2026-08-23 05:00:00,92.55,93.28,91.58,92.3,238903.368
2026-08-23 06:00:00,92.29,92.77,91.77,92.25,177859.856
2026-08-23 07:00:00,92.25,92.97,92.13,92.49,94449.344
2026-08-23 08:00:00,92.48,93.53,92.31,93.2,122035.803
2026-08-23 09:00:00,93.2,93.55,92.9,93.32,72444.101
2026-08-23 10:00:00,93.32,94.12,93.29,93.63,120778.227
2026-08-23 11:00:00,93.64,94.82,93.55,94.63,137477.398
2026-08-23 12:00:00,94.62,94.8,94.04,94.59,150481.481
2026-08-23 13:00:00,94.59,95.81,94.58,95.39,184298.311
2026-08-23 14:00:00,95.38,95.68,93.4,95.07,290157.403
2026-08-23 15:00:00,95.07,95.9,94.67,95.36,182687.117
2026-08-23 16:00:00,95.37,95.72,95.17,95.41,83534.964
2026-08-23 17:00:00,95.42,95.52,94.82,95.11,69153.677
2026-08-23 18:00:00,95.11,95.47,94.94,95.29,54755.482
2026-08-23 19:00:00,95.3,95.47,94.83,95.07,46946.871
2026-08-23 20:00:00,95.08,95.4,94.76,95.07,44650.393
2026-08-23 21:00:00,95.07,96.25,95.07,95.36,147066.735
2026-08-23 22:00:00,95.36,95.75,94.78,95.59,116786.145
2026-08-23 23:00:00,95.59,95.88,95.01,95.43,90166.97
2026-08-24 00:00:00,95.44,95.56,93.87,95.54,207556.44
2026-08-24 01:00:00,95.55,95.56,93.74,93.88,161578.064
2026-08-24 02:00:00,93.87,95.05,93.67,94.59,146410.826
2026-08-24 03:00:00,94.59,94.66,93.47,93.66,105245.553
2026-08-24 04:00:00,93.66,94.35,93.66,94.22,115946.368
2026-08-24 05:00:00,94.21,94.66,93.47,94.28,158490.807
2026-08-24 06:00:00,94.27,94.64,93.8,94.56,159373.733
2026-08-24 07:00:00,94.56,95.45,94.0,94.11,171007.972
2026-08-24 08:00:00,94.11,94.38,93.26,93.94,115536.499
2026-08-24 09:00:00,93.93,94.89,93.89,94.67,99979.682
2026-08-24 10:00:00,94.66,95.11,94.57,94.72,165618.251
2026-08-24 11:00:00,94.71,96.33,94.25,95.84,236307.508
2026-08-24 12:00:00,95.84,96.64,94.18,96.29,336604.735
2026-08-24 13:00:00,96.29,96.53,94.3,95.02,295116.147
2026-08-24 14:00:00,95.02,96.73,94.85,96.1,290504.022
2026-08-24 15:00:00,96.11,97.61,95.99,96.45,327290.582
2026-08-24 16:00:00,96.46,97.58,95.8,96.07,203884.22
2026-08-24 17:00:00,96.07,96.2,94.81,95.4,270081.771
2026-08-24 18:00:00,95.4,96.44,95.4,95.92,201327.343
2026-08-24 19:00:00,95.93,96.65,95.42,96.54,186632.479
2026-08-24 20:00:00,96.54,96.77,95.75,96.55,95753.508
2026-08-24 21:00:00,96.55,97.57,96.55,97.47,122224.439
2026-08-24 22:00:00,97.48,98.71,97.17,97.43,230870.49
2026-08-24 23:00:00,97.44,98.99,97.26,98.97,202452.662
2026-08-25 00:00:00,98.98,102.77,98.56,101.77,897481.109
2026-08-25 01:00:00,101.76,102.55,100.09,100.47,325354.55
2026-08-25 02:00:00,100.48,102.35,100.21,100.92,398335.354
2026-08-25 03:00:00,100.93,102.05,100.85,101.61,196984.86
2026-08-25 04:00:00,101.61,101.73,100.82,101.33,175620.508
2026-08-25 05:00:00,101.33,103.08,101.24,101.89,219172.074
2026-08-25 06:00:00,101.89,102.07,100.42,100.76,170355.337
2026-08-25 07:00:00,100.77,101.95,99.54,100.23,270802.363
2026-08-25 08:00:00,100.24,101.13,99.73,100.41,175675.02
2026-08-25 09:00:00,100.41,100.65,99.29,99.82,156336.659
2026-08-25 10:00:00,99.82,99.9,99.05,99.64,139184.859
2026-08-25 11:00:00,99.64,99.72,98.49,98.6,195657.114
2026-08-25 12:00:00,98.61,98.82,97.48,98.6,187692.175
2026-08-25 13:00:00,98.59,98.82,96.21,97.15,312462.81
2026-08-25 14:00:00,97.16,98.42,96.91,98.21,185594.647
2026-08-25 15:00:00,98.22,98.5,97.61,98.38,126346.86
2026-08-25 16:00:00,98.38,98.66,97.77,98.19,114260.595
2026-08-25 17:00:00,98.2,98.22,97.45,98.2,78495.41
2026-08-25 18:00:00,98.2,98.83,98.07,98.5,113090.459
2026-08-25 19:00:00,98.49,98.64,97.48,97.94,96231.246
2026-08-25 20:00:00,97.95,98.05,96.64,96.68,134116.937
2026-08-25 21:00:00,96.68,97.28,95.32,97.19,177304.414
2026-08-25 22:00:00,97.19,97.77,97.15,97.22,55035.411
2026-08-25 23:00:00,97.21,97.43,96.39,96.6,71341.659
2026-08-26 00:00:00,96.6,96.94,96.17,96.66,119329.493
2026-08-26 01:00:00,96.65,97.28,96.63,97.03,81334.676
2026-08-26 02:00:00,97.04,97.56,96.79,97.28,56436.066
2026-08-26 03:00:00,97.28,97.38,96.82,97.06,57544.723
2026-08-26 04:00:00,97.06,97.32,96.56,96.63,83681.797
2026-08-26 05:00:00,96.62,97.19,96.25,97.09,77510.686
2026-08-26 06:00:00,97.09,97.33,96.52,96.8,58828.286
2026-08-26 07:00:00,96.8,97.17,96.66,96.95,62210.394
2026-08-26 08:00:00,96.95,97.4,96.7,96.81,46763.536
2026-08-26 09:00:00,96.81,97.02,95.78,96.17,94258.553
2026-08-26 10:00:00,96.16,97.88,96.0,97.48,110682.499
2026-08-26 11:00:00,97.48,97.66,96.68,97.03,84420.923
2026-08-26 12:00:00,97.04,97.57,96.05,97.02,137343.29
2026-08-26 13:00:00,97.01,97.23,95.79,96.55,173923.91
2026-08-26 14:00:00,96.55,96.98,95.41,95.48,139569.136
2026-08-26 15:00:00,95.47,96.34,94.95,95.94,133527.904
2026-08-26 16:00:00,95.93,96.19,95.47,95.95,69092.113
2026-08-26 17:00:00,95.95,97.25,95.87,96.97,118134.696
2026-08-26 18:00:00,96.98,97.16,96.63,96.84,72597.255
2026-08-26 19:00:00,96.83,96.93,96.35,96.8,76312.395
2026-08-26 20:00:00,96.79,97.04,96.3,96.93,54437.937
2026-08-26 21:00:00,96.94,98.35,96.89,98.26,112908.418
2026-08-26 22:00:00,98.26,100.92,98.07,99.7,301427.5
2026-08-26 23:00:00,99.69,102.46,99.5,102.07,314646.989
2026-08-27 00:00:00,102.08,102.14,100.59,100.59,169173.763
2026-08-27 01:00:00,100.59,101.93,100.52,101.45,140859.954
2026-08-27 02:00:00,101.44,101.94,100.87,101.17,106476.798
2026-08-27 03:00:00,101.18,101.81,100.89,101.08,115192.505
2026-08-27 04:00:00,101.09,101.55,100.7,101.09,122112.926
2026-08-27 05:00:00,101.08,102.29,100.77,102.04,181960.503
2026-08-27 06:00:00,102.04,102.06,100.88,101.28,160070.433
2026-08-27 07:00:00,101.28,102.1,101.03,101.8,110369.256
2026-08-27 08:00:00,101.81,105.06,101.73,104.66,527218.287
2026-08-27 09:00:00,104.67,105.79,104.0,104.4,274234.757
2026-08-27 10:00:00,104.4,105.03,103.1,104.1,272580.927
2026-08-27 11:00:00,104.1,104.96,103.4,103.95,149666.123
2026-08-27 12:00:00,103.95,104.77,103.93,104.43,113173.08
2026-08-27 13:00:00,104.42,106.32,104.16,106.06,263661.734
2026-08-27 14:00:00,106.06,107.94,105.21,106.8,544617.762
2026-08-27 15:00:00,106.8,108.0,106.5,107.2,338525.921
2026-08-27 16:00:00,107.2,109.49,106.87,108.94,333890.706
2026-08-27 17:00:00,108.94,109.62,107.72,108.18,272471.179
2026-08-27 18:00:00,108.19,108.39,106.69,108.39,207704.934
2026-08-27 19:00:00,108.39,109.92,108.27,109.39,179532.041
2026-08-27 20:00:00,109.39,109.77,108.44,109.03,146860.459
2026-08-27 21:00:00,109.03,109.15,108.21,108.73,107292.572
2026-08-27 22:00:00,108.73,110.6,108.73,109.2,221968.471
2026-08-27 23:00:00,109.19,110.03,108.86,109.14,106376.499
2026-08-28 00:00:00,109.15,110.0,108.67,109.11,218282.215
2026-08-28 01:00:00,109.11,109.75,107.72,107.85,156286.345
2026-08-28 02:00:00,107.84,107.97,106.16,106.52,179579.305
2026-08-28 03:00:00,106.51,107.34,105.86,106.85,125224.855
2026-08-28 04:00:00,106.84,107.66,106.26,106.79,94686.547
2026-08-28 05:00:00,106.78,107.47,106.63,107.2,80746.387
2026-08-28 06:00:00,107.21,107.85,107.19,107.54,92925.7
2026-08-28 07:00:00,107.54,107.55,106.27,106.35,103741.433
2026-08-28 08:00:00,106.35,106.88,105.77,106.04,88857.89
2026-08-28 09:00:00,106.04,106.62,105.52,105.93,107712.34
2026-08-28 10:00:00,105.94,106.22,104.53,106.2,169794.089
2026-08-28 11:00:00,106.19,107.05,105.56,105.84,190058.87
2026-08-28 12:00:00,105.84,106.01,104.55,104.89,247139.169
2026-08-28 13:00:00,104.88,105.61,104.65,105.18,189939.29
2026-08-28 14:00:00,105.17,106.7,103.63,106.31,615367.188
2026-08-28 15:00:00,106.31,107.94,105.21,105.24,365591.73
2026-08-28 16:00:00,105.25,105.72,103.0,105.16,586611.729
2026-08-28 17:00:00,105.16,105.26,104.3,104.67,191449.136
2026-08-28 18:00:00,104.67,104.72,102.28,103.12,236491.444
2026-08-28 19:00:00,103.11,103.88,103.01,103.41,151546.785
2026-08-28 20:00:00,103.4,104.31,102.82,103.86,89759.229
2026-08-28 21:00:00,103.86,104.03,103.27,103.44,57741.634
2026-08-28 22:00:00,103.45,104.21,103.41,104.14,75169.774
2026-08-28 23:00:00,104.13,104.39,103.98,104.15,47355.357
2026-08-29 00:00:00,104.14,104.59,103.86,103.91,50051.928
2026-08-29 01:00:00,103.91,104.37,103.8,104.17,64108.716
2026-08-29 02:00:00,104.17,104.41,103.66,103.95,68283.045
2026-08-29 03:00:00,103.94,104.24,103.82,103.87,60285.896
2026-08-29 04:00:00,103.88,104.05,103.46,103.87,64174.212
2026-08-29 05:00:00,103.88,104.2,103.82,104.02,47055.05
2026-08-29 06:00:00,104.02,104.02,103.32,103.59,44181.919
2026-08-29 07:00:00,103.59,103.98,103.58,103.74,35304.732
2026-08-29 08:00:00,103.73,103.73,103.11,103.46,47755.559
2026-08-29 09:00:00,103.47,103.63,103.3,103.33,55674.403
2026-08-29 10:00:00,103.33,103.6,103.03,103.45,44071.654
2026-08-29 11:00:00,103.44,103.71,103.41,103.5,19678.887
2026-08-29 12:00:00,103.51,104.01,103.38,103.62,43934.773
2026-08-29 13:00:00,103.61,103.97,103.51,103.8,36495.595
2026-08-29 14:00:00,103.8,105.5,103.79,105.38,151794.134
2026-08-29 15:00:00,105.39,105.51,104.65,105.03,92382.648
2026-08-29 16:00:00,105.03,105.39,104.84,104.87,132739.086
2026-08-29 17:00:00,104.87,105.15,104.37,104.87,61198.348
2026-08-29 18:00:00,104.87,105.3,104.75,105.13,76082.809
2026-08-29 19:00:00,105.13,105.88,105.12,105.35,81612.375
2026-08-29 20:00:00,105.36,105.52,105.07,105.23,35687.088
2026-08-29 21:00:00,105.23,105.4,104.76,105.05,54734.274
2026-08-29 22:00:00,105.04,105.56,104.9,105.51,24460.831
2026-08-29 23:00:00,105.52,105.78,105.42,105.61,46744.536
2026-08-30 00:00:00,105.61,105.71,105.23,105.25,48518.091
2026-08-30 01:00:00,105.26,105.39,105.01,105.24,49372.241
2026-08-30 02:00:00,105.24,105.49,105.18,105.22,44830.246
2026-08-30 03:00:00,105.22,105.34,104.96,105.07,31642.027
2026-08-30 04:00:00,105.07,105.13,104.68,105.11,37178.984
2026-08-30 05:00:00,105.12,105.27,104.91,105.08,23861.491
2026-08-30 06:00:00,105.07,105.42,104.89,105.41,25097.341
2026-08-30 07:00:00,105.42,105.44,104.72,104.85,28505.888
2026-08-30 08:00:00,104.84,105.08,104.47,104.75,47694.827
2026-08-30 09:00:00,104.75,104.97,104.47,104.6,43552.099
2026-08-30 10:00:00,104.6,105.24,104.5,105.09,46764.554
2026-08-30 11:00:00,105.1,105.32,104.93,105.12,42799.764
2026-08-30 12:00:00,105.11,106.19,105.08,106.11,113046.112
2026-08-30 13:00:00,106.11,107.48,105.87,107.13,173924.212
2026-08-30 14:00:00,107.12,107.25,106.63,106.73,91819.259
2026-08-30 15:00:00,106.73,106.84,105.98,106.29,108377.103
2026-08-30 16:00:00,106.29,107.15,106.13,106.91,131120.854
2026-08-30 17:00:00,106.9,106.9,105.26,106.42,154916.375
2026-08-30 18:00:00,106.41,106.86,106.03,106.68,72918.283
2026-08-30 19:00:00,106.69,106.82,105.45,105.82,84855.095
2026-08-30 20:00:00,105.82,106.03,104.42,104.77,132243.037
2026-08-30 21:00:00,104.77,104.79,103.38,104.45,129683.486
2026-08-30 22:00:00,104.46,104.75,103.33,103.82,100572.012
2026-08-30 23:00:00,103.82,103.82,100.31,101.75,306193.112
2026-08-31 00:00:00,101.75,102.62,101.12,102.14,116407.851
2026-08-31 01:00:00,102.14,102.26,101.4,101.52,95435.193
2026-08-31 02:00:00,101.51,102.35,101.18,101.45,87015.463
2026-08-31 03:00:00,101.46,102.21,101.29,101.94,72820.862
2026-08-31 04:00:00,101.95,102.0,100.9,101.45,99617.654
2026-08-31 05:00:00,101.44,103.04,101.27,102.63,144212.997
2026-08-31 06:00:00,102.63,102.89,102.34,102.72,95658.268
2026-08-31 07:00:00,102.73,103.18,102.64,102.98,91950.74
2026-08-31 08:00:00,102.99,103.47,102.46,103.24,109099.342
2026-08-31 09:00:00,103.23,103.49,103.0,103.09,79525.002
2026-08-31 10:00:00,103.09,104.07,102.66,103.68,88002.21
2026-08-31 11:00:00,103.68,104.17,103.27,103.4,69407.392
2026-08-31 12:00:00,103.4,103.76,102.5,102.76,99975.541
2026-08-31 13:00:00,102.77,103.08,102.18,102.36,104760.431
2026-08-31 14:00:00,102.36,103.93,102.21,103.53,125855.026
2026-08-31 15:00:00,103.54,103.67,102.77,102.88,92327.846
2026-08-31 16:00:00,102.88,103.33,102.45,102.83,93418.894
2026-08-31 17:00:00,102.84,103.8,102.65,103.64,89651.013
2026-08-31 18:00:00,103.64,105.0,103.38,104.47,125162.8
2026-08-31 19:00:00,104.47,104.76,103.55,103.61,80170.207
2026-08-31 20:00:00,103.6,104.29,103.53,103.75,58310.862
2026-08-31 21:00:00,103.74,103.97,103.24,103.67,76404.825
2026-08-31 22:00:00,103.67,103.79,103.12,103.21,32603.45
2026-08-31 23:00:00,103.2,103.22,102.88,103.06,34078.19
2026-09-01 00:00:00,103.06,103.55,102.94,103.19,76365.638
2026-09-01 01:00:00,103.2,103.53,102.74,103.26,68075.413
2026-09-01 02:00:00,103.25,103.46,102.81,103.4,43510.402
2026-09-01 03:00:00,103.41,104.2,103.29,103.66,61280.026
2026-09-01 04:00:00,103.66,104.09,103.54,103.63,52919.732
2026-09-01 05:00:00,103.64,104.38,103.59,104.31,76106.296
2026-09-01 06:00:00,104.31,104.31,103.36,103.38,98826.023
2026-09-01 07:00:00,103.38,103.57,102.8,103.15,115224.96
2026-09-01 08:00:00,103.15,103.22,101.8,102.07,151894.686
2026-09-01 09:00:00,102.08,102.28,101.87,101.98,81718.61
2026-09-01 10:00:00,101.98,102.74,101.95,102.38,118879.463
2026-09-01 11:00:00,102.38,102.63,102.08,102.29,112124.113
2026-09-01 12:00:00,102.28,102.49,101.41,101.94,95397.275
2026-09-01 13:00:00,101.93,102.49,101.33,101.96,141999.766
2026-09-01 14:00:00,101.96,102.59,101.86,102.03,106378.425
2026-09-01 15:00:00,102.02,102.35,101.01,102.05,133010.821
2026-09-01 16:00:00,102.05,102.07,100.62,100.94,131888.664
2026-09-01 17:00:00,100.93,101.25,100.45,100.6,114887.977
2026-09-01 18:00:00,100.6,100.71,98.33,99.61,288886.511
2026-09-01 19:00:00,99.61,100.33,99.52,100.08,119780.925
2026-09-01 20:00:00,100.09,100.35,99.67,100.11,82704.259
2026-09-01 21:00:00,100.11,100.22,98.94,99.61,98364.21
2026-09-01 22:00:00,99.6,99.95,99.33,99.69,71610.149
2026-09-01 23:00:00,99.69,100.25,99.61,100.0,50839.997
2026-09-02 00:00:00,100.01,100.28,99.62,99.67,81785.254
2026-09-02 01:00:00,99.66,99.94,98.52,99.09,97142.444
2026-09-02 02:00:00,99.09,99.93,98.77,99.93,117245.793
2026-09-02 03:00:00,99.93,100.71,99.84,100.29,79683.034
2026-09-02 04:00:00,100.3,100.31,99.74,100.1,50600.997
2026-09-02 05:00:00,100.1,100.4,99.77,100.27,46063.549
2026-09-02 06:00:00,100.27,100.39,99.68,100.08,50499.187
2026-09-02 07:00:00,100.09,100.43,99.83,99.85,45691.557
2026-09-02 08:00:00,99.85,100.02,98.8,99.01,66760.386
2026-09-02 09:00:00,99.01,99.34,98.2,98.64,93908.288
2026-09-02 10:00:00,98.63,98.67,97.45,98.23,172983.58
2026-09-02 11:00:00,98.22,98.28,97.38,98.12,90589.018
2026-09-02 12:00:00,98.11,98.51,97.65,97.7,64787.101
2026-09-02 13:00:00,97.71,99.67,97.7,99.21,124550.691
2026-09-02 14:00:00,99.21,99.8,98.91,98.92,104427.257
2026-09-02 15:00:00,98.92,99.53,98.47,99.33,112237.806
2026-09-02 16:00:00,99.33,99.81,98.78,98.81,105573.504
2026-09-02 17:00:00,98.81,99.33,98.21,99.33,101359.462
2026-09-02 18:00:00,99.33,99.69,99.17,99.52,66963.483
2026-09-02 19:00:00,99.52,99.64,99.07,99.43,38520.535
2026-09-02 20:00:00,99.43,100.03,99.34,99.71,87983.957
2026-09-02 21:00:00,99.72,99.85,99.44,99.66,38098.611
2026-09-02 22:00:00,99.66,99.77,99.21,99.54,41128.945
2026-09-02 23:00:00,99.54,100.53,99.42,100.43,57709.736
2026-09-03 00:00:00,100.44,100.46,99.5,99.52,76038.817
2026-09-03 01:00:00,99.52,100.62,99.23,100.17,101209.807
2026-09-03 02:00:00,100.16,101.34,99.96,101.11,119833.727
2026-09-03 03:00:00,101.12,101.2,100.2,100.51,98703.378
2026-09-03 04:00:00,100.52,100.99,100.08,100.98,73346.827
2026-09-03 05:00:00,100.99,101.04,99.72,100.87,94308.088
2026-09-03 06:00:00,100.88,101.0,100.59,100.89,57088.876
2026-09-03 07:00:00,100.9,101.39,100.28,100.41,116054.685
2026-09-03 08:00:00,100.41,101.13,100.39,100.63,65233.581
2026-09-03 09:00:00,100.64,100.8,100.12,100.17,63455.4
2026-09-03 10:00:00,100.16,100.49,99.93,100.44,68195.664
2026-09-03 11:00:00,100.44,100.99,100.33,100.81,74362.132
2026-09-03 12:00:00,100.8,101.84,100.63,101.67,133979.258
2026-09-03 13:00:00,101.68,102.02,101.11,101.49,116783.93
2026-09-03 14:00:00,101.49,104.86,101.25,104.81,342577.039
2026-09-03 15:00:00,104.81,105.66,103.78,105.17,396468.639
2026-09-03 16:00:00,105.17,105.19,103.85,104.56,188619.873
2026-09-03 17:00:00,104.57,105.21,104.4,105.1,114106.43
2026-09-03 18:00:00,105.1,105.28,104.63,105.22,79121.558
2026-09-03 19:00:00,105.22,105.91,105.05,105.28,108680.491
2026-09-03 20:00:00,105.29,105.47,104.76,104.91,82867.222
2026-09-03 21:00:00,104.91,105.72,104.77,105.2,103597.554
2026-09-03 22:00:00,105.19,105.32,103.66,104.15,106963.235
2026-09-03 23:00:00,104.15,104.24,103.83,103.94,74076.849
2026-09-04 00:00:00,103.95,104.33,103.44,103.48,141730.461
2026-09-04 01:00:00,103.49,103.87,103.24,103.81,78984.178
2026-09-04 02:00:00,103.81,103.82,103.34,103.79,59957.262
2026-09-04 03:00:00,103.79,104.14,103.71,103.72,38415.002
2026-09-04 04:00:00,103.72,104.37,103.6,103.91,64013.445
2026-09-04 05:00:00,103.9,104.06,103.46,103.71,56802.352
2026-09-04 06:00:00,103.7,104.06,103.34,103.62,48552.648
2026-09-04 07:00:00,103.62,104.05,103.55,103.6,121737.287
2026-09-04 08:00:00,103.61,104.51,103.21,104.39,155736.696
2026-09-04 09:00:00,104.39,104.79,103.97,104.06,122308.138
2026-09-04 10:00:00,104.07,104.15,103.56,104.14,66778.846
2026-09-04 11:00:00,104.14,104.51,103.96,104.09,67812.525
2026-09-04 12:00:00,104.09,104.45,100.21,101.59,462417.009
2026-09-04 13:00:00,101.58,102.28,101.03,101.67,190180.247
2026-09-04 14:00:00,101.67,101.82,100.31,100.81,148398.405
2026-09-04 15:00:00,100.8,101.68,100.67,101.46,100451.625
2026-09-04 16:00:00,101.45,102.09,101.35,101.83,50028.21
2026-09-04 17:00:00,101.83,101.86,101.08,101.24,58038.854
2026-09-04 18:00:00,101.25,101.7,101.22,101.65,37806.9
2026-09-04 19:00:00,101.66,101.96,101.63,101.69,47045.012
2026-09-04 20:00:00,101.7,101.87,101.62,101.76,40053.61
2026-09-04 21:00:00,101.76,101.94,101.47,101.57,43925.27
2026-09-04 22:00:00,101.58,101.87,101.57,101.74,28379.291
2026-09-04 23:00:00,101.74,101.98,101.66,101.93,17269.23
2026-09-05 00:00:00,101.93,102.01,101.72,101.81,42522.401
2026-09-05 01:00:00,101.82,102.2,101.74,101.87,53509.424
2026-09-05 02:00:00,101.86,101.99,101.7,101.98,45310.328
2026-09-05 03:00:00,101.98,102.02,101.76,101.89,27067.526
2026-09-05 04:00:00,101.89,101.94,101.7,101.75,47838.336
2026-09-05 05:00:00,101.76,101.94,101.6,101.86,41749.829
2026-09-05 06:00:00,101.87,102.4,101.82,102.29,43250.33
2026-09-05 07:00:00,102.29,102.62,102.17,102.23,60737.548
2026-09-05 08:00:00,102.22,102.6,102.11,102.59,58928.19
2026-09-05 09:00:00,102.58,102.82,102.52,102.55,39442.007
2026-09-05 10:00:00,102.55,102.71,102.39,102.51,39026.594
2026-09-05 11:00:00,102.52,102.58,102.22,102.35,43905.924
2026-09-05 12:00:00,102.34,103.24,102.29,103.23,86704.395
2026-09-05 13:00:00,103.23,103.43,102.56,102.65,139711.869
2026-09-05 14:00:00,102.65,102.96,102.64,102.87,110661.706
2026-09-05 15:00:00,102.86,102.99,102.64,102.95,71493.776
2026-09-05 16:00:00,102.95,103.53,102.79,103.4,133833.153
2026-09-05 17:00:00,103.4,104.31,103.28,104.22,173418.299
2026-09-05 18:00:00,104.23,104.37,103.74,103.92,52784.423
2026-09-05 19:00:00,103.92,103.97,103.22,103.41,59095.032
2026-09-05 20:00:00,103.4,103.62,103.13,103.23,64766.129
2026-09-05 21:00:00,103.23,103.99,103.22,103.73,39294.28
2026-09-05 22:00:00,103.74,103.87,103.22,103.38,43961.254
2026-09-05 23:00:00,103.38,103.39,102.94,103.18,48762.751
2026-09-06 00:00:00,103.18,103.52,103.17,103.31,44511.726
2026-09-06 01:00:00,103.3,104.21,103.26,104.05,92040.985
2026-09-06 02:00:00,104.05,104.74,103.88,104.36,79559.857
2026-09-06 03:00:00,104.37,107.07,104.35,105.95,275790.096
2026-09-06 04:00:00,105.95,106.36,105.59,105.75,112938.122
2026-09-06 05:00:00,105.74,106.83,105.48,106.44,109315.876
2026-09-06 06:00:00,106.44,106.45,105.32,105.37,96786.358
2026-09-06 07:00:00,105.37,105.57,104.69,105.23,120337.027
2026-09-06 08:00:00,105.24,105.41,105.0,105.2,67404.833
2026-09-06 09:00:00,105.2,107.3,105.18,106.5,287147.836
2026-09-06 10:00:00,106.49,106.94,106.37,106.65,140386.835
2026-09-06 11:00:00,106.66,106.73,106.27,106.47,66755.526
2026-09-06 12:00:00,106.46,107.36,106.37,106.81,138565.378
2026-09-06 13:00:00,106.81,107.17,105.92,107.08,157367.207
2026-09-06 14:00:00,107.09,107.12,105.17,105.74,204032.697
2026-09-06 15:00:00,105.74,105.99,104.93,105.76,126276.024
2026-09-06 16:00:00,105.75,106.38,105.49,106.09,79216.305
2026-09-06 17:00:00,106.09,106.44,105.57,106.19,82219.664
2026-09-06 18:00:00,106.2,106.59,105.85,105.98,61540.745
2026-09-06 19:00:00,105.98,105.99,105.36,105.48,58327.191
2026-09-06 20:00:00,105.49,105.87,105.36,105.73,54695.562
2026-09-06 21:00:00,105.73,106.25,105.73,105.93,53505.66
2026-09-06 22:00:00,105.93,106.04,104.97,105.85,89941.839
2026-09-06 23:00:00,105.86,106.77,105.81,106.55,93587.571
2026-09-07 00:00:00,106.55,106.65,105.89,106.16,107983.365
2026-09-07 01:00:00,106.16,106.35,105.06,105.32,96919.132
2026-09-07 02:00:00,105.33,107.06,104.93,105.8,136671.396
2026-09-07 03:00:00,105.8,105.9,104.93,104.95,120130.817
2026-09-07 04:00:00,104.95,105.3,104.75,105.09,112469.264
2026-09-07 05:00:00,105.09,105.83,105.05,105.12,84038.373
2026-09-07 06:00:00,105.13,105.4,104.87,105.08,83555.899
2026-09-07 07:00:00,105.08,105.54,103.8,104.48,189914.191
2026-09-07 08:00:00,104.48,104.9,104.41,104.71,93508.048
2026-09-07 09:00:00,104.7,105.18,104.6,104.66,102739.606
2026-09-07 10:00:00,104.67,105.15,104.66,105.01,57899.926
2026-09-07 11:00:00,105.01,105.14,104.74,104.92,56852.887
2026-09-07 12:00:00,104.93,105.93,104.9,105.74,80493.064
2026-09-07 13:00:00,105.74,105.84,104.83,105.09,92086.861
2026-09-07 14:00:00,105.08,105.19,104.03,104.66,142432.882
2026-09-07 15:00:00,104.66,104.67,102.96,103.26,171681.869
2026-09-07 16:00:00,103.27,103.88,103.21,103.88,57530.61
2026-09-07 17:00:00,103.87,104.25,103.8,104.0,54107.307
2026-09-07 18:00:00,104.0,104.09,103.58,103.91,70306.466
2026-09-07 19:00:00,103.91,104.43,103.81,104.35,39785.068
2026-09-07 20:00:00,104.36,104.41,103.92,104.1,52995.713
2026-09-07 21:00:00,104.1,104.16,103.8,103.91,39207.065
2026-09-07 22:00:00,103.91,104.07,103.18,103.55,74062.055
2026-09-07 23:00:00,103.54,104.04,103.5,103.8,78949.973
2026-09-08 00:00:00,103.81,104.16,103.45,104.09,72379.6
2026-09-08 01:00:00,104.09,104.43,104.01,104.39,75150.027
2026-09-08 02:00:00,104.4,104.53,103.29,103.3,83035.415
2026-09-08 03:00:00,103.29,103.45,102.74,103.36,116641.988
2026-09-08 04:00:00,103.36,103.46,103.0,103.0,62233.439
2026-09-08 05:00:00,103.01,103.51,102.89,102.96,103270.613
2026-09-08 06:00:00,102.97,103.1,102.44,102.68,125172.149
2026-09-08 07:00:00,102.69,103.14,102.61,102.95,69437.376
2026-09-08 08:00:00,102.95,103.5,102.49,103.05,75495.41
2026-09-08 09:00:00,103.04,103.85,102.93,103.69,73487.897
2026-09-08 10:00:00,103.7,104.09,103.39,103.39,73114.017
2026-09-08 11:00:00,103.4,103.46,102.66,102.87,77338.621
2026-09-08 12:00:00,102.88,103.33,102.5,103.09,68763.198
2026-09-08 13:00:00,103.09,103.17,101.72,102.69,135205.652
2026-09-08 14:00:00,102.68,103.44,102.45,103.33,111004.932
2026-09-08 15:00:00,103.33,104.39,103.24,104.31,106447.859
2026-09-08 16:00:00,104.3,104.83,103.6,104.2,118761.938
2026-09-08 17:00:00,104.2,104.44,103.69,103.7,63750.52
2026-09-08 18:00:00,103.71,104.49,103.19,103.38,82572.782
2026-09-08 19:00:00,103.38,103.61,102.89,103.24,88615.176
2026-09-08 20:00:00,103.24,103.8,103.06,103.09,47274.285
2026-09-08 21:00:00,103.1,103.36,102.82,103.02,52846.493
2026-09-08 22:00:00,103.02,103.46,102.97,103.42,37665.239
2026-09-08 23:00:00,103.42,103.6,103.27,103.37,36720.354
2026-09-09 00:00:00,103.37,103.88,103.35,103.78,47982.088
2026-09-09 01:00:00,103.78,103.94,103.38,103.79,52764.767
2026-09-09 02:00:00,103.79,104.02,103.34,103.47,55126.026
2026-09-09 03:00:00,103.47,103.51,102.92,103.3,68852.001
2026-09-09 04:00:00,103.31,104.43,103.3,104.41,102859.458
2026-09-09 05:00:00,104.42,104.71,103.75,104.1,101876.245
2026-09-09 06:00:00,104.1,104.78,104.0,104.54,44016.446
2026-09-09 07:00:00,104.54,105.2,104.49,104.58,80895.128
2026-09-09 08:00:00,104.58,105.05,104.56,104.82,58960.117
2026-09-09 09:00:00,104.83,104.86,103.46,103.5,95137.092
2026-09-09 10:00:00,103.5,104.08,103.47,103.79,77803.167
2026-09-09 11:00:00,103.79,104.31,103.3,104.25,79886.782
2026-09-09 12:00:00,104.25,104.83,104.11,104.67,104650.287
2026-09-09 13:00:00,104.68,104.7,103.54,103.8,94524.891
2026-09-09 14:00:00,103.81,104.19,103.36,103.49,123337.001
2026-09-09 15:00:00,103.49,104.11,102.07,103.08,241657.539
2026-09-09 16:00:00,103.08,103.52,102.76,103.39,78472.686
2026-09-09 17:00:00,103.4,103.83,103.23,103.54,53304.811
2026-09-09 18:00:00,103.55,103.74,103.22,103.27,64718.265
2026-09-09 19:00:00,103.28,103.39,102.16,102.35,70334.307
2026-09-09 20:00:00,102.34,102.68,101.85,102.58,105954.956
2026-09-09 21:00:00,102.58,102.63,101.84,102.1,99554.084
2026-09-09 22:00:00,102.1,102.2,100.33,100.82,179248.937
2026-09-09 23:00:00,100.82,101.78,100.75,101.57,70522.605
2026-09-10 00:00:00,101.57,101.72,100.95,101.01,76657.47
2026-09-10 01:00:00,101.0,101.75,100.5,101.06,94257.686
2026-09-10 02:00:00,101.07,101.9,101.0,101.9,45232.101
2026-09-10 03:00:00,101.9,102.07,101.66,101.83,76919.943
2026-09-10 04:00:00,101.83,102.19,101.8,101.98,47399.542
2026-09-10 05:00:00,101.97,102.19,101.64,102.11,52373.391
2026-09-10 06:00:00,102.11,102.13,101.4,101.95,33036.69
2026-09-10 07:00:00,101.95,101.95,100.83,101.31,93226.694
2026-09-10 08:00:00,101.3,101.41,101.02,101.17,101598.566
2026-09-10 09:00:00,101.17,101.42,100.81,101.13,71011.29
2026-09-10 10:00:00,101.13,101.39,100.85,101.06,57733.978
2026-09-10 11:00:00,101.06,101.54,100.82,101.01,86145.614
2026-09-10 12:00:00,101.0,101.49,98.5,98.94,369265.553
2026-09-10 13:00:00,98.94,99.85,98.88,99.74,184767.781
2026-09-10 14:00:00,99.75,100.37,99.27,100.21,95709.708
2026-09-10 15:00:00,100.2,100.22,99.44,99.74,77777.118
2026-09-10 16:00:00,99.74,99.91,98.84,99.68,84132.442
2026-09-10 17:00:00,99.69,100.46,99.56,99.97,81329.046
2026-09-10 18:00:00,99.97,99.99,99.23,99.93,61455.776
2026-09-10 19:00:00,99.92,100.12,99.6,99.69,61127.701
2026-09-10 20:00:00,99.69,100.14,99.63,100.05,26756.68
2026-09-10 21:00:00,100.05,100.15,99.78,99.82,24703.582
2026-09-10 22:00:00,99.83,100.11,99.26,99.27,38310.835
2026-09-10 23:00:00,99.27,99.39,98.6,98.67,76979.646
2026-09-11 00:00:00,98.67,99.42,98.6,99.16,83134.338
2026-09-11 01:00:00,99.17,99.51,98.72,99.46,68233.334
2026-09-11 02:00:00,99.45,99.53,99.06,99.31,58363.818
2026-09-11 03:00:00,99.3,99.48,98.95,99.31,62238.93
2026-09-11 04:00:00,99.32,99.97,99.24,99.68,71948.299
2026-09-11 05:00:00,99.69,99.91,99.56,99.9,54072.236
2026-09-11 06:00:00,99.9,100.0,99.54,99.82,48388.289
2026-09-11 07:00:00,99.82,100.13,99.71,99.75,56774.337
2026-09-11 08:00:00,99.75,100.29,99.49,99.93,50981.032
2026-09-11 09:00:00,99.93,99.96,99.01,99.4,52132.088
2026-09-11 10:00:00,99.4,99.74,99.18,99.18,66961.686
2026-09-11 11:00:00,99.18,99.6,98.6,99.49,101447.314
2026-09-11 12:00:00,99.49,101.85,98.0,101.69,453811.033
2026-09-11 13:00:00,101.69,104.92,100.61,104.88,444751.732
2026-09-11 14:00:00,104.88,105.8,102.86,103.28,468908.951
2026-09-11 15:00:00,103.29,103.6,101.25,101.61,221717.727
2026-09-11 16:00:00,101.6,102.4,101.31,102.33,153060.49
2026-09-11 17:00:00,102.33,102.48,101.82,101.96,70654.661
2026-09-11 18:00:00,101.96,102.04,100.38,101.09,199665.011
2026-09-11 19:00:00,101.09,102.15,100.81,102.02,82981.202
2026-09-11 20:00:00,102.02,102.98,102.0,102.47,120223.504
2026-09-11 21:00:00,102.48,103.1,102.05,102.09,64583.667
2026-09-11 22:00:00,102.09,102.48,101.54,101.88,136240.349
2026-09-11 23:00:00,101.87,102.49,101.79,102.46,57121.099
2026-09-12 00:00:00,102.45,102.59,101.79,101.93,57049.556
2026-09-12 01:00:00,101.93,102.24,101.85,102.0,49010.712
2026-09-12 02:00:00,102.0,102.06,101.64,101.86,64300.511
2026-09-12 03:00:00,101.87,101.93,101.44,101.64,48635.096
2026-09-12 04:00:00,101.65,101.9,101.55,101.59,29290.644
2026-09-12 05:00:00,101.59,101.73,101.41,101.65,42423.887
2026-09-12 06:00:00,101.64,101.89,101.48,101.68,43259.782
2026-09-12 07:00:00,101.69,101.94,101.61,101.66,46160.582
2026-09-12 08:00:00,101.66,101.88,101.56,101.83,50017.715
2026-09-12 09:00:00,101.84,102.23,101.76,102.02,64028.712
2026-09-12 10:00:00,102.02,102.26,101.96,102.14,36965.28
2026-09-12 11:00:00,102.14,102.24,101.99,102.13,34483.078
2026-09-12 12:00:00,102.14,102.42,101.95,102.06,63444.858
2026-09-12 13:00:00,102.06,102.23,101.77,101.99,62576.476
2026-09-12 14:00:00,102.0,102.13,101.89,102.0,44942.326
2026-09-12 15:00:00,102.01,102.16,101.88,102.06,56554.354
2026-09-12 16:00:00,102.06,102.12,101.94,102.08,30493.838
2026-09-12 17:00:00,102.08,102.16,101.96,101.97,24250.752
2026-09-12 18:00:00,101.97,101.98,101.56,101.64,53263.28
2026-09-12 19:00:00,101.65,101.71,101.23,101.27,49720.393
2026-09-12 20:00:00,101.28,101.57,101.25,101.37,29754.424
2026-09-12 21:00:00,101.37,101.64,101.35,101.47,30255.413
2026-09-12 22:00:00,101.47,101.8,101.4,101.68,57255.941
2026-09-12 23:00:00,101.68,101.9,101.64,101.76,30514.284
2026-09-13 00:00:00,101.77,101.78,101.55,101.74,27385.926
2026-09-13 01:00:00,101.74,102.33,101.73,102.28,67341.707
2026-09-13 02:00:00,102.29,102.34,101.77,101.89,56987.734
2026-09-13 03:00:00,101.9,102.06,101.55,101.63,41041.657
2026-09-13 04:00:00,101.63,101.81,101.53,101.72,26826.317
2026-09-13 05:00:00,101.72,101.93,101.69,101.82,34946.672
2026-09-13 06:00:00,101.81,101.82,101.09,101.25,31569.748
2026-09-13 07:00:00,101.25,101.4,100.67,100.72,81423.356
2026-09-13 08:00:00,100.72,100.87,99.92,100.01,113497.111
2026-09-13 09:00:00,100.01,100.2,99.42,99.87,87571.539
2026-09-13 10:00:00,99.86,99.91,99.42,99.57,44318.83
2026-09-13 11:00:00,99.57,99.87,99.45,99.83,43013.636
2026-09-13 12:00:00,99.83,99.83,99.54,99.71,47305.66
2026-09-13 13:00:00,99.71,100.21,99.43,100.11,46015.927
2026-09-13 14:00:00,100.11,100.89,100.11,100.67,68353.831
2026-09-13 15:00:00,100.67,100.69,100.18,100.26,44114.167
2026-09-13 16:00:00,100.26,101.0,100.25,100.82,63634.672
2026-09-13 17:00:00,100.82,101.23,100.81,101.01,43575.901
2026-09-13 18:00:00,101.0,101.3,100.96,101.19,43656.034
2026-09-13 19:00:00,101.19,101.33,100.85,100.97,40831.688
2026-09-13 20:00:00,100.97,101.52,100.97,101.48,31248.308
2026-09-13 21:00:00,101.48,101.62,101.2,101.36,63326.085
2026-09-13 22:00:00,101.35,101.35,99.38,99.74,154573.2
2026-09-13 23:00:00,99.75,100.02,99.19,99.3,79442.698
2026-09-14 00:00:00,99.31,99.93,99.0,99.66,67234.129
2026-09-14 01:00:00,99.65,100.22,99.18,100.18,64927.832
2026-09-14 02:00:00,100.17,101.07,99.97,101.01,81196.851
2026-09-14 03:00:00,101.01,101.34,100.79,100.98,77660.869
2026-09-14 04:00:00,100.99,101.38,100.88,101.17,66306.389
2026-09-14 05:00:00,101.18,101.23,100.93,101.12,29346.357
2026-09-14 06:00:00,101.12,102.0,101.09,101.55,92141.05
2026-09-14 07:00:00,101.55,101.74,101.43,101.61,50503.691
2026-09-14 08:00:00,101.61,101.83,101.32,101.49,74020.327
2026-09-14 09:00:00,101.49,102.34,101.24,101.94,109756.188
2026-09-14 10:00:00,101.95,102.02,101.69,101.78,65183.716
2026-09-14 11:00:00,101.79,101.92,101.31,101.38,81049.493
2026-09-14 12:00:00,101.38,101.99,101.21,101.39,68171.732
2026-09-14 13:00:00,101.38,101.91,100.67,101.37,139598.698
2026-09-14 14:00:00,101.36,102.0,101.19,101.63,110276.595
2026-09-14 15:00:00,101.64,102.28,101.35,101.97,128709.026
2026-09-14 16:00:00,101.96,102.87,101.86,102.6,133272.981
2026-09-14 17:00:00,102.6,103.3,102.52,103.06,98374.472
2026-09-14 18:00:00,103.06,103.85,102.92,103.62,147834.419
2026-09-14 19:00:00,103.63,103.63,102.95,103.25,85510.867
2026-09-14 20:00:00,103.26,104.82,103.19,103.98,179652.258
2026-09-14 21:00:00,103.99,104.03,103.07,103.21,126036.335
2026-09-14 22:00:00,103.21,103.58,102.79,102.88,83368.785
2026-09-14 23:00:00,102.88,103.01,102.43,102.53,42545.436
2026-09-15 00:00:00,102.54,102.86,102.37,102.46,63932.946
2026-09-15 01:00:00,102.47,102.6,102.15,102.27,66678.81
2026-09-15 02:00:00,102.27,102.41,101.98,101.98,45823.783
2026-09-15 03:00:00,101.98,101.99,101.19,101.55,79881.473
2026-09-15 04:00:00,101.55,101.72,101.17,101.28,67378.667
2026-09-15 05:00:00,101.28,101.4,100.57,101.33,112365.041
2026-09-15 06:00:00,101.34,101.59,100.74,100.9,62824.447
2026-09-15 07:00:00,100.9,101.05,100.35,100.44,78063.703
2026-09-15 08:00:00,100.44,100.73,100.08,100.65,112436.708
2026-09-15 09:00:00,100.66,101.1,100.52,100.82,58773.051
2026-09-15 10:00:00,100.82,101.11,100.68,100.98,68568.622
2026-09-15 11:00:00,100.98,101.03,100.43,100.86,71378.819
2026-09-15 12:00:00,100.86,101.21,100.82,101.0,121476.932
2026-09-15 13:00:00,101.0,101.39,99.74,100.58,176032.45
2026-09-15 14:00:00,100.57,100.76,98.02,98.87,242297.673
2026-09-15 15:00:00,98.88,99.77,98.56,99.36,144828.004
2026-09-15 16:00:00,99.37,99.46,98.9,99.11,49378.713
2026-09-15 17:00:00,99.1,100.71,98.69,100.21,111119.173
2026-09-15 18:00:00,100.21,100.34,95.82,98.2,468878.942
2026-09-15 19:00:00,98.19,98.67,97.51,97.9,212722.488
2026-09-15 20:00:00,97.9,98.09,96.67,97.45,115496.398
2026-09-15 21:00:00,97.44,97.44,96.54,96.55,78057.401
2026-09-15 22:00:00,96.55,97.31,96.31,97.16,120463.268
2026-09-15 23:00:00,97.16,97.68,96.87,96.88,94648.79
2026-09-16 00:00:00,96.88,97.32,96.84,97.08,86099.601
2026-09-16 01:00:00,97.08,97.31,96.38,96.49,78031.252
2026-09-16 02:00:00,96.5,97.6,96.45,97.25,80381.308
2026-09-16 03:00:00,97.25,97.59,97.04,97.25,64248.578
2026-09-16 04:00:00,97.26,97.73,97.16,97.27,77731.962
2026-09-16 05:00:00,97.27,97.32,96.87,97.23,75660.628
2026-09-16 06:00:00,97.23,97.43,96.89,97.41,42389.451
2026-09-16 07:00:00,97.41,97.54,96.93,96.98,69381.877
2026-09-16 08:00:00,96.97,97.03,96.41,97.02,83352.38
2026-09-16 09:00:00,97.02,97.35,97.02,97.32,70693.565
2026-09-16 10:00:00,97.31,97.38,97.13,97.31,57155.46
2026-09-16 11:00:00,97.31,98.32,97.04,98.02,100944.358
2026-09-16 12:00:00,98.02,98.12,97.19,97.59,76011.51
2026-09-16 13:00:00,97.58,97.65,96.87,97.18,117471.703
2026-09-16 14:00:00,97.18,97.29,96.65,97.04,127250.351
2026-09-16 15:00:00,97.05,97.6,96.85,97.1,69753.914
2026-09-16 16:00:00,97.11,97.52,96.96,97.24,44461.871
2026-09-16 17:00:00,97.23,97.38,96.09,97.03,113485.893
2026-09-16 18:00:00,97.03,98.94,96.28,97.84,429209.546
2026-09-16 19:00:00,97.84,98.74,96.91,98.08,174009.556
2026-09-16 20:00:00,98.08,98.9,98.02,98.71,101498.286
2026-09-16 21:00:00,98.71,98.81,98.12,98.39,39000.73
2026-09-16 22:00:00,98.4,98.44,97.38,97.49,71080.03
2026-09-16 23:00:00,97.49,98.85,97.39,98.66,92969.584
2026-09-17 00:00:00,98.66,99.2,98.47,98.71,67243.876
2026-09-17 01:00:00,98.71,99.64,98.47,99.25,91301.702
2026-09-17 02:00:00,99.26,99.74,98.83,99.37,65637.288
2026-09-17 03:00:00,99.37,100.04,99.37,99.95,83027.504
2026-09-17 04:00:00,99.96,100.0,99.11,99.92,72972.046
2026-09-17 05:00:00,99.91,100.11,99.5,99.56,76420.721
2026-09-17 06:00:00,99.56,99.99,99.48,99.74,52115.018
2026-09-17 07:00:00,99.75,100.36,99.72,100.03,83950.779
2026-09-17 08:00:00,100.03,100.34,99.88,100.33,58896.472
2026-09-17 09:00:00,100.34,100.89,100.17,100.24,99549.171
2026-09-17 10:00:00,100.24,100.26,99.57,99.85,87583.285
2026-09-17 11:00:00,99.86,100.25,99.53,100.13,67977.676
2026-09-17 12:00:00,100.13,101.45,100.07,100.74,152765.629
2026-09-17 13:00:00,100.74,101.0,99.66,100.75,141317.055
2026-09-17 14:00:00,100.75,101.8,100.08,101.07,179479.845
2026-09-17 15:00:00,101.08,101.34,100.25,101.29,107242.011
2026-09-17 16:00:00,101.28,101.51,100.71,101.39,99392.165
2026-09-17 17:00:00,101.4,102.05,101.2,101.52,149635.679
2026-09-17 18:00:00,101.52,101.63,100.84,100.85,53734.433
2026-09-17 19:00:00,100.84,101.1,100.69,100.96,49857.76
2026-09-17 20:00:00,100.97,101.38,100.89,101.29,47014.002
2026-09-17 21:00:00,101.3,101.46,101.09,101.14,65420.186
2026-09-17 22:00:00,101.14,101.53,100.77,101.44,98797.159
2026-09-17 23:00:00,101.44,101.76,101.34,101.64,87820.644
2026-09-18 00:00:00,101.63,101.71,100.9,101.42,92734.963
2026-09-18 01:00:00,101.41,102.88,101.4,102.48,139318.188
2026-09-18 02:00:00,102.49,102.91,102.18,102.76,109355.897
2026-09-18 03:00:00,102.76,105.09,102.67,104.59,313116.126
2026-09-18 04:00:00,104.6,105.92,104.42,105.82,236773.625
2026-09-18 05:00:00,105.82,106.12,105.33,105.37,237016.11
2026-09-18 06:00:00,105.36,105.84,105.32,105.57,135761.465
2026-09-18 07:00:00,105.57,106.1,105.45,105.78,149781.946
2026-09-18 08:00:00,105.78,106.38,105.29,106.31,160609.543
2026-09-18 09:00:00,106.3,106.6,105.93,106.42,127530.265
2026-09-18 10:00:00,106.42,106.67,106.26,106.28,95030.73
2026-09-18 11:00:00,106.27,106.4,105.36,105.74,176497.435
2026-09-18 12:00:00,105.74,106.13,105.36,105.79,113889.562
2026-09-18 13:00:00,105.78,109.39,105.45,108.54,420804.966
2026-09-18 14:00:00,108.53,110.99,108.39,110.76,548120.541
2026-09-18 15:00:00,110.76,111.59,109.28,111.15,412083.926
2026-09-18 16:00:00,111.15,112.3,111.01,111.7,266562.9
2026-09-18 17:00:00,111.7,112.74,111.39,112.62,178975.339
2026-09-18 18:00:00,112.62,112.9,112.04,112.18,127065.528
2026-09-18 19:00:00,112.18,114.32,112.18,114.23,221417.23
2026-09-18 20:00:00,114.22,114.23,113.12,113.5,144188.089
2026-09-18 21:00:00,113.51,113.79,113.06,113.19,85652.919
2026-09-18 22:00:00,113.19,113.6,112.76,113.19,115291.197
2026-09-18 23:00:00,113.18,113.48,112.51,112.72,103415.678
2026-09-19 00:00:00,112.72,113.78,112.33,113.66,118595.588
2026-09-19 01:00:00,113.67,114.09,112.88,113.43,105647.28
2026-09-19 02:00:00,113.43,113.85,113.33,113.62,71953.338
2026-09-19 03:00:00,113.61,113.84,113.12,113.25,49685.719
2026-09-19 04:00:00,113.24,113.44,112.0,112.37,108853.993
2026-09-19 05:00:00,112.36,112.98,111.83,111.92,68716.932
2026-09-19 06:00:00,111.92,112.06,111.18,111.86,96843.98
2026-09-19 07:00:00,111.86,112.24,111.59,111.61,61011.948
2026-09-19 08:00:00,111.61,112.48,111.53,112.26,73634.869
2026-09-19 09:00:00,112.27,112.5,111.47,111.84,64077.29
2026-09-19 10:00:00,111.84,112.14,111.63,111.63,61718.87
2026-09-19 11:00:00,111.64,112.09,111.61,111.9,58324.155
2026-09-19 12:00:00,111.89,112.06,111.63,111.79,82334.032
2026-09-19 13:00:00,111.79,111.85,111.29,111.62,90345.548
2026-09-19 14:00:00,111.63,112.21,111.47,111.79,95084.416
2026-09-19 15:00:00,111.79,112.15,111.5,111.64,97544.662
2026-09-19 16:00:00,111.65,112.02,111.23,112.0,86630.361
2026-09-19 17:00:00,112.0,112.46,111.35,111.4,88422.039
2026-09-19 18:00:00,111.4,111.65,110.68,111.15,129596.316
2026-09-19 19:00:00,111.15,111.61,110.76,111.18,104464.731
2026-09-19 20:00:00,111.17,111.37,110.97,111.12,58867.852
2026-09-19 21:00:00,111.12,111.3,110.16,110.54,105050.769
2026-09-19 22:00:00,110.54,110.78,110.08,110.67,76867.2
2026-09-19 23:00:00,110.67,111.22,110.63,111.06,55286.694
2026-09-20 00:00:00,111.06,111.17,110.62,110.95,50910.085
2026-09-20 01:00:00,110.95,110.98,109.72,110.16,88619.788
2026-09-20 02:00:00,110.17,110.52,107.4,107.67,223837.872
2026-09-20 03:00:00,107.66,109.11,107.4,108.89,139427.803
2026-09-20 04:00:00,108.9,109.23,108.65,109.03,59004.105
2026-09-20 05:00:00,109.04,109.26,108.61,108.77,72292.611
2026-09-20 06:00:00,108.76,108.91,108.1,108.46,84936.083
2026-09-20 07:00:00,108.46,108.82,108.46,108.47,52286.767
2026-09-20 08:00:00,108.47,108.71,107.71,108.08,101464.637
2026-09-20 09:00:00,108.08,108.85,108.06,108.31,50902.567
2026-09-20 10:00:00,108.31,108.43,107.91,108.04,51063.239
2026-09-20 11:00:00,108.03,108.68,107.93,108.48,73240.227
2026-09-20 12:00:00,108.48,108.86,108.14,108.41,64948.83
2026-09-20 13:00:00,108.41,108.6,107.94,108.23,62153.868
2026-09-20 14:00:00,108.22,108.65,107.95,108.14,72790.846
2026-09-20 15:00:00,108.14,108.85,108.06,108.82,152325.573
2026-09-20 16:00:00,108.81,110.69,108.51,110.33,286239.127
2026-09-20 17:00:00,110.33,110.58,109.5,109.92,138605.91
2026-09-20 18:00:00,109.92,110.35,109.14,109.4,108889.6
2026-09-20 19:00:00,109.41,110.85,109.35,110.45,117366.771
2026-09-20 20:00:00,110.45,110.65,110.09,110.13,70426.419
2026-09-20 21:00:00,110.12,110.13,109.01,109.88,110592.018
2026-09-20 22:00:00,109.89,111.06,109.6,111.03,82396.077
2026-09-20 23:00:00,111.02,111.46,110.58,111.17,111118.401
2026-09-21 00:00:00,111.17,112.92,111.16,112.32,210548.762
2026-09-21 01:00:00,112.32,113.42,110.74,110.96,184893.343
2026-09-21 02:00:00,110.96,112.0,110.69,111.22,111506.633
2026-09-21 03:00:00,111.22,111.93,111.18,111.58,70675.171
2026-09-21 04:00:00,111.58,111.83,111.05,111.48,86603.859
2026-09-21 05:00:00,111.47,112.23,111.26,111.76,101411.8
2026-09-21 06:00:00,111.76,112.57,111.52,112.19,128388.499
2026-09-21 07:00:00,112.18,112.4,111.35,112.11,97317.147
2026-09-21 08:00:00,112.11,116.39,112.07,115.32,456256.129
2026-09-21 09:00:00,115.31,116.85,114.95,115.93,360704.867
2026-09-21 10:00:00,115.93,116.12,115.49,116.01,201640.809
2026-09-21 11:00:00,116.01,117.18,115.84,116.8,191478.185
2026-09-21 12:00:00,116.8,117.13,116.2,116.82,187795.764
2026-09-21 13:00:00,116.81,118.41,116.7,118.06,385769.35
2026-09-21 14:00:00,118.05,118.9,117.34,118.05,366548.147
2026-09-21 15:00:00,118.04,119.15,117.36,117.94,346991.73
2026-09-21 16:00:00,117.94,118.33,116.76,117.51,212800.033
2026-09-21 17:00:00,117.52,117.93,116.68,117.2,139840.114
2026-09-21 18:00:00,117.19,117.86,116.86,117.73,88721.798
2026-09-21 19:00:00,117.73,118.48,117.27,118.36,124767.023
2026-09-21 20:00:00,118.37,119.5,118.21,119.19,200124.826
2026-09-21 21:00:00,119.19,119.99,118.67,119.35,132662.867
