symbol,base_candidate_id,policy_id,classification,parameter_stability,validation_sharpe,validation_return_pct,oos_sharpe,oos_return_pct,oos_max_drawdown_pct,walk_forward_median_sharpe,stress_median_sharpe,stress_profitable_pct,partial_event_rate_pct,robust_advantage,trades
BTC/USDT,breakout_atr_60_1.0,runner_25_25_50,NOT ROBUST,0.0,-0.47122569666108594,-9.286084335073742,0.2505082560859097,5.285460610704362,-15.118807331930029,0.5731423979079767,0.4461295804122354,65.5,66.40826873385012,False,126
BTC/USDT,breakout_atr_60_1.0,runner_33_33_34,NOT ROBUST,0.0,-0.6160193696968398,-10.501943290048732,0.2895100705013112,6.005571751451866,-13.691694804416333,0.5973035716184517,0.5103689431660576,69.5,66.40826873385012,False,126
BTC/USDT,breakout_atr_60_1.0,runner_50_50,NOT ROBUST,0.0,-0.4212840416511428,-8.429004048720968,0.30327826327803387,6.8258165517901315,-13.699454013274593,0.5627947840786484,0.5616732331286973,66.5,59.17312661498708,False,126
BTC/USDT,breakout_atr_60_1.0,runner_20_30_50,NOT ROBUST,0.0,-0.4451214560274435,-8.978687890734193,0.2765139136217981,6.118658498245733,-14.85016416992514,0.583149636920532,0.45882676736987826,65.5,66.40826873385012,False,126
BTC/USDT,breakout_atr_60_1.0,partial_breakeven,POTENTIALLY ROBUST,0.0,-0.17906356604759935,-4.128738909211782,0.1619670781049169,2.5841335864084547,-16.131544325196646,0.6339947136617028,0.459795255427786,68.5,66.40826873385012,False,126
BTC/USDT,breakout_atr_60_1.0,partial_atr_trailing,NOT ROBUST,0.0,-0.5920966620145675,-10.863067221513557,0.37545661184606133,8.750809130489735,-15.577427938051347,0.7927909292908284,0.5480603759478478,74.0,66.40826873385012,False,126
BTC/USDT,breakout_atr_60_1.0,partial_chandelier,NOT ROBUST,0.0,-0.45073401153482173,-8.705109370782782,0.15476059226427674,2.44029535155319,-16.513160814070492,0.6409738924933122,0.48523282209809404,60.5,63.503649635036496,False,135
BTC/USDT,breakout_atr_60_1.0,partial_donchian_runner,NOT ROBUST,0.0,-0.4415200471457074,-8.783877778759352,0.21714331996482303,4.295690282716702,-15.390316857052621,0.5533950177722455,0.4409083202590049,64.5,65.8974358974359,False,128
BTC/USDT,breakout_atr_60_1.0,partial_ema_runner,NOT ROBUST,0.0,-0.3545318457415095,-7.184359638981153,0.3146528380246445,7.006959743732222,-15.487668944789556,0.7687260726725077,0.5136233557546943,76.0,59.49074074074075,False,142
BTC/USDT,breakout_atr_60_1.0,atr_grid_0.5_1.0,NOT ROBUST,0.0,-0.8166858782317149,-13.833944616037797,-0.06314674281979613,-3.3103576916928446,-16.499113212008286,0.2734852635221613,0.23244188493588527,52.0,75.96899224806202,False,126
BTC/USDT,breakout_atr_60_1.0,atr_grid_1.0_2.0,NOT ROBUST,0.0,-0.47122569666108594,-9.286084335073742,0.2505082560859097,5.285460610704362,-15.118807331930029,0.5731423979079767,0.4461295804122354,65.5,66.40826873385012,False,126
BTC/USDT,breakout_atr_60_1.0,atr_grid_1.5_3.0,NOT ROBUST,0.0,-0.3995771192405177,-8.804517556067747,0.4237595560053279,11.238366944441736,-13.161070272750486,0.7359400193414354,0.6123718723059492,74.0,59.17312661498708,False,126
BTC/USDT,breakout_atr_60_1.0,atr_grid_2.0_4.0,NOT ROBUST,0.0,-0.36257875616742685,-8.6095988526801,0.3718103841070926,10.008942211386351,-16.526417236777903,0.7864992861939699,0.5852124813030681,73.0,50.90439276485789,False,126
BTC/USDT,breakout_atr_60_1.0,fixed_pct_0.005_0.010,NOT ROBUST,0.0,-0.8501313313031902,-14.391886268647857,-0.0364534088682804,-2.7031566696593123,-17.47592626230441,0.2536883315556559,0.11374164402490701,51.5,72.09302325581395,False,126
BTC/USDT,breakout_atr_60_1.0,fixed_pct_0.010_0.020,NOT ROBUST,0.0,-0.5095657536933723,-10.014956917736939,0.2907221294407421,6.574089227982505,-15.645234837423505,0.5970595348433354,0.42576023507206323,65.5,60.98191214470285,False,126
BTC/USDT,breakout_atr_60_1.0,vol_normalized_0.50_0.75,POTENTIALLY ROBUST,0.0,-0.1447493755348157,-5.796745111789692,0.15335037947336486,2.2888492172304264,-20.002889381199253,0.5081266891803099,0.37896463137917413,64.0,0.0,False,126
BTC/USDT,breakout_atr_60_1.0,vol_normalized_0.75_1.00,POTENTIALLY ROBUST,0.0,-0.1447493755348157,-5.796745111789692,0.15335037947336486,2.2888492172304264,-20.002889381199253,0.5081266891803099,0.37896463137917413,64.0,0.0,False,126
BTC/USDT,breakout_atr_60_1.0,atr_dynamic_0.50_1.00,NOT ROBUST,0.0,-0.577710509068649,-11.020006410217153,0.11642154206393954,1.37253388040397,-15.002918765715311,0.481027234925361,0.295966702955434,61.5,71.0594315245478,False,126
BTC/USDT,breakout_atr_60_1.0,atr_dynamic_0.75_1.00,NOT ROBUST,0.0,-0.5470597093966124,-10.979079614088661,0.16074905685628038,2.645958993151276,-13.405932567430344,0.4908656038979894,0.3296978819634296,62.0,64.59948320413437,False,126
ETH/USDT,breakout_atr_60_1.0,runner_25_25_50,POTENTIALLY ROBUST,1.0,1.0157094137026301,24.685656426592594,1.2622478482544022,60.50148699828624,-21.51273331381184,1.158741080901224,1.1930330446774238,100.0,71.84986595174263,False,108
ETH/USDT,breakout_atr_60_1.0,runner_33_33_34,NOT ROBUST,0.0,0.977681367673133,20.1948595463314,1.0704222379718091,42.239986207784995,-20.109288586474637,1.1474320480763716,1.0910093323642776,97.0,71.84986595174263,False,108
ETH/USDT,breakout_atr_60_1.0,runner_50_50,POTENTIALLY ROBUST,0.0,1.116453472455744,27.604205352751386,1.1622137181156669,54.13420091898375,-20.47076155284584,1.2030298477505734,1.2777016595404587,100.0,64.07506702412869,False,108
ETH/USDT,breakout_atr_60_1.0,runner_20_30_50,POTENTIALLY ROBUST,0.0,1.0165232859048576,25.056486661505815,1.2854981944250687,62.797623443598916,-21.542191038983592,1.1774182085124223,1.2040248327654735,100.0,71.84986595174263,False,108
ETH/USDT,breakout_atr_60_1.0,partial_breakeven,NOT ROBUST,0.0,1.2254488741693133,28.360939212617776,0.8680261106454087,32.28820656699531,-20.410567332189633,1.0976792495119279,0.9111284519494345,89.5,71.84986595174263,False,108
ETH/USDT,breakout_atr_60_1.0,partial_atr_trailing,NOT ROBUST,0.0,1.047089947360213,23.51041404492127,0.6798209419946741,24.990682587477806,-19.231636334833734,1.051107659577199,0.9458981579825166,93.5,71.84986595174263,False,108
ETH/USDT,breakout_atr_60_1.0,partial_chandelier,NOT ROBUST,0.0,0.7620126571257212,15.342761451451082,0.879028592137073,34.681733154292175,-19.179326050265765,0.9352769835922367,1.0035882554319486,93.5,68.52791878172589,False,114
ETH/USDT,breakout_atr_60_1.0,partial_donchian_runner,POTENTIALLY ROBUST,0.0,1.0320023319964422,25.15554018965622,1.244574707623183,59.36226735403067,-21.51273331381184,1.136552082679882,1.1330661834430296,99.5,71.65775401069519,False,108
ETH/USDT,breakout_atr_60_1.0,partial_ema_runner,NOT ROBUST,0.0,0.9905413644244229,22.065730974880292,0.8132245319656483,31.718263740606222,-20.508282884317232,1.1841421989254235,0.9791032204902383,95.5,65.0485436893204,False,117
ETH/USDT,breakout_atr_60_1.0,atr_grid_0.5_1.0,NOT ROBUST,1.0,0.7120271769878304,15.084008573377861,0.9839224243478278,40.91457318952247,-20.291735220794948,0.8667648858242162,0.9702754442686004,93.0,82.30563002680965,False,108
ETH/USDT,breakout_atr_60_1.0,atr_grid_1.0_2.0,POTENTIALLY ROBUST,1.0,1.0157094137026301,24.685656426592594,1.2622478482544022,60.50148699828624,-21.51273331381184,1.158741080901224,1.1930330446774238,100.0,71.84986595174263,False,108
ETH/USDT,breakout_atr_60_1.0,atr_grid_1.5_3.0,POTENTIALLY ROBUST,1.0,1.0391563465310476,27.08087783798099,1.2318619905366688,62.817473303321194,-21.480336736906914,1.1790436329863665,1.2331274747332857,100.0,64.07506702412869,False,108
ETH/USDT,breakout_atr_60_1.0,atr_grid_2.0_4.0,POTENTIALLY ROBUST,1.0,1.1337365607723209,31.859476542662613,1.2637881835657274,70.29662238340113,-20.644887347853924,1.2610245291179327,1.316924303691473,100.0,57.9088471849866,False,108
ETH/USDT,breakout_atr_60_1.0,fixed_pct_0.005_0.010,NOT ROBUST,1.0,0.6746422202790406,14.147077947888764,1.029228159921636,42.091665197599035,-16.553177759410175,0.7946839909211736,0.9407613915733124,92.0,80.9651474530831,False,108
ETH/USDT,breakout_atr_60_1.0,fixed_pct_0.010_0.020,NOT ROBUST,1.0,0.8667267809125272,20.2316176078166,1.1742917286837604,53.29508100827856,-18.67179213822506,1.0878009821836614,1.1895065419751116,99.0,72.38605898123325,False,108
ETH/USDT,breakout_atr_60_1.0,vol_normalized_0.50_0.75,POTENTIALLY ROBUST,1.0,1.010180157761881,38.178569193177616,1.519942708019862,128.80217031103598,-26.32581274464284,1.186337472331266,1.1851792316676275,99.5,0.2680965147453083,False,108
ETH/USDT,breakout_atr_60_1.0,vol_normalized_0.75_1.00,POTENTIALLY ROBUST,1.0,1.010180157761881,38.178569193177616,1.5218333650596074,129.40340716623257,-26.32581274464284,1.186337472331266,1.1877519063224082,99.5,0.0,False,108
ETH/USDT,breakout_atr_60_1.0,atr_dynamic_0.50_1.00,POTENTIALLY ROBUST,1.0,1.0621935435513556,26.32823467561025,1.175744088057171,56.79285469164592,-21.512875843924306,1.157336688421612,1.2060781035949117,99.5,72.11796246648794,False,108
ETH/USDT,breakout_atr_60_1.0,atr_dynamic_0.75_1.00,POTENTIALLY ROBUST,1.0,1.1214977438650686,28.76604858347762,1.0790718379200706,52.97871675108821,-21.384140156910604,1.121043483987492,1.2291854903732269,100.0,64.07506702412869,False,108
SOL/USDT,breakout_atr_60_1.0,runner_25_25_50,NOT ROBUST,0.0,-1.023114186716185,-31.868374346239648,0.44575436433996707,14.921516923421429,-21.143771423109637,-0.44400548815368,-0.5032701695973095,26.5,64.797507788162,False,96
SOL/USDT,breakout_atr_60_1.0,runner_33_33_34,NOT ROBUST,0.0,-1.1742107067520249,-32.05818882019512,0.34466820446737095,9.458786695973242,-19.364253956238684,-0.38307921518241655,-0.5695041075428855,27.500000000000004,64.797507788162,False,96
SOL/USDT,breakout_atr_60_1.0,runner_50_50,NOT ROBUST,0.0,-1.0433197485765222,-32.00387619808092,0.6418129152527972,24.51382329506513,-18.698810312316727,-0.35290709406199816,-0.37459307267586184,36.0,55.140186915887845,False,96
SOL/USDT,breakout_atr_60_1.0,runner_20_30_50,NOT ROBUST,0.0,-1.024183981915789,-32.32190376429074,0.4458693988397578,15.052605508272144,-21.65939814442297,-0.44950393925299587,-0.5033466324798558,28.000000000000004,64.797507788162,False,96
SOL/USDT,breakout_atr_60_1.0,partial_breakeven,NOT ROBUST,0.0,-0.8969476053726537,-25.535913033449898,0.7860766072056108,30.574116892786975,-18.327331759884192,-0.23575813894226516,-0.2606338523801165,39.5,64.797507788162,False,96
SOL/USDT,breakout_atr_60_1.0,partial_atr_trailing,NOT ROBUST,0.0,-0.9765904914659538,-29.364306841811327,0.2867716232701503,7.262293800017505,-22.574442378514835,-0.4614278679765531,-0.49578761743800537,29.5,64.797507788162,False,96
SOL/USDT,breakout_atr_60_1.0,partial_chandelier,NOT ROBUST,0.0,-1.0257422313408213,-30.59968153490261,0.38389089231246115,11.644436969322026,-23.21709532095899,-0.36882500951757224,-0.34529000296327683,35.0,62.17008797653959,False,105
SOL/USDT,breakout_atr_60_1.0,partial_donchian_runner,NOT ROBUST,0.0,-1.10671543959201,-33.80594676248846,0.3795365405339505,11.845953715983114,-20.65758171063694,-0.3811837429560826,-0.49484116503345094,25.5,64.39628482972137,False,98
SOL/USDT,breakout_atr_60_1.0,partial_ema_runner,NOT ROBUST,0.0,-1.140837317439428,-33.08066280412583,0.27319134937682765,6.778532489804512,-24.212081511164275,-0.41500657143174957,-0.5610771283011191,27.0,56.00000000000001,False,112
SOL/USDT,breakout_atr_60_1.0,atr_grid_0.5_1.0,NOT ROBUST,0.0,-1.1350159047611041,-31.087297988185092,0.33151444812812797,9.228686353382853,-20.956864246524777,-0.5575954598721988,-0.6211188296857728,19.0,76.01246105919003,False,96
SOL/USDT,breakout_atr_60_1.0,atr_grid_1.0_2.0,NOT ROBUST,0.0,-1.023114186716185,-31.868374346239648,0.44575436433996707,14.921516923421429,-21.143771423109637,-0.44400548815368,-0.5032701695973095,26.5,64.797507788162,False,96
SOL/USDT,breakout_atr_60_1.0,atr_grid_1.5_3.0,NOT ROBUST,0.0,-0.9508609655240646,-31.7852143627151,0.6937769231416728,28.85375787962832,-19.578827047008552,-0.3908245556262457,-0.3373262059079435,32.5,55.140186915887845,False,96
SOL/USDT,breakout_atr_60_1.0,atr_grid_2.0_4.0,NOT ROBUST,0.0,-0.8476636322512477,-31.060915007216995,0.695181443230828,30.75765694712398,-23.041217321698028,-0.38653206401170415,-0.3102001273051346,30.0,46.728971962616825,False,96
SOL/USDT,breakout_atr_60_1.0,fixed_pct_0.005_0.010,NOT ROBUST,0.0,-1.1401710120038202,-30.000422603616094,0.2806745521931532,7.035054131417362,-20.486890970298276,-0.7283798013382181,-0.6677134924519724,17.5,78.81619937694704,False,96
SOL/USDT,breakout_atr_60_1.0,fixed_pct_0.010_0.020,NOT ROBUST,0.0,-1.1113231888110415,-30.961638170324825,0.35527285561288335,10.396649243861255,-21.076593143043542,-0.6179154246658628,-0.6287184846667139,19.5,72.27414330218068,False,96
SOL/USDT,breakout_atr_60_1.0,vol_normalized_0.50_0.75,POTENTIALLY ROBUST,0.0,-0.6515573209245736,-32.45049891768746,0.6016414173470066,30.741287281755113,-28.972613309068883,-0.38603564169253624,-0.3224402545208507,23.5,0.0,False,96
SOL/USDT,breakout_atr_60_1.0,vol_normalized_0.75_1.00,POTENTIALLY ROBUST,0.0,-0.6515573209245736,-32.45049891768746,0.6016414173470066,30.741287281755113,-28.972613309068883,-0.38603564169253624,-0.3224402545208507,23.5,0.0,False,96
SOL/USDT,breakout_atr_60_1.0,atr_dynamic_0.50_1.00,NOT ROBUST,0.0,-0.9207995114723742,-33.08796081247438,0.5907897366411835,23.122439182682243,-19.885159531737738,-0.22007146567976665,-0.28787831418752036,30.0,55.140186915887845,False,96
SOL/USDT,breakout_atr_60_1.0,atr_dynamic_0.75_1.00,NOT ROBUST,0.0,-0.8313367779229884,-31.502379767432664,0.43429300920308106,15.32102429658373,-21.669856580740365,-0.32023509986650406,-0.3253949916153067,26.5,41.74454828660436,False,96
